Item ID,Created Time,Last Modified Time,Item Name,Sales Description,Selling Price,Sales Account,Is Returnable Item,Brand,Manufacturer,Package Weight,Package Length,Package Width,Package Height,Dimension Unit,Weight Unit,Is Receivable Service,Tax Name,Tax Percentage,Tax Type,Purchase Tax Name,Purchase Tax Percentage,Purchase Tax Type,Product Type,Source,Reference ID,Last Sync Time,Status,Unit,Unit Name,SKU,UPC,EAN,ISBN,Part Number,Purchase Price,Purchase Account,Purchase Description,Inventory Account,Inventory Valuation Method,Track Batches,Reorder Level,Preferred Vendor,Opening Stock,Opening Stock Value,Stock On Hand,Is Combo Product,Item Type,Sellable,Purchasable,Track Inventory,Category Name,Parent Category,CF.UoM,CF.Source URL,CF.Shopify status,CF.Shopify Collection,CF.Shopify var 1 - name,CF.Shopify var 1 - value,CF.Shopify var 2 - name,CF.Shopify var 2 - value,CF.Shopify var 3 - name,CF.Shopify var 3 - value,CF.SKU - new
5583220000000913180,2025-06-24 09:23:03,2026-01-29 17:05:17,6.0MM OSTEOTOME,,NGN 29900.00,Sales,false,Bicon,BICON,0.00,0.00,0.00,0.00,,,,,,,,,,goods,2,,,Active,pcs,Pieces,320-130-001,,,,,NGN 6164.00,Cost of Goods Sold,,Inventory Asset,fifo,false,1.00,BICON,1.00,NGN 6164.00,1.00,false,Inventory,true,true,true,130-Osteotomes,320-Implantology,Pieces,,,,,,,,,,180-130-001
5583220000000913656,2025-06-24 09:23:04,2026-01-29 16:44:50,1557 REGULAR LENGTH BUR,,NGN 810.00,Sales,false,Bicon,BICON,0.00,0.00,0.00,0.00,,,,,,,,,,goods,2,,,Active,pcs,Pieces,160-120-002,,,,,NGN 600.00,Cost of Goods Sold,,Inventory Asset,fifo,false,1.00,BICON,5.00,NGN 810.00,5.00,false,Inventory,true,true,true,120-Carbide Burs,160-Burs,Pieces,https://store.bicon.com/1557-regular-length-bur-5-260--155--701,,,,,,,,,130-200-001
5583220000000914129,2025-06-24 09:23:05,2026-01-29 16:45:55,11MM ABUTMENT CUTTING BURS,Test Description Plain Text,NGN 67400.00,Sales,false,Bicon,BICON,0.00,0.00,0.00,0.00,cm,kg,,,,,,,,goods,2,,,Active,pcs,Pieces,160-140-001,,,,,NGN 49910.15,Cost of Goods Sold,,Inventory Asset,fifo,false,1.00,BICON,3.00,NGN 49910.15,3.00,false,Inventory,true,true,true,140-Surgical Burs,160-Burs,Pieces,https://store.bicon.com/instrumentation/11mm-abutment-cutting-bur-260--201--011,,,,,,,,,240-250-001
5583220000000914602,2025-06-24 09:23:06,2026-01-29 08:47:31,1557 LATCH TYPE BUR,,NGN 4200.00,Sales,false,Bicon,BICON,0.00,0.00,0.00,0.00,,,,,,,,,,goods,2,,,Active,pcs,Pieces,160-120-001,,,,,NGN 782.00,Cost of Goods Sold,,Inventory Asset,fifo,false,1.00,BICON,5.00,NGN 782.00,5.00,false,Inventory,true,true,true,120-Carbide Burs,160-Burs,Pieces,,,,,,,,,,180-130-002
5583220000000915075,2025-06-24 09:23:07,2026-01-29 16:54:22,4.0MM LATCH REAMER,,NGN 119500.00,Sales,false,Bicon,BICON,0.00,0.00,0.00,0.00,,,,,,,,,,goods,2,,,Active,Pcs,,260-150-007,,,,,NGN 82110.24,Cost of Goods Sold,,Inventory Asset,fifo,false,1.00,BICON,2.00,NGN 75570.85,2.00,false,Inventory,true,true,true,150-Files & Reamers,260-Endodontics,Pieces,,,,,,,,,,180-130-003
5583220000000915548,2025-06-24 09:23:08,2026-01-29 16:54:29,4.5MM LATCH REAMER,,NGN 119500.00,Sales,false,Bicon,BICON,0.00,0.00,0.00,0.00,cm,kg,,,,,,,,goods,2,,,Active,Pcs,,260-150-010,,,,,NGN 88216.05,Cost of Goods Sold,cm,Inventory Asset,fifo,false,1.00,BICON,1.00,NGN 39968.23,1.00,false,Inventory,true,true,true,150-Files & Reamers,260-Endodontics,Pieces,,,,,,,,,,180-130-004
5583220000000916021,2025-06-24 09:23:09,2026-01-29 16:54:46,5.0MM LATCH REAMER,,NGN 119500.00,Sales,false,Bicon,BICON,0.00,0.00,0.00,0.00,,,,,,,,,,goods,2,,,Active,Pcs,,260-150-012,,,,,NGN 39968.22,Cost of Goods Sold,,Inventory Asset,fifo,false,1.00,BICON,1.00,NGN 39968.22,1.00,false,Inventory,true,true,true,150-Files & Reamers,260-Endodontics,Pieces,,,,,,,,,,180-130-005
5583220000000916494,2025-06-24 09:23:10,2026-01-29 16:54:55,5.5MM LATCH REAMER,,NGN 119500.00,Sales,false,Bicon,BICON,0.00,0.00,0.00,0.00,,,,,,,,,,goods,2,,,Active,Pcs,,260-150-016,,,,,NGN 39968.23,Cost of Goods Sold,,Inventory Asset,fifo,false,1.00,BICON,1.00,NGN 39968.23,1.00,false,Inventory,true,true,true,150-Files & Reamers,260-Endodontics,Pieces,,,,,,,,,,180-130-006
5583220000000916969,2025-06-24 09:23:12,2026-01-29 16:54:16,3.5MM LATCH REAMER,,NGN 125000.00,Sales,false,Bicon,BICON,0.00,0.00,0.00,0.00,,,,,,,,,,goods,2,,,Active,Pcs,,260-150-005,,,,,NGN 82110.24,Cost of Goods Sold,,Inventory Asset,fifo,false,1.00,BICON,1.00,NGN 82110.23,1.00,false,Inventory,true,true,true,150-Files & Reamers,260-Endodontics,Pieces,,,,,,,,,,180-130-007
5583220000000917442,2025-06-24 09:23:13,2026-01-29 16:54:06,2.5MM LATCH REAMER,,NGN 125000.00,Sales,false,Bicon,BICON,0.00,0.00,0.00,0.00,,,,,,,,,,goods,2,,,Active,Pcs,,260-150-001,,,,,NGN 39968.23,Cost of Goods Sold,,Inventory Asset,fifo,false,1.00,BICON,1.00,NGN 39968.23,0.00,false,Inventory,true,true,true,150-Files & Reamers,260-Endodontics,Pieces,,,,,,,,,,180-130-008
5583220000000917915,2025-06-24 09:23:14,2026-01-29 16:54:14,3.0MM LATCH REAMER,,NGN 125000.00,Sales,false,Bicon,BICON,0.00,0.00,0.00,0.00,,,,,,,,,,goods,2,,,Active,Pcs,,260-150-004,,,,,NGN 60462.37,Cost of Goods Sold,,Inventory Asset,fifo,false,1.00,BICON,1.00,NGN 60462.35,1.00,false,Inventory,true,true,true,150-Files & Reamers,260-Endodontics,Pieces,,,,,,,,,,180-130-009
5583220000000918388,2025-06-24 09:23:15,2026-01-29 16:54:59,6.0MM LATCH REAMER,,NGN 125000.00,Sales,false,Bicon,BICON,0.00,0.00,0.00,0.00,,,,,,,,,,goods,2,,,Active,Pcs,,260-150-018,,,,,NGN 39968.23,Cost of Goods Sold,,Inventory Asset,fifo,false,1.00,BICON,1.00,NGN 39968.23,1.00,false,Inventory,true,true,true,150-Files & Reamers,260-Endodontics,Pieces,,,,,,,,,,180-130-010
5583220000000918861,2025-06-24 09:23:16,2026-01-29 16:54:10,3.0MM EXTENDED LATCH REAMER,,NGN 12481.47,Sales,false,Bicon,BICON,0.00,0.00,0.00,0.00,,,,,,,,,,goods,2,,,Active,pcs,Pieces,260-150-002,,,,,NGN 12481.47,Cost of Goods Sold,,Inventory Asset,fifo,false,1.00,BICON,1.00,NGN 12481.47,1.00,false,Inventory,true,true,true,150-Files & Reamers,260-Endodontics,Pieces,,,,,,,,,,180-130-011
5583220000000919334,2025-06-24 09:23:17,2026-01-29 08:56:48,DURALAY P&S 20z RED,,NGN 55100.00,Sales,false,,,0.00,0.00,0.00,0.00,,,,,,,,,,goods,2,,,Active,pcs,Pieces,520-210-004,,,,,NGN 40809.13,Cost of Goods Sold,,Inventory Asset,fifo,false,1.00,,1.00,NGN 40809.13,1.00,false,Inventory,true,true,true,210-Temporary Filling Materials,520-Restorative,Pieces,,,,,,,,,,250-130-001
5583220000000919807,2025-06-24 09:23:18,2026-01-29 08:54:06,DURALAY PIN,,NGN 7500.00,Sales,false,,,0.00,0.00,0.00,0.00,,,,,,,,,,goods,2,,,Active,pcs,Pieces,520-210-005,,,,,NGN 1840.740741,Cost of Goods Sold,,Inventory Asset,fifo,false,1.00,,3.00,NGN 2485.00,3.00,false,Inventory,true,true,true,210-Temporary Filling Materials,520-Restorative,Pieces,,,,,,,,,,250-130-002
5583220000000920294,2025-06-24 09:23:19,2026-01-29 17:20:51,SNAP LIQUID (MONOMER),,NGN 95700.00,Sales,false,PARKELL,PARKELL,0.00,0.00,0.00,0.00,cm,kg,,,,,,,,goods,2,,,Active,Bottle(s),,380-120-001,,,,,NGN 63589.44,Cost of Goods Sold,,Inventory Asset,fifo,false,1.00,,7.00,NGN 55333.82,6.00,false,Inventory,true,true,true,120-Acrylics & Resins,380-Lab Products,Pieces,,,,,,,,,,250-130-003
5583220000000920767,2025-06-24 09:23:20,2026-01-29 17:20:56,SNAP POWDER SHADE 61,,NGN 98250.00,Sales,false,SNAP,PARKELL,0.00,0.00,0.00,0.00,cm,kg,,,,,,,,goods,2,,,Active,Bottle(s),,380-120-003,,,,,NGN 78537.42,Cost of Goods Sold,,Inventory Asset,fifo,false,1.00,,4.00,NGN 59588.72,7.00,false,Inventory,true,true,true,120-Acrylics & Resins,380-Lab Products,Pieces,,,,,,,,,,250-130-004
5583220000000921240,2025-06-24 09:23:21,2026-01-29 17:20:58,SNAP POWDER SHADE 62,,NGN 98250.00,Sales,false,SNAP,PARKELL,0.00,0.00,0.00,0.00,cm,kg,,,,,,,,goods,2,,,Active,Bottle(s),,380-120-004,,,,,NGN 61375.38,Cost of Goods Sold,,Inventory Asset,fifo,false,1.00,,10.00,NGN 55823.83,8.00,false,Inventory,true,true,true,120-Acrylics & Resins,380-Lab Products,Pieces,,,,,,,,,,250-130-005
5583220000000921713,2025-06-24 09:23:22,2026-01-29 17:21:00,SNAP POWDER SHADE 65,,NGN 98250.00,Sales,false,SNAP,PARKELL,0.00,0.00,0.00,0.00,cm,kg,,,,,,,,goods,2,,,Active,Bottle(s),,380-120-005,,,,,NGN 65428.98,Cost of Goods Sold,,Inventory Asset,fifo,false,1.00,,4.00,NGN 59588.73,8.00,false,Inventory,true,true,true,120-Acrylics & Resins,380-Lab Products,Pieces,,,,,,,,,,250-130-006
5583220000000922186,2025-06-24 09:23:23,2026-01-29 17:21:02,SNAP POWDER SHADE 69,,NGN 98250.00,Sales,false,SNAP,PARKELL,0.00,0.00,0.00,0.00,cm,kg,,,,,,,,goods,2,,,Active,Bottle(s),,380-120-006,,,,,NGN 43588.24,Cost of Goods Sold,,Inventory Asset,fifo,false,1.00,,3.00,NGN 43588.25,1.00,false,Inventory,true,true,true,120-Acrylics & Resins,380-Lab Products,Pieces,,,,,,,,,,250-130-007
5583220000000922677,2025-06-24 09:23:25,2026-01-30 17:20:23,ASPIRATING SYRINGE-UNODENT,"UnoDent Aspirating Cartridge Syringe, Breech Loading 1.8ml. Stainless steel.",NGN 34500.00,Sales,false,UnoDent,DENTAL DIRECTORY,0.00,0.00,0.00,0.00,cm,kg,,,,,,,,goods,2,,,Active,pcs,Pieces,100-150-001,,,,,NGN 25484.35,Cost of Goods Sold,,Inventory Asset,fifo,false,1.00,DENTAL DIRECTORY,7.00,NGN 23552.95,7.00,false,Inventory,true,true,true,150-Syringes,100-Anaesthetics,Pieces,https://www.bfmulholland.com/anaesthetics-and-pharmaceuticals-c3/syringes-c31/cartridge-syringes-c39/unodent-aspirating-cartridge-syringe-breech-loading-1-8ml-p16006,Queue for Upload,UnoDent Syringes,,,,,,,110-300-001
5583220000000923150,2025-06-24 09:23:26,2026-01-30 14:29:17,DENTAL NEEDLES-MONOJECT-LONG,Monoject Dental Needles 27 Gauge Long (Yellow). Polypropylene Hub. Sterile. 100/Box.,NGN 40200.00,Sales,false,Monoject,Cardinal Health,0.00,0.00,0.00,0.00,,,,,,,,,,goods,2,,,Active,pcs,Pieces,100-140-001,,,,,NGN 23516.80,Cost of Goods Sold,,Inventory Asset,fifo,false,1.00,,1.00,NGN 22495.79,3.00,false,Inventory,true,true,true,140-Needles,100-Anaesthetics,Pieces,https://www.net32.com/ec/monoject-400-27g-long-125-sterile-disposable-d-40888,Queue for Upload,Monoject Dental Needles,Type,27G Yellow Long,,,,,110-400-001
5583220000000923623,2025-06-24 09:23:27,2026-01-30 14:29:28,DENTAL NEEDLES-MONOJECT-X-SHOR,Monoject Dental Needles 30 Gauge Extra-Short (Blue). For intraligamentary injections. 100/Box.,NGN 40200.00,Sales,false,Monoject,Cardinal Health,0.00,0.00,0.00,0.00,cm,kg,,,,,,,,goods,2,,,Active,Pack(s),,100-140-003,,,,,NGN 23600.42,Cost of Goods Sold,,Inventory Asset,fifo,false,1.00,,15.00,NGN 20918.07,26.00,false,Inventory,true,true,true,140-Needles,100-Anaesthetics,Pieces,https://www.net32.com/ec/monoject-400-30-gauge-xshort-50-sterile-d-126437,Queue for Upload,Monoject Dental Needles,Type,30G Blue X-Short,,,,,110-400-002
5583220000000924096,2025-06-24 09:23:28,2026-01-30 14:29:34,NEEDLE GARD II AUTOCLAVABLE,Needle Gard II (Conta-Guard) Autoclavable Needle Recapping Device/Stand. Protects against needle stick injuries.,NGN 9050.00,Sales,false,Needle Gard,RØNVIG Dental,0.00,0.00,0.00,0.00,,,,,,,,,,goods,2,,,Active,pcs,Pieces,100-140-004,,,,,NGN 3626.05,Cost of Goods Sold,,Inventory Asset,fifo,false,1.00,,2.00,NGN 3626.05,2.00,false,Inventory,true,true,true,140-Needles,100-Anaesthetics,Pieces,https://ronvig.com/products/protection/conta-guard/,Queue for Upload,Needle Gard II,Color,Standard (Blue/White),,,,,250-400-001
5583220000000924569,2025-06-24 09:23:29,2026-01-30 14:29:23,DENTAL NEEDLES-MONOJECT-SHOR,Monoject Dental Needles 30 Gauge Short (Blue). Polypropylene Hub. Sterile. 100/Box.,NGN 40200.00,Sales,false,Monoject,Cardinal Health,0.00,0.00,0.00,0.00,cm,kg,,,,,,,,goods,2,,,Active,Pack(s),,100-140-002,,,,,NGN 23036.02,Cost of Goods Sold,,Inventory Asset,fifo,false,1.00,,33.00,NGN 18330.62,44.00,false,Inventory,true,true,true,140-Needles,100-Anaesthetics,Pieces,https://www.net32.com/ec/monoject-400-30-gauge-short-75-sterile-d-40891,Queue for Upload,Monoject Dental Needles,Type,30G Blue Short,,,,,110-400-003
5583220000000925042,2025-06-24 09:23:31,2026-01-29 08:53:14,TOPICAL GEL (BUBBLE GUM)- PEAR,,NGN 13500.00,Sales,false,Pearson Dental,PEARSON DENTAL,0.00,0.00,0.00,0.00,,,,,,,,,,goods,2,,,Active,pcs,Pieces,480-120-005,,,,,NGN 9406.72,Cost of Goods Sold,,Inventory Asset,fifo,false,1.00,,17.00,NGN 8998.30,16.00,false,Inventory,true,true,true,120-Fluoride Gels & Varnishes,480-Preventive Products,Pieces,,,,,,,,,,110-200-001
5583220000000925515,2025-06-24 09:23:32,2026-01-29 08:53:13,TOPICAL GEL (PINA COLADA)- PEA,,NGN 13500.00,Sales,false,Pearson Dental,PEARSON DENTAL,0.00,0.00,0.00,0.00,,,,,,,,,,goods,2,,,Active,pcs,Pieces,480-120-009,,,,,NGN 8998.30,Cost of Goods Sold,,Inventory Asset,fifo,false,1.00,,12.00,NGN 8998.29,0.00,false,Inventory,true,true,true,120-Fluoride Gels & Varnishes,480-Preventive Products,Pieces,,,,,,,,,,110-200-002
5583220000000925988,2025-06-24 09:23:33,2026-01-29 08:53:12,TOPICAL GEL-CHERRY-PAC DENT,,NGN 13500.00,Sales,false,Pearson Dental,PEARSON DENTAL,0.00,0.00,0.00,0.00,,,,,,,,,,goods,2,,,Active,pcs,Pieces,480-120-013,,,,,NGN 4256.63,Cost of Goods Sold,,Inventory Asset,fifo,false,1.00,,5.00,NGN 4256.65,0.00,false,Inventory,true,true,true,120-Fluoride Gels & Varnishes,480-Preventive Products,Pieces,,,,,,,,,,140-200-001
5583220000000926461,2025-06-24 09:23:33,2026-01-30 17:20:34,LIGMAJECT II METAL BARREL,Ligmaject II Intraligamental Syringe. Specialized pressure syringe for periodontal ligament anesthesia.,NGN 16660.57,Sales,false,Septodont,SEPTODONT,0.00,0.00,0.00,0.00,,,,,,,,,,goods,2,,,Active,pcs,Pieces,100-150-004,,,,,NGN 16660.57,Cost of Goods Sold,,Inventory Asset,fifo,false,1.00,,1.00,NGN 16660.57,1.00,false,Inventory,true,true,true,150-Syringes,100-Anaesthetics,Pieces,https://www.septodontusa.com/products/ligmaject/,Queue for Upload,Septodont Syringes,,,,,,,110-600-001
5583220000000926934,2025-06-24 09:23:34,2026-01-30 12:43:21,LIGNOSPAN 2% RED 1:100,"Lignospan Standard (Lidocaine HCl 2% with Epinephrine 1:100,000). 1.7ml cartridges. 50/Box.",NGN 159100.00,Sales,false,Septodont,SEPTODONT,0.00,0.00,0.00,0.00,cm,kg,,,,,,,,goods,2,,,Active,Pack(s),,100-130-002,,,,,NGN 117772.16,Cost of Goods Sold,,Inventory Asset,fifo,false,1.00,,1.00,NGN 105820.03,117.00,false,Inventory,true,true,true,130-Local Anaesthetics,100-Anaesthetics,Pack,https://www.septodontusa.com/product/pain-management-lignospan-standard/,Queue for Upload,Septodont Local Anaesthetics,Type,2% Red (1:100k Epi),,,,,110-100-001
5583220000000927407,2025-06-24 09:23:36,2026-01-29 08:53:13,TOPICAL GEL( RASPBERRY) PEARSO,,NGN 13500.00,Sales,false,Pearson Dental,PEARSON DENTAL,0.00,0.00,0.00,0.00,,,,,,,,,,goods,2,,,Active,pcs,Pieces,480-120-011,,,,,NGN 8998.30,Cost of Goods Sold,,Inventory Asset,fifo,false,1.00,,40.00,NGN 7908.79,0.00,false,Inventory,true,true,true,120-Fluoride Gels & Varnishes,480-Preventive Products,Pieces,,,,,,,,,,140-200-002
5583220000000927880,2025-06-24 09:23:37,2026-01-29 08:53:12,TOPICAL GEL( STRAWBERRY) PEARS,,NGN 13500.00,Sales,false,Pearson Dental,PEARSON DENTAL,0.00,0.00,0.00,0.00,,,,,,,,,,goods,2,,,Active,pcs,Pieces,480-120-012,,,,,NGN 8998.30,Cost of Goods Sold,,Inventory Asset,fifo,false,1.00,,30.00,NGN 8524.53,0.00,false,Inventory,true,true,true,120-Fluoride Gels & Varnishes,480-Preventive Products,Pieces,,,,,,,,,,140-200-003
5583220000000928353,2025-06-24 09:23:38,2026-01-26 13:04:20,SEPTOCAINE W/EP 1:200 (50) secondary,,NGN 142792.9467,Sales,false,Pearson Dental,PEARSON DENTAL,0.00,0.00,0.00,0.00,cm,kg,,,,,,,,goods,2,,,Inactive,pcs,Pieces,null,,,,,NGN 105772.5531,Cost of Goods Sold,cm,Inventory Asset,fifo,false,1.00,,3.00,NGN 142792.95,0.00,false,Inventory,true,true,true,,,Pieces,,,,,,,,,,110-100-002
5583220000000928826,2025-06-24 09:23:39,2026-01-29 08:53:14,FLUORIDE GEL CHERRY (GELATO),"Buy Ionite APF (Dharma) at Pearson Dental Supply for the Best Price, Highest Quality, Superior Customer Service. 800-535-4535",NGN 45700.00,Sales,false,Pearson Dental,PEARSON DENTAL,0.00,0.00,0.00,0.00,,,,,,,,,,goods,2,,,Active,pcs,Pieces,480-120-006,,,,,NGN 32293.88,Cost of Goods Sold,,Inventory Asset,fifo,false,1.00,,1.00,NGN 32293.88,0.00,false,Inventory,true,true,true,120-Fluoride Gels & Varnishes,480-Preventive Products,Pieces,https://www.pearsondental.com/catalog/product.asp?majcatid=1347&catid=6631&subcatid=32593&pid=86815,,,,,,,,,190-500-001
5583220000000929299,2025-06-24 09:23:40,2026-01-29 08:53:13,FLUORIDE GEL S. BERRY (GELATO),"Buy Ionite APF (Dharma) at Pearson Dental Supply for the Best Price, Highest Quality, Superior Customer Service. 800-535-4535",NGN 45700.00,Sales,false,Pearson Dental,PEARSON DENTAL,0.00,0.00,0.00,0.00,,,,,,,,,,goods,2,,,Active,pcs,Pieces,480-120-007,,,,,NGN 32293.88,Cost of Goods Sold,,Inventory Asset,fifo,false,1.00,,1.00,NGN 32293.88,0.00,false,Inventory,true,true,true,120-Fluoride Gels & Varnishes,480-Preventive Products,Pieces,https://www.pearsondental.com/catalog/product.asp?majcatid=1347&catid=6631&subcatid=32593&pid=86815,,,,,,,,,190-500-002
5583220000000929772,2025-06-24 09:23:41,2026-01-29 08:53:13,TOPICAL GEL (CHERRY) PEARSON,,NGN 13500.00,Sales,false,Pearson Dental,PEARSON DENTAL,0.00,0.00,0.00,0.00,cm,kg,,,,,,,,goods,2,,,Active,pcs,Pieces,480-120-008,,,,,NGN 9406.72,Cost of Goods Sold,,Inventory Asset,fifo,false,1.00,,20.00,NGN 8998.30,20.00,false,Inventory,true,true,true,120-Fluoride Gels & Varnishes,480-Preventive Products,Pieces,,,,,,,,,,110-200-003
5583220000000930247,2025-06-24 09:23:42,2026-01-30 15:48:57,TRANSCOJECT NEEDLES 25G SHORT,Transcoject Painless Steel Injection Needles 25 Gauge Short (Red). 100/Box.,NGN 17500.00,Sales,false,Transcodent,medmix (Transcodent),0.00,0.00,0.00,0.00,,,,,,,,,,goods,2,,,Active,pcs,Pieces,100-140-006,,,,,NGN 10503.66,Cost of Goods Sold,,Inventory Asset,fifo,false,1.00,,20.00,NGN 10503.66,14.00,false,Inventory,true,true,true,140-Needles,100-Anaesthetics,Pieces,https://www.medmix.swiss/en-us/products/transcodent,Queue for Upload,Transcoject Painless Steel,Type,25G Red Short,,,,,190-500-003
5583220000000930720,2025-06-24 09:23:43,2026-01-30 17:20:30,DEPH SYRINGE CARTRIDGE ASPIRAT,"DEHP Syringe Cartridge Self-Aspirating 2.2ml ECO. Side-loading, harpoon-less design.",NGN 35800.00,Sales,false,DEHP,DE Healthcare Products,0.00,0.00,0.00,0.00,,,,,,,,,,goods,2,,,Active,pcs,Pieces,100-150-003,,,,,NGN 26504.97,Cost of Goods Sold,,Inventory Asset,fifo,false,1.00,,2.00,NGN 26504.97,2.00,false,Inventory,true,true,true,150-Syringes,100-Anaesthetics,Pieces,https://www.henryschein.ie/dental-ie/p/syringes-dental/cartridge-syringes-reusable/dehp-syringe-cartridge-self-aspirating-2-2ml-eco/9792607,Queue for Upload,DEHP Syringes,,,,,,,110-300-002
5583220000000931207,2025-06-24 09:23:45,2026-01-29 08:49:08,ARTICULATING PAPER - HANEL,,NGN 14500.00,Sales,false,Coltene,COLTENE,0.00,0.00,0.00,0.00,cm,kg,,,,,,,,goods,2,,,Active,pcs,Pieces,520-120-001,,,,,NGN 10653.77,Cost of Goods Sold,,Inventory Asset,fifo,false,1.00,COLTENE,45.00,NGN 8118.82,37.00,false,Inventory,true,true,true,120-Articulating Materials,520-Restorative,Pieces,,,,,,,,,,300-800-001
5583220000000931680,2025-06-24 09:23:46,2026-01-29 17:02:13,ARTICULATOR WITH MAGNETIC PLAT,,NGN 27947.47333,Sales,false,,,0.00,0.00,0.00,0.00,,,,,,,,,,goods,2,,,Active,pcs,Pieces,280-130-003,,,,,NGN 27947.47,Cost of Goods Sold,,Inventory Asset,fifo,false,1.00,,3.00,NGN 27947.47,3.00,false,Inventory,true,true,true,130-Lab Equipment,280-Equipment,Pieces,,,,,,,,,,230-400-001
5583220000000932153,2025-06-24 09:23:47,2026-01-29 17:02:07,APEX#2 ARTICULATOR CHROME G075,,NGN 69869.77,Sales,false,,,0.00,0.00,0.00,0.00,,,,,,,,,,goods,2,,,Active,pcs,Pieces,280-130-001,,,,,NGN 69869.78,Cost of Goods Sold,,Inventory Asset,fifo,false,1.00,,2.00,NGN 69869.77,2.00,false,Inventory,true,true,true,130-Lab Equipment,280-Equipment,Pieces,,,,,,,,,,230-400-002
5583220000000932626,2025-06-24 09:23:48,2026-01-29 08:47:28,SYNTHOGRAFT 1.0G (500-1000),,NGN 150100.00,Sales,false,Bicon,BICON,0.00,0.00,0.00,0.00,cm,kg,,,,,,,,goods,2,,,Active,Each,,140-110-004,,,,,NGN 102887.31,Cost of Goods Sold,,Inventory Asset,fifo,false,1.00,BICON,15.00,NGN 107707.12,16.00,false,Inventory,true,true,true,110-Bone Substitutes,140-Biomaterials,Pieces,,,,,,,,,,120-100-001
5583220000000933099,2025-06-24 09:23:49,2026-01-29 16:44:20,15X20MM RESORBABLE MEMBRANE,,NGN 224500.00,Sales,false,Bicon,BICON,0.00,0.00,0.00,0.00,,,,,,,,,,goods,2,,,Active,pcs,Pieces,140-120-001,,,,,NGN 166214.31,Cost of Goods Sold,,Inventory Asset,fifo,false,1.00,BICON,3.00,NGN 186963.17,6.00,false,Inventory,true,true,true,120-Resorbable Membranes,140-Biomaterials,Pieces,https://store.bicon.com/regenerative/15-x-20mm-resorbable-collagen-membrane-260--509--600,,,,,,,,,120-200-001
5583220000000933572,2025-06-24 09:23:51,2026-01-29 08:47:28,20X30MM RESORBABLE MEMBRANE,,NGN 245900.00,Sales,false,Bicon,BICON,0.00,0.00,0.00,0.00,cm,kg,,,,,,,,goods,2,,,Active,pcs,Pieces,140-120-002,,,,,NGN 177633.50,Cost of Goods Sold,,Inventory Asset,fifo,false,1.00,BICON,4.00,NGN 196378.23,0.00,false,Inventory,true,true,true,120-Resorbable Membranes,140-Biomaterials,Pieces,,,,,,,,,,120-200-002
5583220000000934063,2025-06-24 09:23:52,2026-01-26 12:45:19,BIO-GIDE,,NGN 317388.77,Sales,false,GEISTLICH PHARMA PC,GEISTLICH PHARMA PC,0.00,0.00,0.00,0.00,cm,kg,,,,,,,,goods,2,,,Inactive,pcs,Pieces,null,,,,,NGN 235102.7926,Cost of Goods Sold,,Inventory Asset,fifo,false,1.00,GEISTLICH PHARMA PC,5.00,NGN 317388.77,0.00,false,Inventory,true,true,true,,,Pieces,,,,,,,,,,120-200-003
5583220000000934536,2025-06-24 09:23:53,2026-01-29 08:47:28,BIO-OSS - 0.5GM,,NGN 271500.00,Sales,false,GEISTLICH PHARMA PC,GEISTLICH PHARMA PC,0.00,0.00,0.00,0.00,cm,kg,,,,,,,,goods,2,,,Active,pcs,Pieces,140-110-001,,,,,NGN 201058.17,Cost of Goods Sold,,Inventory Asset,fifo,false,1.00,GEISTLICH PHARMA PC,4.00,NGN 76856.96,5.00,false,Inventory,true,true,true,110-Bone Substitutes,140-Biomaterials,Pieces,,,,,,,,,,120-100-002
5583220000000935027,2025-06-24 09:23:54,2026-01-29 08:47:28,ETHOSS 0.5CC SYNTHETIC BONE,,NGN 490200.00,Sales,false,ETHOSS DENTAL,ETHOSS DENTAL,0.00,0.00,0.00,0.00,cm,kg,,,,,,,,goods,2,,,Active,Unit(s),,140-110-002,,,,,NGN 363047.73,Cost of Goods Sold,,Inventory Asset,fifo,false,1.00,ETHOSS DENTAL,5.00,NGN 351417.63,7.00,false,Inventory,true,true,true,110-Bone Substitutes,140-Biomaterials,Pieces,,,,,,,,,,120-100-003
5583220000000935500,2025-06-24 09:23:56,2026-01-29 08:47:28,ETHOSS 1CC SYNTHETIC BONE,,NGN 649760.00,Sales,false,ETHOSS DENTAL,ETHOSS DENTAL,0.00,0.00,0.00,0.00,cm,kg,,,,,,,,goods,2,,,Active,Unit(s),,140-110-003,,,,,NGN 481298.42,Cost of Goods Sold,,Inventory Asset,fifo,false,1.00,ETHOSS DENTAL,3.00,NGN 474390.08,8.00,false,Inventory,true,true,true,110-Bone Substitutes,140-Biomaterials,Pieces,,,,,,,,,,120-100-004
5583220000000935973,2025-06-24 09:23:57,2026-01-29 08:47:30,BUR CLEANING BRUSH - METAL,,NGN 7200.00,Sales,false,ETHOSS DENTAL,ETHOSS DENTAL,0.00,0.00,0.00,0.00,cm,kg,,,,,,,,goods,2,,,Active,pcs,Pieces,160-110-004,,,,,NGN 2674.36,Cost of Goods Sold,,Inventory Asset,fifo,false,1.00,ETHOSS DENTAL,2.00,NGN 2674.36,2.00,false,Inventory,true,true,true,110-Accessories,160-Burs,Pieces,,,,,,,,,,130-900-001
5583220000000936446,2025-06-24 09:23:58,2026-01-29 16:44:40,BUR DISINFECTING BOX,"DD offer a full range of burs including sterile diamond burs, gold diamond burs , twister diamond burs, steel burs and Tungsten carbide burs in FG, RA and HP fittings.",NGN 24900.00,Sales,false,UnoDent,UNODENT,0.00,0.00,0.00,0.00,cm,kg,,,,,,,,goods,2,,,Active,Each,,160-110-005,,,,,NGN 18397.10,Cost of Goods Sold,,Inventory Asset,fifo,false,1.00,,1.00,NGN 5996.18,3.00,false,Inventory,true,true,true,110-Accessories,160-Burs,Pieces,https://www.ddgroup.com/burs/bur-holders/bxu010--bur-disinfecting-box-white-plastic/,Queue for Upload,,,,,,,,540-110-001
5583220000000936919,2025-06-24 09:23:59,2026-01-29 08:47:30,BUR HOLDER METAL MESH,,NGN 12500.00,Sales,false,,,0.00,0.00,0.00,0.00,cm,kg,,,,,,,,goods,2,,,Active,pcs,Pieces,160-110-006,,,,,NGN 6113.60,Cost of Goods Sold,,Inventory Asset,fifo,false,1.00,,1.00,NGN 6113.60,1.00,false,Inventory,true,true,true,110-Accessories,160-Burs,Pieces,,,,,,,,,,130-900-003
5583220000000937392,2025-06-24 09:24:01,2026-01-29 08:47:29,BUR CLEANER - PULIMANT,,NGN 6700.00,Sales,false,,,0.00,0.00,0.00,0.00,cm,kg,,,,,,,,goods,2,,,Active,pcs,Pieces,160-110-003,,,,,NGN 2260.77,Cost of Goods Sold,,Inventory Asset,fifo,false,1.00,,2.00,NGN 2260.77,2.00,false,Inventory,true,true,true,110-Accessories,160-Burs,Pieces,,,,,,,,,,130-900-004
5583220000000937865,2025-06-24 09:24:02,2026-01-29 08:47:29,BUR BLOCK - LARGE - ROUND-BLUE,,NGN 12500.00,Sales,false,,,0.00,0.00,0.00,0.00,cm,kg,,,,,,,,goods,2,,,Active,pcs,Pieces,160-110-001,,,,,NGN 7638.56,Cost of Goods Sold,,Inventory Asset,fifo,false,1.00,,2.00,NGN 7638.55,2.00,false,Inventory,true,true,true,110-Accessories,160-Burs,Pieces,,,,,,,,,,130-900-005
5583220000000938338,2025-06-24 09:24:03,2026-01-29 08:47:29,BUR BLOCK - LID - ROUND-BLUE,,NGN 10100.00,Sales,false,,,0.00,0.00,0.00,0.00,cm,kg,,,,,,,,goods,2,,,Active,pcs,Pieces,160-110-002,,,,,NGN 7098.66,Cost of Goods Sold,,Inventory Asset,fifo,false,1.00,,2.00,NGN 7098.66,2.00,false,Inventory,true,true,true,110-Accessories,160-Burs,Pieces,,,,,,,,,,130-900-006
5583220000000938811,2025-06-24 09:24:04,2026-01-29 08:45:38,CLIP CLAP (KLIPP-KLAPP),,NGN 12500.00,Sales,false,,,0.00,0.00,0.00,0.00,,,,,,,,,,goods,2,,,Active,pcs,Pieces,580-150-001,,,,,NGN 3622.40,Cost of Goods Sold,,Inventory Asset,fifo,false,1.00,,3.00,NGN 3622.40,0.00,false,Inventory,true,true,true,150-Ultrasonic Cleaners,580-Sterilisation,Pieces,,,,,,,,,,250-400-002
5583220000000939284,2025-06-24 09:24:05,2026-01-29 08:47:31,BURS - CARBIDE FG 558,,NGN 3800.00,Sales,false,,,0.00,0.00,0.00,0.00,cm,kg,,,,,,,,goods,2,,,Active,pcs,Pieces,160-120-004,,,,,NGN 250.00,Cost of Goods Sold,,Inventory Asset,fifo,false,1.00,,37.00,NGN 250.00,37.00,false,Inventory,true,true,true,120-Carbide Burs,160-Burs,Pieces,,,,,,,,,,130-200-002
5583220000000939757,2025-06-24 09:24:06,2026-01-29 08:47:31,BURS - CARBIDE FG GW2,,NGN 11500.00,Sales,false,,,0.00,0.00,0.00,0.00,cm,kg,,,,,,,,goods,2,,,Active,pcs,Pieces,160-120-005,,,,,NGN 8487.58,Cost of Goods Sold,,Inventory Asset,fifo,false,1.00,,72.00,NGN 5392.66,135.00,false,Inventory,true,true,true,120-Carbide Burs,160-Burs,Pieces,,,,,,,,,,130-200-003
5583220000000940230,2025-06-24 09:24:07,2026-01-29 09:04:35,BURS - SSW RA-3 - SLOW ROUND,,NGN 496.263125,Sales,false,,,0.00,0.00,0.00,0.00,cm,kg,,,,,,,,goods,2,,,Active,Pack(s),,160-140-003,,,,,NGN 496.26,Cost of Goods Sold,,Inventory Asset,fifo,false,1.00,,16.00,NGN 496.26,16.00,false,Inventory,true,true,true,140-Surgical Burs,160-Burs,Pieces,,,,,,,,,,130-200-004
5583220000000940703,2025-06-24 09:24:08,2026-01-29 09:04:35,BURS - SSW RA-5 - SLOW ROUND,,NGN 1122.626667,Sales,false,,,0.00,0.00,0.00,0.00,,,,,,,,,,goods,2,,,Active,Pack(s),,160-140-004,,,,,NGN 1122.63,Cost of Goods Sold,,Inventory Asset,fifo,false,1.00,,3.00,NGN 1122.63,3.00,false,Inventory,true,true,true,140-Surgical Burs,160-Burs,Pieces,,,,,,,,,,130-200-005
5583220000000941176,2025-06-24 09:24:09,2026-01-29 09:04:35,BURS - SSW RA-8 - SLOW ROUND,,NGN 4750.00,Sales,false,,,0.00,0.00,0.00,0.00,cm,kg,,,,,,,,goods,2,,,Active,Pack(s),,160-140-005,,,,,NGN 983.87,Cost of Goods Sold,,Inventory Asset,fifo,false,1.00,,46.00,NGN 983.87,38.00,false,Inventory,true,true,true,140-Surgical Burs,160-Burs,Pieces,,,,,,,,,,130-200-006
5583220000000941649,2025-06-24 09:24:10,2026-01-29 08:47:31,BURS - CARBIDE HP8,,NGN 500.138333,Sales,false,,,0.00,0.00,0.00,0.00,,,,,,,,,,goods,2,,,Active,pcs,Pieces,160-120-006,,,,,NGN 500.14,Cost of Goods Sold,,Inventory Asset,fifo,false,1.00,,18.00,NGN 500.14,18.00,false,Inventory,true,true,true,120-Carbide Burs,160-Burs,Pieces,,,,,,,,,,130-200-007
5583220000000942122,2025-06-24 09:24:11,2026-01-29 08:47:32,SSW FG BURS #1557,,NGN 4200.00,Sales,false,,,0.00,0.00,0.00,0.00,cm,kg,,,,,,,,goods,2,,,Active,pcs,Pieces,160-120-008,,,,,NGN 532.53,Cost of Goods Sold,,Inventory Asset,fifo,false,1.00,,12.00,NGN 532.53,12.00,false,Inventory,true,true,true,120-Carbide Burs,160-Burs,Pieces,,,,,,,,,,340-200-001
5583220000000942597,2025-06-24 09:24:13,2026-01-29 09:04:34,HI-DI DIAMOND BUR FG 650 XF,,NGN 1856.1225,Sales,false,,,0.00,0.00,0.00,0.00,,,,,,,,,,goods,2,,,Active,pcs,Pieces,160-130-006,,,,,NGN 1856.12,Cost of Goods Sold,,Inventory Asset,fifo,false,1.00,,8.00,NGN 1856.12,8.00,false,Inventory,true,true,true,130-Diamond Burs,160-Burs,Pieces,,,,,,,,,,130-100-001
5583220000000943072,2025-06-24 09:24:14,2026-01-29 09:04:34,HI-DI DIAMOND BUR FG 675 EXTRA,,NGN 1856.124,Sales,false,,,0.00,0.00,0.00,0.00,,,,,,,,,,goods,2,,,Active,pcs,Pieces,160-130-007,,,,,NGN 1856.12,Cost of Goods Sold,,Inventory Asset,fifo,false,1.00,,5.00,NGN 1856.12,5.00,false,Inventory,true,true,true,130-Diamond Burs,160-Burs,Pieces,,,,,,,,,,130-100-002
5583220000000943545,2025-06-24 09:24:15,2026-01-29 09:04:34,H/KULZER DIAMOND BUR FG 646SF,,NGN 7200.00,Sales,false,,,0.00,0.00,0.00,0.00,cm,kg,,,,,,,,goods,2,,,Active,pcs,Pieces,160-130-005,,,,,NGN 3058.22,Cost of Goods Sold,,Inventory Asset,fifo,false,1.00,,21.00,NGN 3058.22,21.00,false,Inventory,true,true,true,130-Diamond Burs,160-Burs,Pieces,,,,,,,,,,130-100-003
5583220000000944018,2025-06-24 09:24:16,2026-01-29 09:04:34,EDENTA F.G DIAMOND 830/014 CRS,,NGN 6100.00,Sales,false,,,0.00,0.00,0.00,0.00,cm,kg,,,,,,,,goods,2,,,Active,Pack(s),,160-130-003,,,,,NGN 2243.731667,Cost of Goods Sold,,Inventory Asset,fifo,false,1.00,,24.00,NGN 2243.73,19.00,false,Inventory,true,true,true,130-Diamond Burs,160-Burs,Pieces,,,,,,,,,,130-100-004
5583220000000944491,2025-06-24 09:24:16,2026-01-29 09:04:34,EDENTA F.G DIAMOND 835/014 CRS,,NGN 6100.00,Sales,false,,,0.00,0.00,0.00,0.00,cm,kg,,,,,,,,goods,2,,,Active,Pack(s),,160-130-004,,,,,NGN 2019.85,Cost of Goods Sold,,Inventory Asset,fifo,false,1.00,,19.00,NGN 2019.85,19.00,false,Inventory,true,true,true,130-Diamond Burs,160-Burs,Pieces,,,,,,,,,,130-100-005
5583220000000944964,2025-06-24 09:24:17,2026-01-29 09:04:32,DIATECH FG 859-314-010-10-F,,NGN 7500.00,Sales,false,,,0.00,0.00,0.00,0.00,,,,,,,,,,goods,2,,,Active,pcs,Pieces,160-120-015,,,,,NGN 1639.74,Cost of Goods Sold,,Inventory Asset,fifo,false,1.00,,42.00,NGN 1598.29,36.00,false,Inventory,true,true,true,120-Carbide Burs,160-Burs,Pieces,,,,,,,,,,340-400-001
5583220000000945437,2025-06-24 09:24:19,2026-01-29 08:47:32,DIATECH FG 368-314-023-5-F,,NGN 7500.00,Sales,false,,,0.00,0.00,0.00,0.00,,,,,,,,,,goods,2,,,Active,pcs,Pieces,160-120-010,,,,,NGN 5549.27,Cost of Goods Sold,,Inventory Asset,fifo,false,1.00,,25.00,NGN 1758.37,43.00,false,Inventory,true,true,true,120-Carbide Burs,160-Burs,Pieces,,,,,,,,,,340-400-002
5583220000000945910,2025-06-24 09:24:20,2026-01-29 09:04:31,DIATECH FG 835-314-010-4-ML,,NGN 7500.00,Sales,false,,,0.00,0.00,0.00,0.00,,,,,,,,,,goods,2,,,Active,pcs,Pieces,160-120-012,,,,,NGN 1605.13,Cost of Goods Sold,,Inventory Asset,fifo,false,1.00,,40.00,NGN 1605.13,40.00,false,Inventory,true,true,true,120-Carbide Burs,160-Burs,Pieces,,,,,,,,,,340-400-003
5583220000000946383,2025-06-24 09:24:21,2026-01-29 09:04:31,DIATECH FG 835-314-014-4-ML,,NGN 7500.00,Sales,false,,,0.00,0.00,0.00,0.00,,,,,,,,,,goods,2,,,Active,pcs,Pieces,160-120-013,,,,,NGN 1846.08,Cost of Goods Sold,,Inventory Asset,fifo,false,1.00,,42.00,NGN 1837.13,38.00,false,Inventory,true,true,true,120-Carbide Burs,160-Burs,Pieces,,,,,,,,,,340-400-004
5583220000000946856,2025-06-24 09:24:22,2026-01-29 09:04:31,DIATECH FG 830-314-012-2.7-ML,,NGN 7500.00,Sales,false,,,0.00,0.00,0.00,0.00,,,,,,,,,,goods,2,,,Active,pcs,Pieces,160-120-011,,,,,NGN 1673.09,Cost of Goods Sold,,Inventory Asset,fifo,false,1.00,,30.00,NGN 1573.46,25.00,false,Inventory,true,true,true,120-Carbide Burs,160-Burs,Pieces,,,,,,,,,,340-400-005
5583220000000947329,2025-06-24 09:24:23,2026-01-29 09:04:32,DIATECH FG 859-314-010-10UF,,NGN 7500.00,Sales,false,,,0.00,0.00,0.00,0.00,,,,,,,,,,goods,2,,,Active,pcs,Pieces,160-120-016,,,,,NGN 1731.23,Cost of Goods Sold,,Inventory Asset,fifo,false,1.00,,49.00,NGN 1981.40,47.00,false,Inventory,true,true,true,120-Carbide Burs,160-Burs,Pieces,,,,,,,,,,340-400-006
5583220000000947802,2025-06-24 09:24:24,2026-01-29 08:47:32,DIATECH FG 368-314-020-5-XF,,NGN 7500.00,Sales,false,,,0.00,0.00,0.00,0.00,,,,,,,,,,goods,2,,,Active,pcs,Pieces,160-120-009,,,,,NGN 1923.82,Cost of Goods Sold,,Inventory Asset,fifo,false,1.00,,47.00,NGN 1996.10,45.00,false,Inventory,true,true,true,120-Carbide Burs,160-Burs,Pieces,,,,,,,,,,340-400-007
5583220000000948275,2025-06-24 09:24:24,2026-01-29 09:04:31,DIATECH FG 850-314-016-10-ML,,NGN 7500.00,Sales,false,,,0.00,0.00,0.00,0.00,,,,,,,,,,goods,2,,,Active,pcs,Pieces,160-120-014,,,,,NGN 1191.54,Cost of Goods Sold,,Inventory Asset,fifo,false,1.00,,42.00,NGN 2120.27,35.00,false,Inventory,true,true,true,120-Carbide Burs,160-Burs,Pieces,,,,,,,,,,340-400-008
5583220000000948748,2025-06-24 09:24:25,2026-01-29 09:04:35,BURS - SURGICAL CARBIDE FG957,,NGN 4800.00,Sales,false,,,0.00,0.00,0.00,0.00,cm,kg,,,,,,,,goods,2,,,Active,pcs,Pieces,160-140-006,,,,,NGN 787.80,Cost of Goods Sold,,Inventory Asset,fifo,false,1.00,,43.00,NGN 787.80,43.00,false,Inventory,true,true,true,140-Surgical Burs,160-Burs,Pieces,,,,,,,,,,130-500-001
5583220000000949221,2025-06-24 09:24:27,2026-01-29 09:04:33,STERILE SURGERY HP #8 51MM,,NGN 17700.00,Sales,false,,,0.00,0.00,0.00,0.00,,,,,,,,,,goods,2,,,Active,Pack(s),,160-120-022,,,,,NGN 3512.42,Cost of Goods Sold,,Inventory Asset,fifo,false,1.00,,22.00,NGN 6211.31,15.00,false,Inventory,true,true,true,120-Carbide Burs,160-Burs,Pieces,,,,,,,,,,310-500-001
5583220000000949694,2025-06-24 09:24:28,2026-01-29 09:04:35,BURS - CARBIDE HP2 (SURGICAL),,NGN 4500.00,Sales,false,,,0.00,0.00,0.00,0.00,cm,kg,,,,,,,,goods,2,,,Active,pcs,Pieces,160-140-002,,,,,NGN 1086.45,Cost of Goods Sold,,Inventory Asset,fifo,false,1.00,,16.00,NGN 1086.45,16.00,false,Inventory,true,true,true,140-Surgical Burs,160-Burs,Pieces,,,,,,,,,,130-500-002
5583220000000950167,2025-06-24 09:24:28,2026-01-29 09:04:33,STERILE SURGERY HP #702 51MM,,NGN 17700.00,Sales,false,,,0.00,0.00,0.00,0.00,,,,,,,,,,goods,2,,,Active,Pack(s),,160-120-020,,,,,NGN 9449.99,Cost of Goods Sold,,Inventory Asset,fifo,false,1.00,,20.00,NGN 9449.99,17.00,false,Inventory,true,true,true,120-Carbide Burs,160-Burs,Pieces,,,,,,,,,,310-500-002
5583220000000950640,2025-06-24 09:24:29,2026-01-29 09:04:33,STERILE SURGERY HP #703 51MM,,NGN 17700.00,Sales,false,,,0.00,0.00,0.00,0.00,,,,,,,,,,goods,2,,,Active,Pack(s),,160-120-021,,,,,NGN 13059.43,Cost of Goods Sold,,Inventory Asset,fifo,false,1.00,,16.00,NGN 6130.29,18.00,false,Inventory,true,true,true,120-Carbide Burs,160-Burs,Pieces,,,,,,,,,,310-500-003
5583220000000951113,2025-06-24 09:24:31,2026-01-29 09:04:32,TRI HAWK BURS TALON 12,,NGN 3800.00,Sales,false,,,0.00,0.00,0.00,0.00,,,,,,,,,,goods,2,,,Active,pcs,Pieces,160-120-017,,,,,NGN 943.00,Cost of Goods Sold,,Inventory Asset,fifo,false,1.00,,531.00,NGN 943.00,504.00,false,Inventory,true,true,true,120-Carbide Burs,160-Burs,Pieces,,,,,,,,,,340-100-001
5583220000000951586,2025-06-24 09:24:32,2026-01-29 16:46:38,BURS-TWO STRIPER - 514.4C,,NGN 33900.00,Sales,false,,,0.00,0.00,0.00,0.00,,,,,,,,,,goods,2,,,Active,pcs,Pieces,160-150-012,,,,,NGN 23648.15,Cost of Goods Sold,,Inventory Asset,fifo,false,1.00,,18.00,NGN 6305.50,23.00,false,Inventory,true,true,true,150-Two-Striper Burs,160-Burs,Pieces,,,,,,,,,,130-100-006
5583220000000952059,2025-06-24 09:24:33,2026-01-29 16:46:40,BURS-TWO STRIPER - 515.5C,,NGN 33900.00,Sales,false,,,0.00,0.00,0.00,0.00,,,,,,,,,,goods,2,,,Active,pcs,Pieces,160-150-013,,,,,NGN 23899.47,Cost of Goods Sold,,Inventory Asset,fifo,false,1.00,,30.00,NGN 20964.72,25.00,false,Inventory,true,true,true,150-Two-Striper Burs,160-Burs,Pieces,,,,,,,,,,130-100-007
5583220000000952532,2025-06-24 09:24:34,2026-01-29 16:46:42,BURS-TWO STRIPER - 520.4C,,NGN 33900.00,Sales,false,,,0.00,0.00,0.00,0.00,,,,,,,,,,goods,2,,,Active,pcs,Pieces,160-150-014,,,,,NGN 19471.19,Cost of Goods Sold,,Inventory Asset,fifo,false,1.00,,22.00,NGN 18714.40,12.00,false,Inventory,true,true,true,150-Two-Striper Burs,160-Burs,Pieces,,,,,,,,,,130-100-008
5583220000000953005,2025-06-24 09:24:35,2026-01-29 16:46:44,BURS-TWO STRIPER - 558,,NGN 33900.00,Sales,false,,,0.00,0.00,0.00,0.00,,,,,,,,,,goods,2,,,Active,pcs,Pieces,160-150-015,,,,,NGN 19471.19,Cost of Goods Sold,,Inventory Asset,fifo,false,1.00,,32.00,NGN 18414.69,27.00,false,Inventory,true,true,true,150-Two-Striper Burs,160-Burs,Pieces,,,,,,,,,,130-100-009
5583220000000953478,2025-06-24 09:24:36,2026-01-29 16:46:47,BURS-TWO STRIPER - 701,,NGN 33900.00,Sales,false,,,0.00,0.00,0.00,0.00,,,,,,,,,,goods,2,,,Active,pcs,Pieces,160-150-016,,,,,NGN 5416.44,Cost of Goods Sold,,Inventory Asset,fifo,false,1.00,,30.00,NGN 5416.44,20.00,false,Inventory,true,true,true,150-Two-Striper Burs,160-Burs,Pieces,,,,,,,,,,130-100-010
5583220000000953951,2025-06-24 09:24:37,2026-01-29 16:46:50,BURS-TWO STRIPER - 724.8C,,NGN 33900.00,Sales,false,,,0.00,0.00,0.00,0.00,,,,,,,,,,goods,2,,,Active,pcs,Pieces,160-150-017,,,,,NGN 5676.51,Cost of Goods Sold,,Inventory Asset,fifo,false,1.00,,46.00,NGN 5674.47,44.00,false,Inventory,true,true,true,150-Two-Striper Burs,160-Burs,Pieces,,,,,,,,,,130-100-011
5583220000000954424,2025-06-24 09:24:38,2026-01-29 16:46:59,BURS-TWO STRIPER - 780.9C,,NGN 33900.00,Sales,false,,,0.00,0.00,0.00,0.00,,,,,,,,,,goods,2,,,Active,pcs,Pieces,160-150-021,,,,,NGN 12278.11,Cost of Goods Sold,,Inventory Asset,fifo,false,1.00,,27.00,NGN 11390.48,22.00,false,Inventory,true,true,true,150-Two-Striper Burs,160-Burs,Pieces,,,,,,,,,,130-100-012
5583220000000954897,2025-06-24 09:24:39,2026-01-29 16:47:02,BURS-TWO STRIPER - 784.10C,,NGN 33900.00,Sales,false,,,0.00,0.00,0.00,0.00,,,,,,,,,,goods,2,,,Active,pcs,Pieces,160-150-022,,,,,NGN 23648.15,Cost of Goods Sold,,Inventory Asset,fifo,false,1.00,,24.00,NGN 18029.97,29.00,false,Inventory,true,true,true,150-Two-Striper Burs,160-Burs,Pieces,,,,,,,,,,130-100-013
5583220000000955370,2025-06-24 09:24:40,2026-01-29 16:47:05,BURS-TWO STRIPER - 790.8C,,NGN 33900.00,Sales,false,,,0.00,0.00,0.00,0.00,,,,,,,,,,goods,2,,,Active,pcs,Pieces,160-150-023,,,,,NGN 2615.15,Cost of Goods Sold,,Inventory Asset,fifo,false,1.00,,38.00,NGN 3204.68,38.00,false,Inventory,true,true,true,150-Two-Striper Burs,160-Burs,Pieces,,,,,,,,,,130-100-014
5583220000000955843,2025-06-24 09:24:41,2026-01-29 16:47:07,BURS-TWO STRIPER - L1250,,NGN 33900.00,Sales,false,,,0.00,0.00,0.00,0.00,,,,,,,,,,goods,2,,,Active,pcs,Pieces,160-150-024,,,,,NGN 4314.70,Cost of Goods Sold,,Inventory Asset,fifo,false,1.00,,30.00,NGN 4314.70,30.00,false,Inventory,true,true,true,150-Two-Striper Burs,160-Burs,Pieces,,,,,,,,,,130-100-015
5583220000000956316,2025-06-24 09:24:42,2026-01-29 16:46:30,BURS-TWO STRIPER - 283.4C,,NGN 33900.00,Sales,false,,,0.00,0.00,0.00,0.00,,,,,,,,,,goods,2,,,Active,pcs,Pieces,160-150-009,,,,,NGN 5277.01,Cost of Goods Sold,,Inventory Asset,fifo,false,1.00,,34.00,NGN 5277.01,34.00,false,Inventory,true,true,true,150-Two-Striper Burs,160-Burs,Pieces,,,,,,,,,,130-100-016
5583220000000956791,2025-06-24 09:24:43,2026-01-29 16:46:53,BURS-TWO STRIPER - 770.8C,,NGN 33900.00,Sales,false,,,0.00,0.00,0.00,0.00,,,,,,,,,,goods,2,,,Active,pcs,Pieces,160-150-019,,,,,NGN 7373.25,Cost of Goods Sold,,Inventory Asset,fifo,false,1.00,,32.00,NGN 7373.25,32.00,false,Inventory,true,true,true,150-Two-Striper Burs,160-Burs,Pieces,,,,,,,,,,130-100-017
5583220000000957264,2025-06-24 09:24:44,2026-01-29 16:46:52,BURS-TWO STRIPER - 770.10C,,NGN 33900.00,Sales,false,,,0.00,0.00,0.00,0.00,,,,,,,,,,goods,2,,,Active,pcs,Pieces,160-150-018,,,,,NGN 23648.15,Cost of Goods Sold,,Inventory Asset,fifo,false,1.00,,8.00,NGN 19471.19,0.00,false,Inventory,true,true,true,150-Two-Striper Burs,160-Burs,Pieces,,,,,,,,,,130-100-018
5583220000000957737,2025-06-24 09:24:46,2026-01-29 16:46:57,BURS-TWO STRIPER - 770.9C,,NGN 33900.00,Sales,false,,,0.00,0.00,0.00,0.00,,,,,,,,,,goods,2,,,Active,pcs,Pieces,160-150-020,,,,,NGN 4316.93,Cost of Goods Sold,,Inventory Asset,fifo,false,1.00,,35.00,NGN 4316.93,35.00,false,Inventory,true,true,true,150-Two-Striper Burs,160-Burs,Pieces,,,,,,,,,,130-100-019
5583220000000958210,2025-06-24 09:24:47,2026-01-29 16:46:32,BURS-TWO STRIPER - 315.1.75C,,NGN 33900.00,Sales,false,,,0.00,0.00,0.00,0.00,,,,,,,,,,goods,2,,,Active,pcs,Pieces,160-150-010,,,,,NGN 3078.28,Cost of Goods Sold,,Inventory Asset,fifo,false,1.00,,37.00,NGN 3078.28,37.00,false,Inventory,true,true,true,150-Two-Striper Burs,160-Burs,Pieces,,,,,,,,,,130-100-020
5583220000000958683,2025-06-24 09:24:48,2026-01-29 16:46:34,BURS-TWO STRIPER - 320.2C,,NGN 33900.00,Sales,false,,,0.00,0.00,0.00,0.00,,,,,,,,,,goods,2,,,Active,pcs,Pieces,160-150-011,,,,,NGN 5629.73,Cost of Goods Sold,,Inventory Asset,fifo,false,1.00,,5.00,NGN 5629.73,0.00,false,Inventory,true,true,true,150-Two-Striper Burs,160-Burs,Pieces,,,,,,,,,,130-100-021
5583220000000959156,2025-06-24 09:24:49,2026-01-29 16:46:24,BURS- TWO STRIPER - 703.8C,,NGN 33900.00,Sales,false,,,0.00,0.00,0.00,0.00,cm,kg,,,,,,,,goods,2,,,Active,pcs,Pieces,160-150-007,,,,,NGN 6719.34,Cost of Goods Sold,,Inventory Asset,fifo,false,1.00,,40.00,NGN 6503.15,35.00,false,Inventory,true,true,true,150-Two-Striper Burs,160-Burs,Pieces,,,,,,,,,,340-100-002
5583220000000959629,2025-06-24 09:24:50,2026-01-29 16:46:22,BUR- TWO STRIPER 770.10C (DD),,NGN 20000.00,Sales,false,,,0.00,0.00,0.00,0.00,cm,kg,,,,,,,,goods,2,,,Active,pcs,Pieces,160-150-006,,,,,NGN 5681.19,Cost of Goods Sold,,Inventory Asset,fifo,false,1.00,,16.00,NGN 4788.45,9.00,false,Inventory,true,true,true,150-Two-Striper Burs,160-Burs,Pieces,,,,,,,,,,340-100-003
5583220000000960102,2025-06-24 09:24:51,2026-01-29 09:04:36,BUR TWO STRIPER 770.10F(DD),,NGN 20000.00,Sales,false,,,0.00,0.00,0.00,0.00,cm,kg,,,,,,,,goods,2,,,Active,pcs,Pieces,160-150-001,,,,,NGN 3300.92,Cost of Goods Sold,,Inventory Asset,fifo,false,1.00,,12.00,NGN 3300.92,10.00,false,Inventory,true,true,true,150-Two-Striper Burs,160-Burs,Pieces,,,,,,,,,,340-100-004
5583220000000960575,2025-06-24 09:24:52,2026-01-29 16:46:18,BUR TWO STRIPER L514.4C (DD),,NGN 20000.00,Sales,false,,,0.00,0.00,0.00,0.00,cm,kg,,,,,,,,goods,2,,,Active,pcs,Pieces,160-150-004,,,,,NGN 2183.71,Cost of Goods Sold,,Inventory Asset,fifo,false,1.00,,38.00,NGN 2519.32,36.00,false,Inventory,true,true,true,150-Two-Striper Burs,160-Burs,Pieces,,,,,,,,,,340-100-005
5583220000000961048,2025-06-24 09:24:53,2026-01-29 16:46:20,BUR TWO STRIPER L770.8C (DD),,NGN 20000.00,Sales,false,,,0.00,0.00,0.00,0.00,cm,kg,,,,,,,,goods,2,,,Active,pcs,Pieces,160-150-005,,,,,NGN 5626.70,Cost of Goods Sold,,Inventory Asset,fifo,false,1.00,,16.00,NGN 4627.44,10.00,false,Inventory,true,true,true,150-Two-Striper Burs,160-Burs,Pieces,,,,,,,,,,340-100-006
5583220000000961521,2025-06-24 09:24:54,2026-01-29 16:46:12,BUR TWO STRIPER 780.9C (DD),,NGN 20000.00,Sales,false,,,0.00,0.00,0.00,0.00,,,,,,,,,,goods,2,,,Active,pcs,Pieces,160-150-002,,,,,NGN 5626.70,Cost of Goods Sold,,Inventory Asset,fifo,false,1.00,,7.00,NGN 5626.07,7.00,false,Inventory,true,true,true,150-Two-Striper Burs,160-Burs,Pieces,,,,,,,,,,340-100-007
5583220000000961994,2025-06-24 09:24:55,2026-01-29 16:46:14,BUR TWO STRIPER 799.11C (DD),,NGN 20000.00,Sales,false,,,0.00,0.00,0.00,0.00,,,,,,,,,,goods,2,,,Active,pcs,Pieces,160-150-003,,,,,NGN 5681.19,Cost of Goods Sold,,Inventory Asset,fifo,false,1.00,,7.00,NGN 5681.19,0.00,false,Inventory,true,true,true,150-Two-Striper Burs,160-Burs,Pieces,,,,,,,,,,340-100-008
5583220000000962481,2025-06-24 09:24:57,2026-01-29 17:03:20,25 MICRON FILTER ELEMENT,,NGN 5200.00,Sales,false,Castellini,CASTELLINI,0.00,0.00,0.00,0.00,cm,kg,,,,,,,,goods,2,,,Active,pcs,Pieces,280-140-022,,,,,NGN 1311.06,Cost of Goods Sold,,Inventory Asset,fifo,false,1.00,CASTELLINI,1.00,NGN 1311.06,1.00,false,Inventory,true,true,true,140-Small Equipment,280-Equipment,Pieces,,,,,,,,,,190-110-001
5583220000000962954,2025-06-24 09:24:58,2026-01-26 12:47:37,DISTILLED WATER TANK-97461268 - Secondary,,NGN 102337.9367,Sales,false,,,0.00,0.00,0.00,0.00,cm,kg,,,,,,,,goods,2,,,Inactive,pcs,Pieces,null,,,,,NGN 75805.87901,Cost of Goods Sold,cm,Inventory Asset,fifo,false,1.00,,3.00,NGN 102337.94,0.00,false,Inventory,true,true,true,,,Pieces,,,,,,,,,,240-800-001
5583220000000963427,2025-06-24 09:24:59,2026-01-29 16:58:28,CASTELLINI BOTTEL CONNECTOR GASKET,,NGN 4000.00,Sales,false,Castellini,CASTELLINI,0.00,0.00,0.00,0.00,cm,kg,,,,,,,,goods,2,,,Active,pcs,Pieces,280-110-009,,,,,NGN 535.35,Cost of Goods Sold,,Inventory Asset,fifo,false,1.00,,6.00,NGN 535.35,6.00,false,Inventory,true,true,true,110-Dental Units & Accessories,280-Equipment,Pieces,,,,,,,,,,190-120-001
5583220000000963900,2025-06-24 09:25:00,2026-01-29 16:58:37,CASTELLINI FIBRE OPTIC BULB-1P,,NGN 9750.00,Sales,false,Castellini,CASTELLINI,0.00,0.00,0.00,0.00,cm,kg,,,,,,,,goods,2,,,Active,pcs,Pieces,280-110-013,,,,,NGN 4030.49,Cost of Goods Sold,,Inventory Asset,fifo,false,1.00,,4.00,NGN 4030.49,4.00,false,Inventory,true,true,true,110-Dental Units & Accessories,280-Equipment,Pieces,,,,,,,,,,190-120-002
5583220000000964373,2025-06-24 09:25:01,2026-01-29 16:58:41,CASTELLINI FIBRE OPTIC BULB-2P,,NGN 8580.00,Sales,false,Castellini,CASTELLINI,0.00,0.00,0.00,0.00,cm,kg,,,,,,,,goods,2,,,Active,pcs,Pieces,280-110-015,,,,,NGN 3341.31,Cost of Goods Sold,,Inventory Asset,fifo,false,1.00,,6.00,NGN 3341.31,6.00,false,Inventory,true,true,true,110-Dental Units & Accessories,280-Equipment,Pieces,,,,,,,,,,190-120-003
5583220000000964846,2025-06-24 09:25:01,2026-01-29 16:58:33,CASTELLINI FIBRE OPTIC BULB,,NGN 7300.00,Sales,false,Castellini,CASTELLINI,0.00,0.00,0.00,0.00,cm,kg,,,,,,,,goods,2,,,Active,pcs,Pieces,280-110-011,,,,,NGN 2558.00,Cost of Goods Sold,,Inventory Asset,fifo,false,1.00,,6.00,NGN 2558.00,6.00,false,Inventory,true,true,true,110-Dental Units & Accessories,280-Equipment,Pieces,,,,,,,,,,190-120-004
5583220000000965319,2025-06-24 09:25:02,2026-01-29 17:00:02,POLYLIGHT LAMP 8V-50W-FR300A07,,NGN 14050.00,Sales,false,,,0.00,0.00,0.00,0.00,cm,kg,,,,,,,,goods,2,,,Active,pcs,Pieces,280-110-048,,,,,NGN 6623.39,Cost of Goods Sold,,Inventory Asset,fifo,false,1.00,,1.00,NGN 6623.39,1.00,false,Inventory,true,true,true,110-Dental Units & Accessories,280-Equipment,Pieces,,,,,,,,,,190-110-002
5583220000000965792,2025-06-24 09:25:02,2026-01-29 17:00:44,SUCTION HOSE D 17-FL0001302,,NGN 23250.00,Sales,false,Castellini,CASTELLINI,0.00,0.00,0.00,0.00,cm,kg,,,,,,,,goods,2,,,Active,pcs,Pieces,280-110-066,,,,,NGN 14095.54,Cost of Goods Sold,,Inventory Asset,fifo,false,1.00,,4.00,NGN 14095.54,3.00,false,Inventory,true,true,true,110-Dental Units & Accessories,280-Equipment,Pieces,,,,,,,,,,190-110-003
5583220000000966265,2025-06-24 09:25:02,2026-01-29 17:19:50,SCREEN-PRINTED AUTOCLAVEABLE BOTTLE (CASTELLINI),,NGN 8000.00,Sales,false,,,0.00,0.00,0.00,0.00,cm,kg,,,,,,,,goods,2,,,Active,pcs,Pieces,380-110-025,,,,,NGN 2292.08,Cost of Goods Sold,cm,Inventory Asset,fifo,false,1.00,,5.00,NGN 2086.35,3.00,false,Inventory,true,true,true,110-Accessories,380-Lab Products,Pieces,,,,,,,,,,190-110-004
5583220000000966738,2025-06-24 09:25:03,2026-01-29 17:00:42,SUCTION HOSE D 11-FL0001314,,NGN 13500.00,Sales,false,Castellini,CASTELLINI,0.00,0.00,0.00,0.00,cm,kg,,,,,,,,goods,2,,,Active,pcs,Pieces,280-110-065,,,,,NGN 4872.34,Cost of Goods Sold,,Inventory Asset,fifo,false,1.00,,3.00,NGN 4872.34,0.00,false,Inventory,true,true,true,110-Dental Units & Accessories,280-Equipment,Pieces,,,,,,,,,,190-110-005
5583220000000967211,2025-06-24 09:25:03,2026-01-29 08:50:01,SPARE ROTOR PB FL0001370,,NGN 136000.00,Sales,false,Castellini,CASTELLINI,0.00,0.00,0.00,0.00,cm,kg,,,,,,,,goods,2,,,Active,pcs,Pieces,560-120-021,,,,,NGN 98517.28,Cost of Goods Sold,,Inventory Asset,fifo,false,1.00,,1.00,NGN 98517.28,1.00,false,Inventory,true,true,true,120-Equipment Repairs,560-Services,Pieces,,,,,,,,,,190-120-005
5583220000000967684,2025-06-24 09:25:04,2026-01-29 16:59:59,PICOSOLMICROSOL INTERFACE CAB,,NGN 648.55,Sales,false,,,0.00,0.00,0.00,0.00,,,,,,,,,,goods,2,,,Active,pcs,Pieces,280-110-047,,,,,NGN 648.55,Cost of Goods Sold,,Inventory Asset,fifo,false,1.00,,2.00,NGN 648.55,2.00,false,Inventory,true,true,true,110-Dental Units & Accessories,280-Equipment,Pieces,,,,,,,,,,190-200-001
5583220000000968157,2025-06-24 09:25:04,2026-01-29 17:03:56,NEGATOSCOPE LAMP,,NGN 4072.00,Sales,false,,,0.00,0.00,0.00,0.00,,,,,,,,,,goods,2,,,Active,pcs,Pieces,280-170-002,,,,,NGN 4072.00,Cost of Goods Sold,,Inventory Asset,fifo,false,1.00,,1.00,NGN 4072.00,1.00,false,Inventory,true,true,true,170-X-Ray Units & Accessories,280-Equipment,Pieces,,,,,,,,,,330-600-001
5583220000000968630,2025-06-24 09:25:05,2026-01-29 17:01:28,HANDPIECE CONNECTOR 4-WAY GASK,,NGN 3510.00,Sales,false,Castellini,CASTELLINI,0.00,0.00,0.00,0.00,cm,kg,,,,,,,,goods,2,,,Active,pcs,Pieces,280-120-010,,,,,NGN 274.48,Cost of Goods Sold,,Inventory Asset,fifo,false,1.00,,2.00,NGN 274.48,2.00,false,Inventory,true,true,true,120-Handpieces,280-Equipment,Pieces,,,,,,,,,,190-120-006
5583220000000969103,2025-06-24 09:25:05,2026-01-29 16:58:10,12V 75W LIGHT BULB,,NGN 3315.26,Sales,false,,,0.00,0.00,0.00,0.00,,,,,,,,,,goods,2,,,Active,pcs,Pieces,280-110-001,,,,,NGN 3315.26,Cost of Goods Sold,,Inventory Asset,fifo,false,1.00,,1.00,NGN 3315.26,1.00,false,Inventory,true,true,true,110-Dental Units & Accessories,280-Equipment,Pieces,,,,,,,,,,190-200-002
5583220000000969576,2025-06-24 09:25:06,2026-01-29 16:58:53,DISTRIBUTOR SOLENOID VALVE 99,,NGN 502900.00,Sales,false,Castellini,CASTELLINI,0.00,0.00,0.00,0.00,cm,kg,,,,,,,,goods,2,,,Active,pcs,Pieces,280-110-021,,,,,NGN 372510.09,Cost of Goods Sold,,Inventory Asset,fifo,false,1.00,,2.00,NGN 372510.09,2.00,false,Inventory,true,true,true,110-Dental Units & Accessories,280-Equipment,Pieces,,,,,,,,,,190-120-007
5583220000000970049,2025-06-24 09:25:06,2026-01-29 16:59:35,LAMP BULB 95W 17V,,NGN 2274.94,Sales,false,,,0.00,0.00,0.00,0.00,,,,,,,,,,goods,2,,,Active,pcs,Pieces,280-110-038,,,,,NGN 2274.94,Cost of Goods Sold,,Inventory Asset,fifo,false,1.00,,1.00,NGN 2274.94,1.00,false,Inventory,true,true,true,110-Dental Units & Accessories,280-Equipment,Pieces,,,,,,,,,,190-200-003
5583220000000970522,2025-06-24 09:25:06,2026-01-29 17:00:29,SHS 1LT.TANK GROUP OCHRE,,NGN 45238.78,Sales,false,,,0.00,0.00,0.00,0.00,,,,,,,,,,goods,2,,,Active,pcs,Pieces,280-110-060,,,,,NGN 45238.78,Cost of Goods Sold,,Inventory Asset,fifo,false,1.00,,1.00,NGN 45238.78,1.00,false,Inventory,true,true,true,110-Dental Units & Accessories,280-Equipment,Pieces,,,,,,,,,,190-200-004
5583220000000970995,2025-06-24 09:25:07,2026-01-29 17:01:03,2 STAINLESS STEEL PIECE 242J10,,NGN 49000.00,Sales,false,Castellini,CASTELLINI,0.00,0.00,0.00,0.00,cm,kg,,,,,,,,goods,2,,,Active,pcs,Pieces,280-110-074,,,,,NGN 36255.30,Cost of Goods Sold,,Inventory Asset,fifo,false,1.00,,2.00,NGN 36255.30,2.00,false,Inventory,true,true,true,110-Dental Units & Accessories,280-Equipment,Pieces,,,,,,,,,,190-120-008
5583220000000971468,2025-06-24 09:25:07,2026-01-29 16:58:39,ASPIRATOR-SALIVA EJECTOR BOARD,,NGN 19809.93,Sales,false,,,0.00,0.00,0.00,0.00,,,,,,,,,,goods,2,,,Active,pcs,Pieces,280-110-014,,,,,NGN 19809.93,Cost of Goods Sold,,Inventory Asset,fifo,false,1.00,,1.00,NGN 19809.93,1.00,false,Inventory,true,true,true,110-Dental Units & Accessories,280-Equipment,Pieces,,,,,,,,,,190-200-005
5583220000000971941,2025-06-24 09:25:08,2026-01-29 17:00:58,BISTABLE CONTROL PC-BOARD,,NGN 16596.80,Sales,false,,,0.00,0.00,0.00,0.00,,,,,,,,,,goods,2,,,Active,pcs,Pieces,280-110-072,,,,,NGN 16596.80,Cost of Goods Sold,,Inventory Asset,fifo,false,1.00,,1.00,NGN 16596.80,1.00,false,Inventory,true,true,true,110-Dental Units & Accessories,280-Equipment,Pieces,,,,,,,,,,190-200-006
5583220000000972414,2025-06-24 09:25:08,2026-01-29 16:59:03,ELECTRODE TYPE E (FE6001042),,NGN 21700.00,Sales,false,Castellini,CASTELLINI,0.00,0.00,0.00,0.00,cm,kg,,,,,,,,goods,2,,,Active,pcs,Pieces,280-110-025,,,,,NGN 13283.67,Cost of Goods Sold,,Inventory Asset,fifo,false,1.00,,2.00,NGN 13283.67,2.00,false,Inventory,true,true,true,110-Dental Units & Accessories,280-Equipment,Pieces,,,,,,,,,,190-120-009
5583220000000972887,2025-06-24 09:25:08,2026-01-29 17:01:19,CATTANI ART.16 ADAPTER,,NGN 368.813333,Sales,false,,,0.00,0.00,0.00,0.00,,,,,,,,,,goods,2,,,Active,pcs,Pieces,280-120-007,,,,,NGN 368.81,Cost of Goods Sold,,Inventory Asset,fifo,false,1.00,,3.00,NGN 368.81,3.00,false,Inventory,true,true,true,120-Handpieces,280-Equipment,Pieces,,,,,,,,,,190-200-007
5583220000000973360,2025-06-24 09:25:09,2026-01-29 17:00:18,SECTIONAL NOZZLE (95520263),,NGN 48300.00,Sales,true,Castellini,CASTELLINI,0.00,0.00,0.00,0.00,cm,kg,,,,,,,,goods,2,,,Active,pcs,Pieces,280-110-055,,,,,NGN 35708.40,Cost of Goods Sold,,Inventory Asset,fifo,false,1.00,,5.00,NGN 35708.40,5.00,false,Inventory,true,true,true,110-Dental Units & Accessories,280-Equipment,Pieces,,,,,,,,,,190-120-010
5583220000000973833,2025-06-24 09:25:09,2026-01-29 08:47:29,30PCS MEMBRANE FOR EV DIST.,,NGN 13719.856,Sales,false,,,0.00,0.00,0.00,0.00,,,,,,,,,,goods,2,,,Active,pcs,Pieces,140-120-003,,,,,NGN 13719.86,Cost of Goods Sold,,Inventory Asset,fifo,false,1.00,,5.00,NGN 13719.86,5.00,false,Inventory,true,true,true,120-Resorbable Membranes,140-Biomaterials,Pieces,,,,,,,,,,120-200-004
5583220000000974306,2025-06-24 09:25:10,2026-01-29 17:04:10,SEAT 12152 PEARLY YELLOW,,NGN 175500.00,Sales,false,,,0.00,0.00,0.00,0.00,,,,,,,,,,goods,2,,,Active,pcs,Pieces,300-130-001,,,,,NGN 175500.00,Cost of Goods Sold,,Inventory Asset,fifo,false,1.00,,1.00,NGN 175500.00,1.00,false,Inventory,true,true,true,130-Operator Stools,300-Furniture,Pieces,,,,,,,,,,190-200-008
5583220000000974779,2025-06-24 09:25:10,2026-01-29 16:59:14,FRONT CUP-BLACK-686A0100,,NGN 10450.00,Sales,false,Castellini,CASTELLINI,0.00,0.00,0.00,0.00,cm,kg,,,,,,,,goods,2,,,Active,pcs,Pieces,280-110-029,,,,,NGN 4448.00,Cost of Goods Sold,,Inventory Asset,fifo,false,1.00,,2.00,NGN 4448.00,2.00,false,Inventory,true,true,true,110-Dental Units & Accessories,280-Equipment,Pieces,,,,,,,,,,190-110-006
5583220000000975252,2025-06-24 09:25:11,2026-01-29 16:59:22,HEADREST 12152 PEARLY YELLOW,,NGN 51187.50,Sales,false,,,0.00,0.00,0.00,0.00,,,,,,,,,,goods,2,,,Active,pcs,Pieces,280-110-033,,,,,NGN 51187.50,Cost of Goods Sold,,Inventory Asset,fifo,false,1.00,,1.00,NGN 51187.50,1.00,false,Inventory,true,true,true,110-Dental Units & Accessories,280-Equipment,Pieces,,,,,,,,,,190-200-009
5583220000000975725,2025-06-24 09:25:11,2026-01-29 16:58:43,BACKREST 12152 PEARLY YELLOW,,NGN 105300.00,Sales,false,,,0.00,0.00,0.00,0.00,,,,,,,,,,goods,2,,,Active,pcs,Pieces,280-110-016,,,,,NGN 105300.00,Cost of Goods Sold,,Inventory Asset,fifo,false,1.00,,1.00,NGN 105300.00,1.00,false,Inventory,true,true,true,110-Dental Units & Accessories,280-Equipment,Pieces,,,,,,,,,,190-200-010
5583220000000976198,2025-06-24 09:25:11,2026-01-29 17:00:16,SECT.TUBING L1400.SURGYC.MM'15,,NGN 106230.25,Sales,false,,,0.00,0.00,0.00,0.00,,,,,,,,,,goods,2,,,Active,pcs,Pieces,280-110-054,,,,,NGN 106230.25,Cost of Goods Sold,,Inventory Asset,fifo,false,1.00,,1.00,NGN 106230.25,1.00,false,Inventory,true,true,true,110-Dental Units & Accessories,280-Equipment,Pieces,,,,,,,,,,190-200-011
5583220000000976671,2025-06-24 09:25:12,2026-01-29 16:59:16,FRONT CUP-GREY-686C0190,,NGN 23110.00,Sales,false,Castellini,CASTELLINI,0.00,0.00,0.00,0.00,cm,kg,,,,,,,,goods,2,,,Active,pcs,Pieces,280-110-030,,,,,NGN 20100.33,Cost of Goods Sold,,Inventory Asset,fifo,false,1.00,,2.00,NGN 20100.33,2.00,false,Inventory,true,true,true,110-Dental Units & Accessories,280-Equipment,Pieces,,,,,,,,,,190-110-007
5583220000000977144,2025-06-24 09:25:12,2026-01-29 16:59:50,O RING 3181-GUARNIZIONE,,NGN 124.00,Sales,false,,,0.00,0.00,0.00,0.00,,,,,,,,,,goods,2,,,Active,pcs,Pieces,280-110-043,,,,,NGN 124.00,Cost of Goods Sold,,Inventory Asset,fifo,false,1.00,,1.00,NGN 124.00,1.00,false,Inventory,true,true,true,110-Dental Units & Accessories,280-Equipment,Pieces,,,,,,,,,,190-200-012
5583220000000977617,2025-06-24 09:25:12,2026-01-29 17:03:34,IMPLANTOR 2 & 2L CIRCUIT BOARD,,NGN 13222.50,Sales,false,,,0.00,0.00,0.00,0.00,,,,,,,,,,goods,2,,,Active,pcs,Pieces,280-150-003,,,,,NGN 13222.50,Cost of Goods Sold,,Inventory Asset,fifo,false,1.00,,1.00,NGN 13222.50,1.00,false,Inventory,true,true,true,150-Software,280-Equipment,Pieces,,,,,,,,,,190-200-013
5583220000000978090,2025-06-24 09:25:13,2026-01-29 08:49:57,IMPLANTOR L STERIL (F65200000),,NGN 882929.95,Sales,false,,,0.00,0.00,0.00,0.00,,,,,,,,,,goods,2,,,Active,pcs,Pieces,580-120-003,,,,,NGN 882929.95,Cost of Goods Sold,,Inventory Asset,fifo,false,1.00,,1.00,NGN 882929.95,1.00,false,Inventory,true,true,true,120-Heat Sterilizers,580-Sterilisation,Pieces,,,,,,,,,,310-500-004
5583220000000978563,2025-06-24 09:25:13,2026-01-29 16:59:29,INFRARED PHOTO DETECTOR,,NGN 8331.20,Sales,false,,,0.00,0.00,0.00,0.00,,,,,,,,,,goods,2,,,Active,pcs,Pieces,280-110-035,,,,,NGN 8331.20,Cost of Goods Sold,,Inventory Asset,fifo,false,1.00,,1.00,NGN 8331.20,1.00,false,Inventory,true,true,true,110-Dental Units & Accessories,280-Equipment,Pieces,,,,,,,,,,190-200-014
5583220000000979036,2025-06-24 09:25:14,2026-01-29 16:59:52,"OR 1,78 X 37, 82 EPDM705H BLAC",,NGN 2321.76,Sales,false,,,0.00,0.00,0.00,0.00,,,,,,,,,,goods,2,,,Active,pcs,Pieces,280-110-044,,,,,NGN 2321.76,Cost of Goods Sold,,Inventory Asset,fifo,false,1.00,,1.00,NGN 2321.76,1.00,false,Inventory,true,true,true,110-Dental Units & Accessories,280-Equipment,Pieces,,,,,,,,,,190-500-004
5583220000000979509,2025-06-24 09:25:14,2026-01-29 16:59:05,ELECTRODE TYPE H (FE6001049),,NGN 21700.00,Sales,false,Castellini,CASTELLINI,0.00,0.00,0.00,0.00,cm,kg,,,,,,,,goods,2,,,Active,pcs,Pieces,280-110-026,,,,,NGN 13283.67,Cost of Goods Sold,,Inventory Asset,fifo,false,1.00,,1.00,NGN 13283.67,1.00,false,Inventory,true,true,true,110-Dental Units & Accessories,280-Equipment,Pieces,,,,,,,,,,190-120-011
5583220000000979984,2025-06-24 09:25:15,2026-01-29 17:00:27,SHS 1LT.TANK GROUP (97466307),,NGN 69000.00,Sales,false,,,0.00,0.00,0.00,0.00,,,,,,,,,,goods,2,,,Active,pcs,Pieces,280-110-059,,,,,NGN 48818.74,Cost of Goods Sold,,Inventory Asset,fifo,false,1.00,,1.00,NGN 48818.74,1.00,false,Inventory,true,true,true,110-Dental Units & Accessories,280-Equipment,Pieces,,,,,,,,,,190-200-015
5583220000000980457,2025-06-24 09:25:15,2026-01-29 16:59:48,O RING 127-M5800127,,NGN 165.00,Sales,false,,,0.00,0.00,0.00,0.00,,,,,,,,,,goods,2,,,Active,pcs,Pieces,280-110-042,,,,,NGN 122.222222,Cost of Goods Sold,,Inventory Asset,fifo,false,1.00,,7.00,NGN 165.00,7.00,false,Inventory,true,true,true,110-Dental Units & Accessories,280-Equipment,Pieces,,,,,,,,,,190-110-008
5583220000000980930,2025-06-24 09:25:16,2026-01-29 16:59:56,PICOSOL COIL + SCREWS-H4100049,,NGN 6000.00,Sales,false,,,0.00,0.00,0.00,0.00,cm,kg,,,,,,,,goods,2,,,Active,pcs,Pieces,280-110-046,,,,,NGN 6000.00,Cost of Goods Sold,,Inventory Asset,fifo,false,1.00,,1.00,NGN 6000.00,1.00,false,Inventory,true,true,true,110-Dental Units & Accessories,280-Equipment,Pieces,,,,,,,,,,190-110-009
5583220000000981403,2025-06-24 09:25:16,2026-01-29 17:01:46,PIEZOSTERIL 5 HANDPIECE-68C000,,NGN 150500.00,Sales,false,Castellini,CASTELLINI,0.00,0.00,0.00,0.00,cm,kg,,,,,,,,goods,2,,,Active,pcs,Pieces,280-120-017,,,,,NGN 124528.54,Cost of Goods Sold,,Inventory Asset,fifo,false,1.00,,1.00,NGN 124528.54,1.00,false,Inventory,true,true,true,120-Handpieces,280-Equipment,Pieces,,,,,,,,,,190-110-010
5583220000000981876,2025-06-24 09:25:17,2026-01-29 17:01:54,WRENCH FOR REMOVAL OF MICRO PB,,NGN 5669.13,Sales,false,,,0.00,0.00,0.00,0.00,,,,,,,,,,goods,2,,,Active,pcs,Pieces,280-120-021,,,,,NGN 5669.13,Cost of Goods Sold,,Inventory Asset,fifo,false,1.00,,2.00,NGN 5669.13,2.00,false,Inventory,true,true,true,120-Handpieces,280-Equipment,Pieces,,,,,,,,,,230-100-001
5583220000000982349,2025-06-24 09:25:17,2026-01-29 17:01:58,WRENCH FOR REMOVAL OF STD HP,,NGN 2721.18,Sales,false,,,0.00,0.00,0.00,0.00,,,,,,,,,,goods,2,,,Active,pcs,Pieces,280-120-023,,,,,NGN 2721.18,Cost of Goods Sold,,Inventory Asset,fifo,false,1.00,,1.00,NGN 2721.18,1.00,false,Inventory,true,true,true,120-Handpieces,280-Equipment,Pieces,,,,,,,,,,230-100-002
5583220000000982822,2025-06-24 09:25:18,2026-01-29 17:03:48,X-RAY PC-BOARD X-70/S-E6000145,,NGN 25300.00,Sales,false,,,0.00,0.00,0.00,0.00,,,,,,,,,,goods,2,,,Active,pcs,Pieces,280-150-009,,,,,NGN 25300.00,Cost of Goods Sold,,Inventory Asset,fifo,false,1.00,,1.00,NGN 25300.00,1.00,false,Inventory,true,true,true,150-Software,280-Equipment,Pieces,,,,,,,,,,190-110-011
5583220000000983295,2025-06-24 09:25:18,2026-01-29 17:03:50,X-RAY PLATE PART PC-BOARD,,NGN 19893.79,Sales,false,,,0.00,0.00,0.00,0.00,,,,,,,,,,goods,2,,,Active,pcs,Pieces,280-150-010,,,,,NGN 19893.79,Cost of Goods Sold,,Inventory Asset,fifo,false,1.00,,1.00,NGN 19893.79,1.00,false,Inventory,true,true,true,150-Software,280-Equipment,Pieces,,,,,,,,,,190-200-016
5583220000000983768,2025-06-24 09:25:19,2026-01-29 17:03:24,25 MICRON FILTER W/FILTER CAP,,NGN 7500.00,Sales,false,Castellini,CASTELLINI,0.00,0.00,0.00,0.00,cm,kg,,,,,,,,goods,2,,,Active,pcs,Pieces,280-140-023,,,,,NGN 2690.5525,Cost of Goods Sold,,Inventory Asset,fifo,false,1.00,,16.00,NGN 2690.55,16.00,false,Inventory,true,true,true,140-Small Equipment,280-Equipment,Pieces,,,,,,,,,,190-120-012
5583220000000984241,2025-06-24 09:25:19,2026-01-29 17:03:26,50 MICRON FILTER W/FILTER CAP,,NGN 2671.199524,Sales,false,,,0.00,0.00,0.00,0.00,,,,,,,,,,goods,2,,,Active,pcs,Pieces,280-140-024,,,,,NGN 2671.20,Cost of Goods Sold,,Inventory Asset,fifo,false,1.00,,21.00,NGN 2671.20,21.00,false,Inventory,true,true,true,140-Small Equipment,280-Equipment,Pieces,,,,,,,,,,190-200-017
5583220000000984714,2025-06-24 09:25:20,2026-01-29 17:00:09,PROPORTIONAL VALVE-F301R20P0,,NGN 30200.00,Sales,false,Castellini,CASTELLINI,0.00,0.00,0.00,0.00,cm,kg,,,,,,,,goods,2,,,Active,pcs,Pieces,280-110-051,,,,,NGN 37970.13,Cost of Goods Sold,,Inventory Asset,fifo,false,1.00,,2.00,NGN 37970.13,2.00,false,Inventory,true,true,true,110-Dental Units & Accessories,280-Equipment,Pieces,,,,,,,,,,190-110-012
5583220000000985187,2025-06-24 09:25:21,2026-01-29 08:49:06,FUJI I LUTING CEMENT,,NGN 329450.00,Sales,false,,,0.00,0.00,0.00,0.00,,,,,,,,,,goods,2,,,Active,pcs,Pieces,520-150-004,,,,,NGN 220850.05,Cost of Goods Sold,,Inventory Asset,fifo,false,1.00,,5.00,NGN 164083.75,9.00,false,Inventory,true,true,true,150-Cements & Liners,520-Restorative,Pieces,,,,,,,,,,300-250-001
5583220000000985660,2025-06-24 09:25:22,2026-01-29 08:49:05,TEMP BOND,,NGN 109400.00,Sales,false,,,0.00,0.00,0.00,0.00,,,,,,,,,,goods,2,,,Active,pcs,Pieces,520-150-007,,,,,NGN 81012.70,Cost of Goods Sold,,Inventory Asset,fifo,false,1.00,,6.00,NGN 89773.92,0.00,false,Inventory,true,true,true,150-Cements & Liners,520-Restorative,Pieces,,,,,,,,,,300-250-002
5583220000000986133,2025-06-24 09:25:23,2026-01-29 08:49:05,IRM CEMENT- DENTSPLY,,NGN 112200.00,Sales,false,,,0.00,0.00,0.00,0.00,,,,,,,,,,goods,2,,,Active,pcs,Pieces,520-150-006,,,,,NGN 83108.27,Cost of Goods Sold,,Inventory Asset,fifo,false,1.00,,4.00,NGN 68579.95,0.00,false,Inventory,true,true,true,150-Cements & Liners,520-Restorative,Pieces,,,,,,,,,,300-140-001
5583220000000986606,2025-06-24 09:25:24,2026-01-29 08:49:06,DYCAL STD PK IVORY DENTSPLY,,NGN 38300.00,Sales,false,,,0.00,0.00,0.00,0.00,,,,,,,,,,goods,2,,,Active,pcs,Pieces,520-150-003,,,,,NGN 26422.38,Cost of Goods Sold,,Inventory Asset,fifo,false,1.00,,2.00,NGN 26422.40,0.00,false,Inventory,true,true,true,150-Cements & Liners,520-Restorative,Pieces,,,,,,,,,,300-250-003
5583220000000987079,2025-06-24 09:25:24,2026-01-29 09:01:54,LUMINOS UN SYRINGE A1,,NGN 25000.00,Sales,false,,,0.00,0.00,0.00,0.00,cm,kg,,,,,,,,goods,2,,,Active,Syringe,,520-160-015,,,,,NGN 11961.09,Cost of Goods Sold,,Inventory Asset,fifo,false,1.00,,9.00,NGN 11961.08,1.00,false,Inventory,true,true,true,160-Composites,520-Restorative,Pieces,,,,,,,,,,110-300-003
5583220000000987552,2025-06-24 09:25:25,2026-01-29 09:01:54,LUMINOS UN SYRINGE A3,,NGN 25000.00,Sales,false,,,0.00,0.00,0.00,0.00,cm,kg,,,,,,,,goods,2,,,Active,Syringe,,520-160-016,,,,,NGN 11961.09,Cost of Goods Sold,,Inventory Asset,fifo,false,1.00,,32.00,NGN 11907.05,0.00,false,Inventory,true,true,true,160-Composites,520-Restorative,Pieces,,,,,,,,,,110-300-004
5583220000000988025,2025-06-24 09:25:26,2026-01-29 09:01:54,LUMINOS UN SYRINGE A3.5,,NGN 25000.00,Sales,false,,,0.00,0.00,0.00,0.00,,,,,,,,,,goods,2,,,Active,Syringe,,520-160-017,,,,,NGN 11961.09,Cost of Goods Sold,,Inventory Asset,fifo,false,1.00,,20.00,NGN 11961.09,0.00,false,Inventory,true,true,true,160-Composites,520-Restorative,Pieces,,,,,,,,,,110-300-005
5583220000000988498,2025-06-24 09:25:27,2026-01-29 09:01:55,LUMINOS HF FLOW SYRINGE A1,,NGN 26000.00,Sales,false,,,0.00,0.00,0.00,0.00,,,,,,,,,,goods,2,,,Active,pcs,Pieces,520-160-014,,,,,NGN 13456.22,Cost of Goods Sold,,Inventory Asset,fifo,false,1.00,,5.00,NGN 13456.22,0.00,false,Inventory,true,true,true,160-Composites,520-Restorative,Pieces,,,,,,,,,,110-300-006
5583220000000988971,2025-06-24 09:25:28,2026-01-29 09:01:55,COMPOSITE SYRINGE 20 UNIT,,NGN 8824.74,Sales,false,,,0.00,0.00,0.00,0.00,,,,,,,,,,goods,2,,,Active,pcs,Pieces,520-160-013,,,,,NGN 8824.74,Cost of Goods Sold,,Inventory Asset,fifo,false,1.00,,1.00,NGN 8824.74,1.00,false,Inventory,true,true,true,160-Composites,520-Restorative,Pieces,,,,,,,,,,300-120-001
5583220000000989444,2025-06-24 09:25:29,2026-01-29 16:52:19,PROCEDURE TUB - MAUVE,,NGN 8110.00,Sales,false,,,0.00,0.00,0.00,0.00,,,,,,,,,,goods,2,,,Active,pcs,Pieces,200-200-016,,,,,NGN 3061.75,Cost of Goods Sold,,Inventory Asset,fifo,false,1.00,,1.00,NGN 3061.75,1.00,false,Inventory,true,true,true,200-Plastic Cup & Tray,200-Disposable Products,Pieces,,,,,,,,,,240-700-001
5583220000000989917,2025-06-24 09:25:30,2026-01-29 17:08:44,SAFE-LOK COVER FOR TUB,,NGN 3241.59,Sales,false,,,0.00,0.00,0.00,0.00,,,,,,,,,,goods,2,,,Active,pcs,Pieces,340-110-027,,,,,NGN 3241.59,Cost of Goods Sold,,Inventory Asset,fifo,false,1.00,,1.00,NGN 3241.59,1.00,false,Inventory,true,true,true,110-Accessories,340-Instruments,Pieces,,,,,,,,,,190-500-005
5583220000000990390,2025-06-24 09:25:31,2026-01-29 17:32:30,BRILL. NG ENAMEL A1/B1 4G,"Coltene Brilliant NG Universal Nanohybrid Composite. 4g Syringe. Duo Shade system, high filler content, excellent polishability.",NGN 25600.00,Sales,false,Brilliant NG,COLTENE,0.00,0.00,0.00,0.00,cm,kg,,,,,,,,goods,2,,,Active,pcs,Pieces,520-160-002,,,,,NGN 18091.47,Cost of Goods Sold,,Inventory Asset,fifo,false,1.00,,5.00,NGN 15883.04,5.00,false,Inventory,true,true,true,160-Composites,520-Restorative,Pieces,https://products.coltene.com/EN/NG/media/IMG_PAC_VB_8960-Brilliant-NG-Enamel-4g-SYR-P1-SG_OC.jpg,Published,COLTENE COMPOSITE,Type,Enamel,Shade,A1/B1,,,480-180-023
5583220000000990863,2025-06-24 09:25:33,2026-01-29 17:32:33,BRILL. NG ENAMEL A3.5/B3 4G,"Coltene Brilliant NG Universal Nanohybrid Composite. 4g Syringe. Duo Shade system, high filler content, excellent polishability.",NGN 25600.00,Sales,false,Brilliant NG,COLTENE,0.00,0.00,0.00,0.00,cm,kg,,,,,,,,goods,2,,,Active,pcs,Pieces,520-160-003,,,,,NGN 18091.47,Cost of Goods Sold,,Inventory Asset,fifo,false,1.00,,21.00,NGN 13505.65,20.00,false,Inventory,true,true,true,160-Composites,520-Restorative,Pieces,https://products.coltene.com/EN/NG/media/IMG_PAC_VB_8960-Brilliant-NG-Enamel-4g-SYR-P1-SG_OC.jpg,Published,COLTENE COMPOSITE,Type,Enamel,Shade,A3.5/B3,,,480-180-024
5583220000000991336,2025-06-24 09:25:34,2026-01-29 17:32:35,BRILL. NG ENAMEL A3/D3 4G,"Coltene Brilliant NG Universal Nanohybrid Composite. 4g Syringe. Duo Shade system, high filler content, excellent polishability.",NGN 25600.00,Sales,false,Brilliant NG,COLTENE,0.00,0.00,0.00,0.00,cm,kg,,,,,,,,goods,2,,,Active,pcs,Pieces,520-160-004,,,,,NGN 18945.75,Cost of Goods Sold,,Inventory Asset,fifo,false,1.00,,17.00,NGN 12679.28,33.00,false,Inventory,true,true,true,160-Composites,520-Restorative,Pieces,https://products.coltene.com/EN/NG/media/IMG_PAC_VB_8960-Brilliant-NG-Enamel-4g-SYR-P1-SG_OC.jpg,Published,COLTENE COMPOSITE,Type,Enamel,Shade,A3/D3,,,480-180-025
5583220000000991809,2025-06-24 09:25:35,2026-01-29 17:32:37,BRILL. NG ENAMEL TRANSP. 4G,"Coltene Brilliant NG Universal Nanohybrid Composite. 4g Syringe. Duo Shade system, high filler content, excellent polishability.",NGN 25600.00,Sales,false,Brilliant NG,COLTENE,0.00,0.00,0.00,0.00,cm,kg,,,,,,,,goods,2,,,Active,pcs,Pieces,520-160-005,,,,,NGN 11344.39,Cost of Goods Sold,,Inventory Asset,fifo,false,1.00,,5.00,NGN 11344.39,5.00,false,Inventory,true,true,true,160-Composites,520-Restorative,Pieces,https://products.coltene.com/EN/NG/media/IMG_PAC_VB_8960-Brilliant-NG-Enamel-4g-SYR-P1-SG_OC.jpg,Published,COLTENE COMPOSITE,Type,Enamel,Shade,Transp.,,,480-180-026
5583220000000992282,2025-06-24 09:25:36,2026-01-29 09:01:13,UNOLUX BCS COMPOSITE A3,,NGN 65200.00,Sales,false,UnoDent,UNODENT,0.00,0.00,0.00,0.00,cm,kg,,,,,,,,goods,2,,,Active,Syringe,,520-160-025,,,,,NGN 48281.90,Cost of Goods Sold,,Inventory Asset,fifo,false,1.00,,47.00,NGN 32713.19,14.00,false,Inventory,true,true,true,160-Composites,520-Restorative,Pieces,,,,,,,,,,300-120-006
5583220000000992755,2025-06-24 09:25:37,2026-01-29 17:32:47,BRILL.FLOW NG ENAMEL A1/B1 2.3G,"Coltene Brilliant NG Flow. Nanofilled flowable composite. 2.3g Syringe. Thixotropic, high radiopacity, excellent aesthetics.",NGN 20000.00,Sales,false,Brilliant Flow,COLTENE,0.00,0.00,0.00,0.00,cm,kg,,,,,,,,goods,2,,,Active,pcs,Pieces,520-160-009,,,,,NGN 13770.50,Cost of Goods Sold,,Inventory Asset,fifo,false,1.00,,5.00,NGN 12513.23,8.00,false,Inventory,true,true,true,160-Composites,520-Restorative,Pieces,https://products.coltene.com/EN/AE/media/IMG_PAC_VA_7101-Brilliant-Flow-SYR-P1-SG_OC.jpg,Published,COLTENE COMPOSITE,Type,Flowable,Shade,A1/B1,,,480-180-027
5583220000000993228,2025-06-24 09:25:39,2026-01-29 17:32:39,BRILL.FLOW A2/B2 2.3G,"Coltene Brilliant NG Flow. Nanofilled flowable composite. 2.3g Syringe. Thixotropic, high radiopacity, excellent aesthetics.",NGN 20000.00,Sales,false,Brilliant Flow,COLTENE,0.00,0.00,0.00,0.00,cm,kg,,,,,,,,goods,2,,,Active,pcs,Pieces,520-160-006,,,,,NGN 13765.25,Cost of Goods Sold,,Inventory Asset,fifo,false,1.00,,4.00,NGN 12513.23,11.00,false,Inventory,true,true,true,160-Composites,520-Restorative,Pieces,https://products.coltene.com/EN/AE/media/IMG_PAC_VA_7101-Brilliant-Flow-SYR-P1-SG_OC.jpg,Published,COLTENE COMPOSITE,Type,Flowable,Shade,A2/B2,,,480-180-028
5583220000000993701,2025-06-24 09:25:40,2026-01-29 17:32:41,BRILL.FLOW A3.5/B3 2.3G,"Coltene Brilliant NG Flow. Nanofilled flowable composite. 2.3g Syringe. Thixotropic, high radiopacity, excellent aesthetics.",NGN 20000.00,Sales,false,Brilliant Flow,COLTENE,0.00,0.00,0.00,0.00,cm,kg,,,,,,,,goods,2,,,Active,pcs,Pieces,520-160-007,,,,,NGN 14423.21,Cost of Goods Sold,,Inventory Asset,fifo,false,1.00,,8.00,NGN 11209.48,14.00,false,Inventory,true,true,true,160-Composites,520-Restorative,Pieces,https://products.coltene.com/EN/AE/media/IMG_PAC_VA_7101-Brilliant-Flow-SYR-P1-SG_OC.jpg,Published,COLTENE COMPOSITE,Type,Flowable,Shade,A3.5/B3,,,480-180-029
5583220000000994174,2025-06-24 09:25:41,2026-01-29 09:01:13,UNOLUX BCS FLOW COMP A2,,NGN 73000.00,Sales,false,,,0.00,0.00,0.00,0.00,,,,,,,,,,goods,2,,,Active,pcs,Pieces,520-160-026,,,,,NGN 24648.45,Cost of Goods Sold,,Inventory Asset,fifo,false,1.00,,9.00,NGN 24648.45,7.00,false,Inventory,true,true,true,160-Composites,520-Restorative,Pieces,,,,,,,,,,300-120-010
5583220000000994647,2025-06-24 09:25:42,2026-01-29 09:01:13,UNOLUX BCS COMPOSITE A1,,NGN 65200.00,Sales,false,,,0.00,0.00,0.00,0.00,,,,,,,,,,goods,2,,,Active,Syringe,,520-160-023,,,,,NGN 34094.22,Cost of Goods Sold,,Inventory Asset,fifo,false,1.00,,2.00,NGN 34094.25,0.00,false,Inventory,true,true,true,160-Composites,520-Restorative,Pieces,,,,,,,,,,300-120-011
5583220000000995120,2025-06-24 09:25:43,2026-01-29 09:01:13,UNOLUX BCS COMPOSITE A2,,NGN 65200.00,Sales,false,,,0.00,0.00,0.00,0.00,,,,,,,,,,goods,2,,,Active,Syringe,,520-160-024,,,,,NGN 34364.15,Cost of Goods Sold,,Inventory Asset,fifo,false,1.00,,1.00,NGN 34364.20,0.00,false,Inventory,true,true,true,160-Composites,520-Restorative,Pieces,,,,,,,,,,300-120-012
5583220000000995593,2025-06-24 09:25:45,2026-01-29 17:32:53,BRILL.NG ENAMEL C2/C3 4G,"Coltene Brilliant NG Universal Nanohybrid Composite. 4g Syringe. Duo Shade system, high filler content, excellent polishability.",NGN 25600.00,Sales,false,Brilliant NG,COLTENE,0.00,0.00,0.00,0.00,cm,kg,,,,,,,,goods,2,,,Active,pcs,Pieces,520-160-011,,,,,NGN 14041.96,Cost of Goods Sold,,Inventory Asset,fifo,false,1.00,,1.00,NGN 11344.36,3.00,false,Inventory,true,true,true,160-Composites,520-Restorative,Pieces,https://products.coltene.com/EN/NG/media/IMG_PAC_VB_8960-Brilliant-NG-Enamel-4g-SYR-P1-SG_OC.jpg,Published,COLTENE COMPOSITE,Type,Enamel,Shade,C2/C3,,,480-180-030
5583220000000996068,2025-06-24 09:25:46,2026-01-29 17:32:49,BRILL.NG ENAMEL A2/B2 4G,"Coltene Brilliant NG Universal Nanohybrid Composite. 4g Syringe. Duo Shade system, high filler content, excellent polishability.",NGN 25600.00,Sales,false,Brilliant NG,COLTENE,0.00,0.00,0.00,0.00,cm,kg,,,,,,,,goods,2,,,Active,pcs,Pieces,520-160-010,,,,,NGN 18091.47,Cost of Goods Sold,,Inventory Asset,fifo,false,1.00,,6.00,NGN 16160.45,0.00,false,Inventory,true,true,true,160-Composites,520-Restorative,Pieces,https://products.coltene.com/EN/NG/media/IMG_PAC_VB_8960-Brilliant-NG-Enamel-4g-SYR-P1-SG_OC.jpg,Published,COLTENE COMPOSITE,Type,Enamel,Shade,A2/B2,,,480-180-031
5583220000000996541,2025-06-24 09:25:47,2026-01-29 16:57:04,MICRO APPLICATOR TIPS,,NGN 8500.00,Sales,false,UnoDent,UNODENT,0.00,0.00,0.00,0.00,cm,kg,,,,,,,,goods,2,,,Active,Pack(s),,260-200-004,,,,,NGN 1295.70,Cost of Goods Sold,,Inventory Asset,fifo,false,1.00,,96.00,NGN 1295.73,0.00,false,Inventory,true,true,true,200-Rubber Dam Systems,260-Endodontics,Pieces,,,,,,,,,,320-200-001
5583220000000997014,2025-06-24 09:25:48,2026-01-29 17:03:58,OPTIGUARD REFILL,,NGN 189900.00,Sales,false,,,0.00,0.00,0.00,0.00,,,,,,,,,,goods,2,,,Active,pcs,Pieces,280-170-003,,,,,NGN 140536.43,Cost of Goods Sold,,Inventory Asset,fifo,false,1.00,,4.00,NGN 131015.19,6.00,false,Inventory,true,true,true,170-X-Ray Units & Accessories,280-Equipment,Pieces,,,,,,,,,,320-200-002
5583220000000997487,2025-06-24 09:25:49,2026-01-29 16:48:28,EVA BAGS,,NGN 19400.00,Sales,false,,,0.00,0.00,0.00,0.00,cm,kg,,,,,,,,goods,2,,,Active,pcs,Pieces,200-110-025,,,,,NGN 14302.98,Cost of Goods Sold,,Inventory Asset,fifo,false,1.00,,57.00,NGN 9874.56,52.00,false,Inventory,true,true,true,110-Barrier Products,200-Disposable Products,Pieces,,,,,,,,,,
5583220000000997960,2025-06-24 09:25:51,2026-01-29 08:49:07,ONE COAT 7.0 REF,,NGN 146100.00,Sales,false,Coltene,COLTENE,0.00,0.00,0.00,0.00,cm,kg,,,,,,,,goods,2,,,Active,pcs,Pieces,520-140-003,,,,,NGN 76243.31,Cost of Goods Sold,,Inventory Asset,fifo,false,1.00,,69.00,NGN 102688.64,41.00,false,Inventory,true,true,true,140-Bonding Agents,520-Restorative,Pieces,,,,,,,,,,320-200-004
5583220000000998433,2025-06-24 09:25:52,2026-01-29 08:49:07,UNI. BOND INTRO KIT TOKUYAMA,,NGN 387200.00,Sales,false,,,0.00,0.00,0.00,0.00,cm,kg,,,,,,,,goods,2,,,Active,pcs,Pieces,520-140-004,,,,,NGN 273923.74,Cost of Goods Sold,,Inventory Asset,fifo,false,1.00,,2.00,NGN 262030.35,3.00,false,Inventory,true,true,true,140-Bonding Agents,520-Restorative,Pieces,,,,,,,,,,250-300-001
5583220000000998906,2025-06-24 09:25:53,2026-01-29 09:01:12,TOKUYAMA PLASTIC DISPENS. TIPS,,NGN 28110.00,Sales,false,,,0.00,0.00,0.00,0.00,,,,,,,,,,goods,2,,,Active,pcs,Pieces,520-160-029,,,,,NGN 18593.41,Cost of Goods Sold,,Inventory Asset,fifo,false,1.00,,3.00,NGN 18593.41,3.00,false,Inventory,true,true,true,160-Composites,520-Restorative,Pieces,,,,,,,,,,190-400-001
5583220000000999379,2025-06-24 09:25:54,2026-01-29 16:47:14,NITE WHITE ACP 22%,,NGN 46200.00,Sales,false,,,0.00,0.00,0.00,0.00,,,,,,,,,,goods,2,,,Active,pcs,Pieces,180-120-001,,,,,NGN 34206.84,Cost of Goods Sold,,Inventory Asset,fifo,false,1.00,,42.00,NGN 42476.11,41.00,false,Inventory,true,true,true,120-Whitening Gels,180-Cosmetics,Pieces,,,,,,,,,,320-100-001
5583220000000999852,2025-06-24 09:25:55,2026-01-29 16:47:20,ZOOM KIT (for 2 Patients),,NGN 243200.00,Income- Dental Materials,false,,,0.00,0.00,0.00,0.00,cm,kg,,,,,,,,goods,2,,,Active,pcs,Pieces,180-130-001,,,,,NGN 180144.25,Cost of Goods Sold,,Inventory Asset,fifo,false,1.00,,58.00,NGN 138638.25,38.00,false,Inventory,true,true,true,130-Whitening Kits,180-Cosmetics,Pieces,,,,,,,,,,320-100-002
5583220000001000325,2025-06-24 09:25:56,2026-01-29 16:47:23,ZOOM KIT (for 2 patients) with TOUCH-UP,,NGN 364800.00,Sales,false,,,0.00,0.00,0.00,0.00,cm,kg,,,,,,,,goods,2,,,Active,pcs,Pieces,180-130-002,,,,,NGN 197544.50,Cost of Goods Sold,cm,Inventory Asset,fifo,false,1.00,,24.00,NGN 155743.47,55.00,false,Inventory,true,true,true,130-Whitening Kits,180-Cosmetics,Pieces,,,,,,,,,,320-100-003
5583220000001000798,2025-06-24 09:25:57,2026-01-29 16:47:10,ZOOM PROTECTIVE EYEWEAR,,NGN 9896.075,Sales,false,,,0.00,0.00,0.00,0.00,,,,,,,,,,goods,2,,,Active,pcs,Pieces,180-110-001,,,,,NGN 9896.08,Cost of Goods Sold,,Inventory Asset,fifo,false,1.00,,2.00,NGN 9896.08,0.00,false,Inventory,true,true,true,110-Whitening Equipment,180-Cosmetics,Pieces,,,,,,,,,,320-100-004
5583220000001001271,2025-06-24 09:25:58,2026-01-29 16:47:12,ZOOM ADVANCE POWER LAMP-W/S,,NGN 3200000.00,Sales,false,,,0.00,0.00,0.00,0.00,,,,,,,,,,goods,2,,,Active,pcs,Pieces,180-110-002,,,,,NGN 2150743.13,Cost of Goods Sold,,Inventory Asset,fifo,false,1.00,,1.00,NGN 2150743.13,1.00,false,Inventory,true,true,true,110-Whitening Equipment,180-Cosmetics,Pieces,,,,,,,,,,190-200-018
5583220000001001744,2025-06-24 09:25:59,2026-01-29 08:58:57,CROWN FORMS ANTERIOR SET-TDV,,NGN 66500.00,Sales,false,,,0.00,0.00,0.00,0.00,,,,,,,,,,goods,2,,,Active,pcs,Pieces,520-190-015,,,,,NGN 49250.45,Cost of Goods Sold,,Inventory Asset,fifo,false,1.00,,3.00,NGN 49250.48,3.00,false,Inventory,true,true,true,190-Matrix Systems,520-Restorative,Pieces,,,,,,,,,,300-710-001
5583220000001002217,2025-06-24 09:26:01,2026-01-29 08:58:57,CROWN FORMS POSTERIOR SET-TDV,,NGN 66500.00,Sales,false,,,0.00,0.00,0.00,0.00,,,,,,,,,,goods,2,,,Active,pcs,Pieces,520-190-016,,,,,NGN 49250.45,Cost of Goods Sold,,Inventory Asset,fifo,false,1.00,,3.00,NGN 49250.48,2.00,false,Inventory,true,true,true,190-Matrix Systems,520-Restorative,Pieces,,,,,,,,,,300-710-002
5583220000001002690,2025-06-24 09:26:01,2026-01-29 17:11:06,IWANSON CALIPER,,NGN 7100.00,Sales,false,Medesy,MEDESY,0.00,0.00,0.00,0.00,cm,kg,,,,,,,,goods,2,,,Active,pcs,Pieces,340-140-001,,,,,NGN 2407.54,Cost of Goods Sold,,Inventory Asset,fifo,false,1.00,,2.00,NGN 2407.54,2.00,false,Inventory,true,true,true,140-Laboratory Instruments,340-Instruments,Pieces,,,,,,,,,,300-720-001
5583220000001003163,2025-06-24 09:26:02,2026-01-29 08:58:57,CROWN FORM REFILL-PELLA #171,,NGN 76700.00,Sales,false,,,0.00,0.00,0.00,0.00,,,,,,,,,,goods,2,,,Active,pcs,Pieces,520-190-014,,,,,NGN 16098.18,Cost of Goods Sold,,Inventory Asset,fifo,false,1.00,,2.00,NGN 16098.18,2.00,false,Inventory,true,true,true,190-Matrix Systems,520-Restorative,Pieces,,,,,,,,,,300-710-003
5583220000001003636,2025-06-24 09:26:04,2026-01-29 08:58:58,CROWN FORM REFILL #2 L&R,,NGN 76700.00,Sales,false,,,0.00,0.00,0.00,0.00,,,,,,,,,,goods,2,,,Active,box,Box,520-190-009,,,,,NGN 15532.84,Cost of Goods Sold,,Inventory Asset,fifo,false,1.00,,4.00,NGN 15532.84,4.00,false,Inventory,true,true,true,190-Matrix Systems,520-Restorative,Pieces,,,,,,,,,,300-710-004
5583220000001004109,2025-06-24 09:26:05,2026-01-29 08:58:57,CROWN FORM REFILL #5 L&R,,NGN 76700.00,Sales,false,,,0.00,0.00,0.00,0.00,,,,,,,,,,goods,2,,,Active,box,Box,520-190-013,,,,,NGN 15532.84,Cost of Goods Sold,,Inventory Asset,fifo,false,1.00,,4.00,NGN 15532.84,4.00,false,Inventory,true,true,true,190-Matrix Systems,520-Restorative,Pieces,,,,,,,,,,300-710-005
5583220000001004582,2025-06-24 09:26:06,2026-01-29 08:58:58,CROWN FORM REFILL #23 L&R,,NGN 76700.00,Sales,false,,,0.00,0.00,0.00,0.00,,,,,,,,,,goods,2,,,Active,box,Box,520-190-011,,,,,NGN 31065.67,Cost of Goods Sold,,Inventory Asset,fifo,false,1.00,,2.00,NGN 31065.67,2.00,false,Inventory,true,true,true,190-Matrix Systems,520-Restorative,Pieces,,,,,,,,,,300-710-006
5583220000001005055,2025-06-24 09:26:07,2026-01-29 08:58:57,CROWN FORM REFILL #33 L&R,,NGN 76700.00,Sales,false,,,0.00,0.00,0.00,0.00,,,,,,,,,,goods,2,,,Active,box,Box,520-190-012,,,,,NGN 10355.22,Cost of Goods Sold,,Inventory Asset,fifo,false,1.00,,3.00,NGN 10355.22,3.00,false,Inventory,true,true,true,190-Matrix Systems,520-Restorative,Pieces,,,,,,,,,,300-710-007
5583220000001005528,2025-06-24 09:26:08,2026-01-29 08:58:58,CROWN FORM REFILL #203 L&R,,NGN 76700.00,Sales,false,,,0.00,0.00,0.00,0.00,,,,,,,,,,goods,2,,,Active,box,Box,520-190-010,,,,,NGN 20710.45,Cost of Goods Sold,,Inventory Asset,fifo,false,1.00,,3.00,NGN 20710.45,3.00,false,Inventory,true,true,true,190-Matrix Systems,520-Restorative,Pieces,,,,,,,,,,300-710-008
5583220000001006001,2025-06-24 09:26:09,2026-01-29 08:56:53,RETRACTION CORD - STAY PUT 0 X,,NGN 24700.00,Sales,false,Roeko,COLTENE,0.00,0.00,0.00,0.00,cm,kg,,,,,,,,goods,2,,,Active,Pack(s),,520-190-029,,,,,NGN 18263.61,Cost of Goods Sold,,Inventory Asset,fifo,false,1.00,,2.00,NGN 7534.62,3.00,false,Inventory,true,true,true,190-Matrix Systems,520-Restorative,Pieces,,,,,,,,,,300-730-001
5583220000001006474,2025-06-24 09:26:11,2026-01-29 08:56:53,RETRACTION CORD - STAY PUT 1,,NGN 24700.00,Sales,false,Roeko,COLTENE,0.00,0.00,0.00,0.00,cm,kg,,,,,,,,goods,2,,,Active,Pack(s),,520-190-030,,,,,NGN 18263.61,Cost of Goods Sold,,Inventory Asset,fifo,false,1.00,,2.00,NGN 11858.79,2.00,false,Inventory,true,true,true,190-Matrix Systems,520-Restorative,Pieces,,,,,,,,,,300-730-002
5583220000001006947,2025-06-24 09:26:12,2026-01-29 08:56:53,RETRACTION CORD - STAY PUT 2,,NGN 24700.00,Sales,false,Roeko,COLTENE,0.00,0.00,0.00,0.00,cm,kg,,,,,,,,goods,2,,,Active,Pack(s),,520-190-031,,,,,NGN 18263.61,Cost of Goods Sold,,Inventory Asset,fifo,false,1.00,,2.00,NGN 11858.79,2.00,false,Inventory,true,true,true,190-Matrix Systems,520-Restorative,Pieces,,,,,,,,,,300-730-003
5583220000001007420,2025-06-24 09:26:13,2026-01-29 08:56:52,RETRACTION CORD - STAY PUT 3,,NGN 24700.00,Sales,false,Roeko,COLTENE,0.00,0.00,0.00,0.00,cm,kg,,,,,,,,goods,2,,,Active,Pack(s),,520-190-032,,,,,NGN 9696.70,Cost of Goods Sold,,Inventory Asset,fifo,false,1.00,,2.00,NGN 9696.70,2.00,false,Inventory,true,true,true,190-Matrix Systems,520-Restorative,Pieces,,,,,,,,,,300-730-004
5583220000001007893,2025-06-24 09:26:14,2026-01-29 08:58:59,CROWN FORM REFILL #1 L&R,,NGN 76700.00,Sales,false,,,0.00,0.00,0.00,0.00,,,,,,,,,,goods,2,,,Active,box,Box,520-190-003,,,,,NGN 41292.18,Cost of Goods Sold,,Inventory Asset,fifo,false,1.00,,4.00,NGN 41292.18,2.00,false,Inventory,true,true,true,190-Matrix Systems,520-Restorative,Pieces,,,,,,,,,,300-710-009
5583220000001008366,2025-06-24 09:26:15,2026-01-29 08:58:59,CROWN FORM REFILL #11 L&R,,NGN 76700.00,Sales,false,,,0.00,0.00,0.00,0.00,,,,,,,,,,goods,2,,,Active,box,Box,520-190-005,,,,,NGN 56794.67,Cost of Goods Sold,,Inventory Asset,fifo,false,1.00,,1.00,NGN 41292.18,2.00,false,Inventory,true,true,true,190-Matrix Systems,520-Restorative,Pieces,,,,,,,,,,300-710-010
5583220000001008841,2025-06-24 09:26:16,2026-01-29 09:01:09,CROWN FORM REFIL #111 L&R,,NGN 76700.00,Sales,false,,,0.00,0.00,0.00,0.00,,,,,,,,,,goods,2,,,Active,box,Box,520-190-001,,,,,NGN 56794.68,Cost of Goods Sold,,Inventory Asset,fifo,false,1.00,,2.00,NGN 41292.18,4.00,false,Inventory,true,true,true,190-Matrix Systems,520-Restorative,Pieces,,,,,,,,,,300-710-011
5583220000001009316,2025-06-24 09:26:17,2026-01-29 08:58:58,CROWN FORM REFILL #161 L&R,,NGN 76700.00,Sales,false,,,0.00,0.00,0.00,0.00,,,,,,,,,,goods,2,,,Active,box,Box,520-190-007,,,,,NGN 56794.67,Cost of Goods Sold,,Inventory Asset,fifo,false,1.00,,1.00,NGN 41292.18,2.00,false,Inventory,true,true,true,190-Matrix Systems,520-Restorative,Pieces,,,,,,,,,,300-710-012
5583220000001009789,2025-06-24 09:26:17,2026-01-29 16:51:12,CROSSTEX BIBS - BLUE,"Premium 2-Ply Tissue, 1-Ply Poly (poly-back) Dental Bibs. Embossed horizontal pattern for maximum absorbency and water resistance. Size: 13"" x 18"".",NGN 101200.00,Sales,false,Crosstex,CROSSTEX,3.18,45.00,33.00,21.00,cm,kg,,,,,,,,goods,2,,,Active,box,Box,200-190-002,,,,,NGN 61143.69,Cost of Goods Sold,,Inventory Asset,fifo,false,1.00,,4.00,NGN 44342.18,12.00,false,Inventory,true,true,true,190-Patient Bibs,200-Disposable Products,Pieces,https://www.crosstex.com,Published,Crosstex Patient Bibs,Color,Blue,,,,,140-550-001
5583220000001010262,2025-06-24 09:26:18,2026-01-29 16:51:14,CROSSTEX BIBS - LAVENDER,"Premium 2-Ply Tissue, 1-Ply Poly (poly-back) Dental Bibs. Embossed horizontal pattern for maximum absorbency and water resistance. Size: 13"" x 18"".",NGN 101200.00,Sales,false,Crosstex,CROSSTEX,3.18,45.00,33.00,21.00,cm,kg,,,,,,,,goods,2,,,Active,box,Box,200-190-003,,,,,NGN 61143.69,Cost of Goods Sold,,Inventory Asset,fifo,false,1.00,,15.00,NGN 44342.14,7.00,false,Inventory,true,true,true,190-Patient Bibs,200-Disposable Products,Pieces,https://www.crosstex.com,Published,Crosstex Patient Bibs,Color,Lavender,,,,,140-550-002
5583220000001010735,2025-06-24 09:26:18,2026-01-29 16:51:16,CROSSTEX BIBS - PEACH 500PK,"Premium 2-Ply Tissue, 1-Ply Poly (poly-back) Dental Bibs. Embossed horizontal pattern for maximum absorbency and water resistance. Size: 13"" x 18"".",NGN 101200.00,Sales,false,Crosstex,CROSSTEX,3.18,45.00,33.00,21.00,cm,kg,,,,,,,,goods,2,,,Active,box,Box,200-190-004,,,,,NGN 61143.69,Cost of Goods Sold,,Inventory Asset,fifo,false,1.00,,19.00,NGN 44342.14,18.00,false,Inventory,true,true,true,190-Patient Bibs,200-Disposable Products,Pieces,https://www.crosstex.com,Published,Crosstex Patient Bibs,Color,Peach,,,,,140-550-003
5583220000001011208,2025-06-24 09:26:18,2026-01-29 16:51:18,CROSSTEX BIBS - YELLOW 500PK,"Premium 2-Ply Tissue, 1-Ply Poly (poly-back) Dental Bibs. Embossed horizontal pattern for maximum absorbency and water resistance. Size: 13"" x 18"".",NGN 101200.00,Sales,false,Crosstex,CROSSTEX,3.18,45.00,33.00,21.00,cm,kg,,,,,,,,goods,2,,,Active,box,Box,200-190-005,,,,,NGN 61143.69,Cost of Goods Sold,,Inventory Asset,fifo,false,1.00,,11.00,NGN 44342.15,14.00,false,Inventory,true,true,true,190-Patient Bibs,200-Disposable Products,Pieces,https://www.crosstex.com,Published,Crosstex Patient Bibs,Color,Yellow,,,,,140-550-004
5583220000001011681,2025-06-24 09:26:19,2026-01-29 16:51:29,PLASDENT BIBS 2-PLY PINK,"Premium 2-Ply Tissue, 1-Ply Poly (poly-back) Dental Bibs. Embossed horizontal pattern for maximum absorbency and water resistance. Size: 13"" x 18"".",NGN 62760.00,Sales,false,Plasdent,PLASDENT,3.18,45.00,33.00,21.00,cm,kg,,,,,,,,goods,2,,,Active,box,Box,200-190-010,,,,,NGN 41368.67,Cost of Goods Sold,,Inventory Asset,fifo,false,1.00,,1.00,NGN 30855.60,15.00,false,Inventory,true,true,true,190-Patient Bibs,200-Disposable Products,Pieces,https://www.plasdent.com,Queue for Upload,Plasdent Patient Bibs,Color,Pink,,,,,180-220-005
5583220000001012154,2025-06-24 09:26:19,2026-01-29 16:51:31,PLASDENT BIBS 2-PLY YELLOW,"Premium 2-Ply Tissue, 1-Ply Poly (poly-back) Dental Bibs. Embossed horizontal pattern for maximum absorbency and water resistance. Size: 13"" x 18"".",NGN 62760.00,Sales,false,Plasdent,PLASDENT,3.18,45.00,33.00,21.00,cm,kg,,,,,,,,goods,2,,,Active,box,Box,200-190-011,,,,,NGN 41368.67,Cost of Goods Sold,,Inventory Asset,fifo,false,1.00,,15.00,NGN 30855.52,11.00,false,Inventory,true,true,true,190-Patient Bibs,200-Disposable Products,Pieces,https://www.plasdent.com,Queue for Upload,Plasdent Patient Bibs,Color,Yellow,,,,,180-220-006
5583220000001012627,2025-06-24 09:26:20,2026-01-29 16:51:22,PLASDENT BIBS 2-PLY GREEN,"Premium 2-Ply Tissue, 1-Ply Poly (poly-back) Dental Bibs. Embossed horizontal pattern for maximum absorbency and water resistance. Size: 13"" x 18"".",NGN 62760.00,Sales,false,Plasdent,PLASDENT,3.18,45.00,33.00,21.00,cm,kg,,,,,,,,goods,2,,,Active,box,Box,200-190-007,,,,,NGN 41368.67,Cost of Goods Sold,,Inventory Asset,fifo,false,1.00,,1.00,NGN 30855.61,17.00,false,Inventory,true,true,true,190-Patient Bibs,200-Disposable Products,Pieces,https://www.plasdent.com,Queue for Upload,Plasdent Patient Bibs,Color,Green,,,,,180-220-007
5583220000001013100,2025-06-24 09:26:20,2026-01-29 16:50:48,UNODENT NITRISOFT NITRILE EXAMINATION GLOVES BLUE SMALL (200 PK),,NGN 14100.00,Sales,false,UnoDent,UNODENT,0.00,0.00,0.00,0.00,cm,kg,,,,,,,,goods,2,,,Active,Pack(s),,200-170-020,,,,,NGN 10395.62,Cost of Goods Sold,,Inventory Asset,fifo,false,1.00,,20.00,NGN 6433.39,13.00,false,Inventory,true,true,true,170-Gloves,200-Disposable Products,Pieces,,,,,,,,,,250-400-006
5583220000001013573,2025-06-24 09:26:21,2026-01-29 16:50:46,UNODENT LATEX GLOVES SMALL,,NGN 12532.83167,Sales,false,,,0.00,0.00,0.00,0.00,,,,,,,,,,goods,2,,,Active,pcs,Pieces,200-170-019,,,,,NGN 12532.80,Cost of Goods Sold,,Inventory Asset,fifo,false,1.00,,48.00,NGN 12532.83,0.00,false,Inventory,true,true,true,170-Gloves,200-Disposable Products,Pieces,,,,,,,,,,250-400-007
5583220000001014046,2025-06-24 09:26:21,2026-01-29 16:50:08,BRIGHTWAY POWDER-FREE NITRILE,,NGN 7950.00,Sales,false,,,0.00,0.00,0.00,0.00,,,,,,,,,,goods,2,,,Active,pcs,Pieces,200-170-003,,,,,NGN 7950.00,Cost of Goods Sold,,Inventory Asset,fifo,false,1.00,,8.00,NGN 7950.00,8.00,false,Inventory,true,true,true,170-Gloves,200-Disposable Products,Pieces,,,,,,,,,,140-300-001
5583220000001014519,2025-06-24 09:26:21,2026-01-29 16:50:10,GLOVES NITRILE UTILITY - SIZE7,,NGN 22000.00,Sales,false,,,0.00,0.00,0.00,0.00,,,,,,,,,,goods,2,,,Active,box,Box,200-170-004,,,,,NGN 4224.47,Cost of Goods Sold,,Inventory Asset,fifo,false,1.00,,11.00,NGN 4224.47,11.00,false,Inventory,true,true,true,170-Gloves,200-Disposable Products,Pieces,,,,,,,,,,140-320-001
5583220000001014992,2025-06-24 09:26:22,2026-01-29 16:50:37,UNBEATABLE NITRILE GLOVES- L,,NGN 7500.00,Sales,false,,,0.00,0.00,0.00,0.00,,,,,,,,,,goods,2,,,Active,pcs,Pieces,200-170-015,,,,,NGN 3306.72,Cost of Goods Sold,,Inventory Asset,fifo,false,1.00,,25.00,NGN 3306.72,25.00,false,Inventory,true,true,true,170-Gloves,200-Disposable Products,Pieces,,,,,,,,,,140-300-002
5583220000001015465,2025-06-24 09:26:22,2026-01-29 16:50:33,MEDITRADE GENTLE SKIN COMPACT + LATEX GLOVES POWDER FREE SMALL (100/BOX),"Meditrade Gentle Skin Compact + Latex Gloves. Powder-free, natural white, micro-roughened. 100/Box.",NGN 14100.00,Sales,false,MEDITRADE,MEDITRADE,0.00,0.00,0.00,0.00,cm,kg,,,,,,,,goods,2,,,Active,Pack(s),,200-170-013,,,,,NGN 10395.62,Cost of Goods Sold,,Inventory Asset,fifo,false,1.00,,5.00,NGN 7404.77,30.00,false,Inventory,true,true,true,170-Gloves,200-Disposable Products,Pieces,https://www.safetygloves.co.uk/meditrade-gentle-skin-powder-free-latex-disposable-examination-gloves-box-of-100.html,Queue for Upload,MEDITRADE GLOVES,Size,Small,,,,,180-160-001
5583220000001015938,2025-06-24 09:26:23,2026-01-29 16:50:30,MEDITRADE GENTLE SKIN COMPACT + LATEX GLOVES POWDER FREE MEDIUM (100/BOX),"Meditrade Gentle Skin Compact + Latex Gloves. Powder-free, natural white, micro-roughened. 100/Box.",NGN 14100.00,Sales,false,MEDITRADE,MEDITRADE,0.00,0.00,0.00,0.00,cm,kg,,,,,,,,goods,2,,,Active,Pack(s),,200-170-012,,,,,NGN 10395.62,Cost of Goods Sold,,Inventory Asset,fifo,false,1.00,,55.00,NGN 11479.83,100.00,false,Inventory,true,true,true,170-Gloves,200-Disposable Products,Pieces,https://www.safetygloves.co.uk/meditrade-gentle-skin-powder-free-latex-disposable-examination-gloves-box-of-100.html,Queue for Upload,MEDITRADE GLOVES,Size,Medium,,,,,180-160-002
5583220000001016411,2025-06-24 09:26:24,2026-01-29 16:50:25,MEDITRADE GENTLE SKIN COMPACT + LATEX GLOVES POWDER FREE LARGE (100/BOX),"Meditrade Gentle Skin Compact + Latex Gloves. Powder-free, natural white, micro-roughened. 100/Box.",NGN 14100.00,Sales,false,MEDITRADE,MEDITRADE,0.00,0.00,0.00,0.00,cm,kg,,,,,,,,goods,2,,,Active,Pack(s),,200-170-010,,,,,NGN 11781.93,Cost of Goods Sold,,Inventory Asset,fifo,false,1.00,,31.00,NGN 11781.92,0.00,false,Inventory,true,true,true,170-Gloves,200-Disposable Products,Pieces,https://www.safetygloves.co.uk/meditrade-gentle-skin-powder-free-latex-disposable-examination-gloves-box-of-100.html,Queue for Upload,MEDITRADE GLOVES,Size,Large,,,,,180-160-003
5583220000001016884,2025-06-24 09:26:24,2026-01-29 16:50:39,UNICARE NITRILE WHITE (MEDIUM),,NGN 5700.00,Sales,false,,,0.00,0.00,0.00,0.00,cm,kg,,,,,,,,goods,2,,,Active,pcs,Pieces,200-170-016,,,,,NGN 4000.00,Cost of Goods Sold,cm,Inventory Asset,fifo,false,1.00,,96.00,NGN 3500.00,204.00,false,Inventory,true,true,true,170-Gloves,200-Disposable Products,Pieces,,,,,,,,,,140-300-006
5583220000001017357,2025-06-24 09:26:24,2026-01-29 16:50:13,GLOVES NITRILE UTILITY - SIZE8,,NGN 22000.00,Sales,false,,,0.00,0.00,0.00,0.00,,,,,,,,,,goods,2,,,Active,box,Box,200-170-005,,,,,NGN 16235.31,Cost of Goods Sold,,Inventory Asset,fifo,false,1.00,,3.00,NGN 4887.68,12.00,false,Inventory,true,true,true,170-Gloves,200-Disposable Products,Pieces,,,,,,,,,,140-320-002
5583220000001017830,2025-06-24 09:26:25,2026-01-29 16:50:15,GLOVES NITRILE UTILITY - SIZE9,,NGN 22000.00,Sales,false,,,0.00,0.00,0.00,0.00,cm,kg,,,,,,,,goods,2,,,Active,box,Box,200-170-006,,,,,NGN 16235.31,Cost of Goods Sold,,Inventory Asset,fifo,false,1.00,,2.00,NGN 12519.95,12.00,false,Inventory,true,true,true,170-Gloves,200-Disposable Products,Pieces,,,,,,,,,,140-320-003
5583220000001018303,2025-06-24 09:26:25,2026-01-29 16:50:23,GLOVES-LARGE-BLOSSOM/POWDER FREE,,NGN 25230.00,Sales,false,Blossom,BLOSSOM,0.00,0.00,0.00,0.00,cm,kg,,,,,,,,goods,2,,,Active,box,Box,200-170-009,,,,,NGN 14611.77,Cost of Goods Sold,,Inventory Asset,fifo,false,1.00,,38.00,NGN 12583.38,36.00,false,Inventory,true,true,true,170-Gloves,200-Disposable Products,Pieces,,,,,,,,,,140-300-007
5583220000001018776,2025-06-24 09:26:26,2026-01-29 16:50:19,GLOVES NITRILE UTILITY -SIZE10,,NGN 22000.00,Sales,false,,,0.00,0.00,0.00,0.00,,,,,,,,,,goods,2,,,Active,box,Box,200-170-008,,,,,NGN 3512.80,Cost of Goods Sold,,Inventory Asset,fifo,false,1.00,,3.00,NGN 3512.80,3.00,false,Inventory,true,true,true,170-Gloves,200-Disposable Products,Pieces,,,,,,,,,,140-320-004
5583220000001019249,2025-06-24 09:26:26,2026-01-29 17:17:54,CAN LINER - LARGE,,NGN 8700.00,Sales,false,,,0.00,0.00,0.00,0.00,cm,kg,,,,,,,,goods,2,,,Active,pcs,Pieces,360-110-001,,,,,NGN 3865.10,Cost of Goods Sold,,Inventory Asset,fifo,false,1.00,,42.00,NGN 3868.48,41.00,false,Inventory,true,true,true,110-Janitorial Waste,360-Janitorial Supplies,Pieces,,,,,,,,,,220-100-001
5583220000001019722,2025-06-24 09:26:27,2026-01-29 17:17:58,CAN LINER -SMALL,,NGN 8400.00,Sales,false,,,0.00,0.00,0.00,0.00,cm,kg,,,,,,,,goods,2,,,Active,pcs,Pieces,360-110-003,,,,,NGN 3203.50,Cost of Goods Sold,,Inventory Asset,fifo,false,1.00,,52.00,NGN 3203.49,52.00,false,Inventory,true,true,true,110-Janitorial Waste,360-Janitorial Supplies,Pieces,,,,,,,,,,220-100-002
5583220000001020195,2025-06-24 09:26:27,2026-01-29 16:48:30,COTTON ROLL -ROEKO,,NGN 32300.00,Sales,false,Coltene,COLTENE,0.00,0.00,0.00,0.00,cm,kg,,,,,,,,goods,2,,,Active,Pack(s),,200-120-001,,,,,NGN 23862.27,Cost of Goods Sold,,Inventory Asset,fifo,false,1.00,,54.00,NGN 20696.18,33.00,false,Inventory,true,true,true,120-Cotton Products,200-Disposable Products,Pieces,,,,,,,,,,140-210-001
5583220000001020668,2025-06-24 09:26:28,2026-01-29 16:51:39,DISPO TRAY LINERS (50PK),,NGN 11700.00,Sales,false,UnoDent,UNODENT,0.00,0.00,0.00,0.00,cm,kg,,,,,,,,goods,2,,,Active,Pack(s),,200-200-001,,,,,NGN 8610.52,Cost of Goods Sold,,Inventory Asset,fifo,false,1.00,,8.00,NGN 3712.70,93.00,false,Inventory,true,true,true,200-Plastic Cup & Tray,200-Disposable Products,Pieces,,,,,,,,,,140-120-001
5583220000001021141,2025-06-24 09:26:28,2026-01-29 16:51:53,N'SURE PLASTIC CUP LAVENDER,,NGN 70700.00,Sales,false,N'SURE,N'SURE,0.00,0.00,0.00,0.00,cm,kg,,,,,,,,goods,2,,,Active,Pack(s),,200-200-006,,,,,NGN 47012.71,Cost of Goods Sold,,Inventory Asset,fifo,false,1.00,,2.00,NGN 35065.21,2.00,false,Inventory,true,true,true,200-Plastic Cup & Tray,200-Disposable Products,Pieces,,,,,,,,,,140-570-001
5583220000001021614,2025-06-24 09:26:29,2026-01-29 16:52:01,N'SURE TRAY COVER YELLOW(1000),,NGN 69200.00,Sales,false,N'SURE,N'SURE,0.00,0.00,0.00,0.00,cm,kg,,,,,,,,goods,2,,,Active,box,Box,200-200-009,,,,,NGN 46092.94,Cost of Goods Sold,,Inventory Asset,fifo,false,1.00,,9.00,NGN 34379.18,18.00,false,Inventory,true,true,true,200-Plastic Cup & Tray,200-Disposable Products,Pieces,,,,,,,,,,300-950-001
5583220000001022087,2025-06-24 09:26:29,2026-01-29 16:51:59,N'SURE TRAY COVER GREEN (1000),,NGN 69200.00,Sales,false,N'SURE,N'SURE,0.00,0.00,0.00,0.00,cm,kg,,,,,,,,goods,2,,,Active,box,Box,200-200-008,,,,,NGN 51214.38,Cost of Goods Sold,,Inventory Asset,fifo,false,1.00,,2.00,NGN 38199.11,8.00,false,Inventory,true,true,true,200-Plastic Cup & Tray,200-Disposable Products,Pieces,,,,,,,,,,300-950-002
5583220000001022560,2025-06-24 09:26:30,2026-01-29 16:51:55,N'SURE PLASTIC CUP PINK (1000),,NGN 69200.00,Sales,false,N'SURE,N'SURE,0.00,0.00,0.00,0.00,cm,kg,,,,,,,,goods,2,,,Active,Pack(s),,200-200-007,,,,,NGN 52238.66,Cost of Goods Sold,,Inventory Asset,fifo,false,1.00,,6.00,NGN 38561.35,6.00,false,Inventory,true,true,true,200-Plastic Cup & Tray,200-Disposable Products,Pieces,,,,,,,,,,
5583220000001023033,2025-06-24 09:26:30,2026-01-29 16:48:38,COTTON ROLL DISPENSER- WHITE,,NGN 17500.00,Sales,false,,,0.00,0.00,0.00,0.00,,,,,,,,,,goods,2,,,Active,pcs,Pieces,200-120-004,,,,,NGN 7567.77,Cost of Goods Sold,,Inventory Asset,fifo,false,1.00,,1.00,NGN 7567.77,0.00,false,Inventory,true,true,true,120-Cotton Products,200-Disposable Products,Pieces,,,,,,,,,,140-200-004
5583220000001023506,2025-06-24 09:26:31,2026-01-29 16:48:34,COTTON ROLL DISP.PULL WHITE,,NGN 23000.00,Sales,false,,,0.00,0.00,0.00,0.00,,,,,,,,,,goods,2,,,Active,pcs,Pieces,200-120-002,,,,,NGN 12788.22,Cost of Goods Sold,,Inventory Asset,fifo,false,1.00,,1.00,NGN 12788.22,1.00,false,Inventory,true,true,true,120-Cotton Products,200-Disposable Products,Pieces,,,,,,,,,,140-200-005
5583220000001023979,2025-06-24 09:26:31,2026-01-29 16:48:36,COTTON ROLL DISP.PUSH BIEGE,,NGN 23000.00,Sales,false,,,0.00,0.00,0.00,0.00,,,,,,,,,,goods,2,,,Active,pcs,Pieces,200-120-003,,,,,NGN 12788.22,Cost of Goods Sold,,Inventory Asset,fifo,false,1.00,,1.00,NGN 12788.22,1.00,false,Inventory,true,true,true,120-Cotton Products,200-Disposable Products,Pieces,,,,,,,,,,140-200-006
5583220000001024452,2025-06-24 09:26:32,2026-01-29 16:48:40,SPONGE DISPENSER 2 X 2 MAUVE,,NGN 13400.00,Sales,false,,,0.00,0.00,0.00,0.00,,,,,,,,,,goods,2,,,Active,pcs,Pieces,200-120-005,,,,,NGN 9873.18,Cost of Goods Sold,,Inventory Asset,fifo,false,1.00,,2.00,NGN 9873.18,2.00,false,Inventory,true,true,true,120-Cotton Products,200-Disposable Products,Pieces,,,,,,,,,,270-150-001
5583220000001024925,2025-06-24 09:26:33,2026-01-29 16:52:35,VIVID DURACUP 5oz. YELLOW (100,,NGN 89000.00,Sales,false,,,0.00,0.00,0.00,0.00,cm,kg,,,,,,,,goods,2,,,Active,pcs,Pieces,200-200-023,,,,,NGN 52238.66,Cost of Goods Sold,,Inventory Asset,fifo,false,1.00,,1.00,NGN 38963.07,4.00,false,Inventory,true,true,true,200-Plastic Cup & Tray,200-Disposable Products,Pieces,,,,,,,,,,320-100-005
5583220000001025398,2025-06-24 09:26:34,2026-01-29 16:49:59,EXODONTIA SPONGE (GUAZE),,NGN 9000.00,Sales,false,,,0.00,0.00,0.00,0.00,cm,kg,,,,,,,,goods,2,,,Active,pcs,Pieces,200-160-001,,,,,NGN 6133.18,Cost of Goods Sold,,Inventory Asset,fifo,false,1.00,,103.00,NGN 5866.89,110.00,false,Inventory,true,true,true,160-Gauze Sponges,200-Disposable Products,Pieces,,,,,,,,,,140-230-001
5583220000001025871,2025-06-24 09:26:35,2026-01-29 17:18:29,HAND TOWEL (C FOLD),,NGN 40000.00,Sales,false,UnoDent,UNODENT,0.00,0.00,0.00,0.00,cm,kg,,,,,,,,goods,2,,,Active,box,Box,360-130-003,,,,,NGN 24759.88,Cost of Goods Sold,,Inventory Asset,fifo,false,1.00,,52.00,NGN 14339.70,36.00,false,Inventory,true,true,true,130-Janitorial Equipment,360-Janitorial Supplies,Pieces,,,,,,,,,,140-140-001
5583220000001026344,2025-06-24 09:26:35,2026-01-29 17:18:31,HAND TOWEL DISPENSER,,NGN 57000.00,Sales,false,,,0.00,0.00,0.00,0.00,,,,,,,,,,goods,2,,,Active,pcs,Pieces,360-130-004,,,,,NGN 42207.78,Cost of Goods Sold,,Inventory Asset,fifo,false,1.00,,7.00,NGN 30686.06,7.00,false,Inventory,true,true,true,130-Janitorial Equipment,360-Janitorial Supplies,Pieces,,,,,,,,,,140-590-001
5583220000001026817,2025-06-24 09:26:36,2026-01-29 16:51:02,MIXING PAD 3.5X4.5CM,,NGN 26800.00,Sales,false,UnoDent,UNODENT,0.00,0.00,0.00,0.00,cm,kg,,,,,,,,goods,2,,,Active,Pack(s),,200-180-001,,,,,NGN 19825.19,Cost of Goods Sold,,Inventory Asset,fifo,false,1.00,,9.00,NGN 11676.06,10.00,false,Inventory,true,true,true,180-Mixing Pads,200-Disposable Products,Pieces,,,,,,,,,,140-580-001
5583220000001027290,2025-06-24 09:26:37,2026-01-29 16:51:06,MIXING PAD 7X9.5CM,,NGN 7000.00,Sales,false,UnoDent,UNODENT,0.00,0.00,0.00,0.00,cm,kg,,,,,,,,goods,2,,,Active,Pack(s),,200-180-003,,,,,NGN 4410.26,Cost of Goods Sold,,Inventory Asset,fifo,false,1.00,,49.00,NGN 4265.85,43.00,false,Inventory,true,true,true,180-Mixing Pads,200-Disposable Products,Pieces,,,,,,,,,,140-580-002
5583220000001027763,2025-06-24 09:26:38,2026-01-29 16:52:21,TRAY COVERS - WHITE,,NGN 8057.166667,Sales,false,,,0.00,0.00,0.00,0.00,,,,,,,,,,goods,2,,,Active,pcs,Pieces,200-200-017,,,,,NGN 8057.16,Cost of Goods Sold,,Inventory Asset,fifo,false,1.00,,3.00,NGN 8057.17,3.00,false,Inventory,true,true,true,200-Plastic Cup & Tray,200-Disposable Products,Pieces,,,,,,,,,,140-120-002
5583220000001028236,2025-06-24 09:26:39,2026-01-29 16:52:11,PLASTIC CUP DISPENSER,,NGN 17200.00,Sales,false,,,0.00,0.00,0.00,0.00,,,,,,,,,,goods,2,,,Active,pcs,Pieces,200-200-013,,,,,NGN 6793.38,Cost of Goods Sold,,Inventory Asset,fifo,false,1.00,,1.00,NGN 6793.38,1.00,false,Inventory,true,true,true,200-Plastic Cup & Tray,200-Disposable Products,Pieces,,,,,,,,,,140-590-002
5583220000001028709,2025-06-24 09:26:40,2026-01-29 16:52:03,N'SURE TRAY COVERS BLUE (1000),,NGN 69200.00,Sales,false,N'SURE,N'SURE,0.00,0.00,0.00,0.00,cm,kg,,,,,,,,goods,2,,,Active,box,Box,200-200-010,,,,,NGN 51214.38,Cost of Goods Sold,,Inventory Asset,fifo,false,1.00,,8.00,NGN 38199.12,10.00,false,Inventory,true,true,true,200-Plastic Cup & Tray,200-Disposable Products,Pieces,,,,,,,,,,300-950-003
5583220000001029182,2025-06-24 09:26:41,2026-01-29 16:52:09,N'SURE TRAY COVERS PINK (1000),,NGN 69200.00,Sales,false,,,0.00,0.00,0.00,0.00,,,,,,,,,,goods,2,,,Active,pcs,Pieces,200-200-012,,,,,NGN 38199.09,Cost of Goods Sold,,Inventory Asset,fifo,false,1.00,,9.00,NGN 38199.11,3.00,false,Inventory,true,true,true,200-Plastic Cup & Tray,200-Disposable Products,Pieces,,,,,,,,,,300-950-004
5583220000001029655,2025-06-24 09:26:42,2026-01-29 16:52:05,N'SURE TRAY COVERS LAVENDER,,NGN 69200.00,Sales,false,N'SURE,N'SURE,0.00,0.00,0.00,0.00,cm,kg,,,,,,,,goods,2,,,Active,box,Box,200-200-011,,,,,NGN 51214.38,Cost of Goods Sold,,Inventory Asset,fifo,false,1.00,,5.00,NGN 38199.12,7.00,false,Inventory,true,true,true,200-Plastic Cup & Tray,200-Disposable Products,Pieces,,,,,,,,,,300-950-005
5583220000001030128,2025-06-24 09:26:43,2026-01-29 17:17:56,CAN LINER - LARGE (YELLOW),,NGN 16900.00,Sales,false,,,0.00,0.00,0.00,0.00,cm,kg,,,,,,,,goods,2,,,Active,pcs,Pieces,360-110-002,,,,,NGN 12500.00,Cost of Goods Sold,,Inventory Asset,fifo,false,1.00,,4.00,NGN 12500.00,4.00,false,Inventory,true,true,true,110-Janitorial Waste,360-Janitorial Supplies,Pieces,,,,,,,,,,220-100-003
5583220000001030601,2025-06-24 09:26:44,2026-01-29 16:51:42,DISPOSABLE CUPS LIGHT BLUE (UN,,NGN 67100.00,Sales,false,,,0.00,0.00,0.00,0.00,,,,,,,,,,goods,2,,,Active,pcs,Pieces,200-200-002,,,,,NGN 25384.55,Cost of Goods Sold,,Inventory Asset,fifo,false,1.00,,7.00,NGN 24110.95,4.00,false,Inventory,true,true,true,200-Plastic Cup & Tray,200-Disposable Products,Pieces,,,,,,,,,,140-500-001
5583220000001031074,2025-06-24 09:26:45,2026-01-29 16:51:44,DISPOSABLE CUPS LILAC (UNODENT,,NGN 67100.00,Sales,false,,,0.00,0.00,0.00,0.00,,,,,,,,,,goods,2,,,Active,pcs,Pieces,200-200-003,,,,,NGN 49695.55,Cost of Goods Sold,,Inventory Asset,fifo,false,1.00,,2.00,NGN 49695.55,0.00,false,Inventory,true,true,true,200-Plastic Cup & Tray,200-Disposable Products,Pieces,,,,,,,,,,250-400-008
5583220000001031547,2025-06-24 09:26:46,2026-01-29 17:18:00,CAN LINER LARGE (RED),,NGN 9800.00,Sales,false,,,0.00,0.00,0.00,0.00,cm,kg,,,,,,,,goods,2,,,Active,Pack(s),,360-110-004,,,,,NGN 6750.00,Cost of Goods Sold,,Inventory Asset,fifo,false,1.00,,30.00,NGN 6633.33,19.00,false,Inventory,true,true,true,110-Janitorial Waste,360-Janitorial Supplies,Pieces,,,,,,,,,,140-710-001
5583220000001032020,2025-06-24 09:26:46,2026-01-29 16:51:04,MIXING PAD 7 X 8CM (100PK) H/S,,NGN 10900.00,Sales,false,,,0.00,0.00,0.00,0.00,,,,,,,,,,goods,2,,,Active,pcs,Pieces,200-180-002,,,,,NGN 16102.46,Cost of Goods Sold,,Inventory Asset,fifo,false,1.00,,6.00,NGN 8051.23,0.00,false,Inventory,true,true,true,180-Mixing Pads,200-Disposable Products,Pieces,,,,,,,,,,250-400-009
5583220000001032493,2025-06-24 09:26:47,2026-01-29 17:26:07,DALACIN C,,NGN 38100.00,Sales,false,,,0.00,0.00,0.00,0.00,cm,kg,,,,,,,,goods,2,,,Active,pcs,Pieces,460-120-002,,,,,NGN 37000.00,Cost of Goods Sold,,Inventory Asset,fifo,false,1.00,,7.00,NGN 30571.71,6.00,false,Inventory,true,true,true,120-Antibiotics,460-Pharmaceuticals,Pieces,,,,,,,,,,110-600-002
5583220000001032966,2025-06-24 09:26:47,2026-01-26 12:48:05,GALCIPRO TN- Secondary,,NGN 1800.00,Sales,false,,,0.00,0.00,0.00,0.00,cm,kg,,,,,,,,goods,2,,,Inactive,pcs,Pieces,null,,,,,NGN 1333.333333,Cost of Goods Sold,cm,Inventory Asset,fifo,false,1.00,,357.00,NGN 1800.00,0.00,false,Inventory,true,true,true,,,Pieces,,,,,,,,,,110-600-003
5583220000001033439,2025-06-24 09:26:48,2026-01-30 08:22:24,RELEV RAPID 550mg TABLETS,,NGN 3350.00,Sales,false,,,0.00,0.00,0.00,0.00,cm,kg,,,,,,,,goods,2,,,Active,pcs,Pieces,460-110-002,,,,,NGN 2995.00,Cost of Goods Sold,cm,Inventory Asset,fifo,false,1.00,,390.00,NGN 2910.00,400.00,false,Inventory,true,true,true,110-Oral Analgesics & Anti-inflammatories,460-Pharmaceuticals,Pieces,,,,,,,,,,110-600-004
5583220000001033914,2025-06-24 09:26:49,2026-01-29 17:25:59,CATAFLAM X 100 (BIG PACK),,NGN 27870.00,Sales,false,,,0.00,0.00,0.00,0.00,cm,kg,,,,,,,,goods,2,,,Active,pcs,Pieces,460-110-001,,,,,NGN 25870.00,Cost of Goods Sold,cm,Inventory Asset,fifo,false,1.00,,20.00,NGN 18000.00,4.00,false,Inventory,true,true,true,110-Oral Analgesics & Anti-inflammatories,460-Pharmaceuticals,Pieces,,,,,,,,,,110-600-005
5583220000001034387,2025-06-24 09:26:50,2026-01-29 16:50:17,SIZE 9,,NGN 1675.00,Sales,false,,,0.00,0.00,0.00,0.00,,,,,,,,,,goods,2,,,Active,pcs,Pieces,200-170-007,,,,,NGN 1675.00,Cost of Goods Sold,,Inventory Asset,fifo,false,1.00,,8.00,NGN 1675.00,8.00,false,Inventory,true,true,true,170-Gloves,200-Disposable Products,Pieces,,,,,,,,,,190-500-006
5583220000001034860,2025-06-24 09:26:51,2026-01-29 08:44:43,SUNVILLE MEN'S PERFORATED SIZE,,NGN 5687.50,Sales,false,,,0.00,0.00,0.00,0.00,,,,,,,,,,goods,2,,,Active,pcs,Pieces,120-120-022,,,,,NGN 5687.50,Cost of Goods Sold,,Inventory Asset,fifo,false,1.00,,2.00,NGN 5687.50,2.00,false,Inventory,true,true,true,120-Clinical,120-Apparel,Pieces,,,,,,,,,,190-500-007
5583220000001035333,2025-06-24 09:26:51,2026-01-29 08:58:10,BROCHURE STAND - CLEAR PLASTIC,,NGN 4100.00,Sales,false,,,0.00,0.00,0.00,0.00,cm,kg,,,,,,,,goods,2,,,Active,pcs,Pieces,400-140-001,,,,,NGN 600.00,Cost of Goods Sold,,Inventory Asset,fifo,false,1.00,,1.00,NGN 600.00,1.00,false,Inventory,true,true,true,140-Storage & Organization,400-Office Products,Pieces,,,,,,,,,,170-100-001
5583220000001035806,2025-06-24 09:26:52,2026-01-29 17:23:37,BROCHURE - DENTAL IMPLANTS-NEW,,NGN 200.00,Sales,false,,,0.00,0.00,0.00,0.00,cm,kg,,,,,,,,goods,2,,,Active,pcs,Pieces,400-120-001,,,,,NGN 80.63,Cost of Goods Sold,,Inventory Asset,fifo,false,1.00,,1100.00,NGN 80.63,700.00,false,Inventory,true,true,true,120-Promotional Items,400-Office Products,Pieces,,,,,,,,,,170-100-002
5583220000001036279,2025-06-24 09:26:52,2026-01-29 17:23:39,BROCHURE - WHITENING NEW,,NGN 200.00,Sales,false,,,0.00,0.00,0.00,0.00,cm,kg,,,,,,,,goods,2,,,Active,pcs,Pieces,400-120-002,,,,,NGN 108.83,Cost of Goods Sold,,Inventory Asset,fifo,false,1.00,,750.00,NGN 108.83,350.00,false,Inventory,true,true,true,120-Promotional Items,400-Office Products,Pieces,,,,,,,,,,170-100-003
5583220000001036752,2025-06-24 09:26:53,2026-01-29 17:23:43,PATIENT TEASERS (25),,NGN 5574.44,Sales,false,,,0.00,0.00,0.00,0.00,,,,,,,,,,goods,2,,,Active,pcs,Pieces,400-120-004,,,,,NGN 14406.47,Cost of Goods Sold,,Inventory Asset,fifo,false,1.00,,2.00,NGN 5574.44,2.00,false,Inventory,true,true,true,120-Promotional Items,400-Office Products,Pieces,,,,,,,,,,140-500-002
5583220000001037225,2025-06-24 09:26:53,2026-01-29 17:23:41,PATIENT BROCHURES,,NGN 1533.3376,Sales,false,,,0.00,0.00,0.00,0.00,,,,,,,,,,goods,2,,,Active,pcs,Pieces,400-120-003,,,,,NGN 1135.80563,Cost of Goods Sold,,Inventory Asset,fifo,false,1.00,,25.00,NGN 1533.34,0.00,false,Inventory,true,true,true,120-Promotional Items,400-Office Products,Pieces,,,,,,,,,,140-500-003
5583220000001037698,2025-06-24 09:26:53,2026-01-29 16:56:58,AH PLUS,,NGN 145920.00,Sales,false,Dentsply,,0.00,0.00,0.00,0.00,cm,kg,,,,,,,,goods,2,,,Active,pcs,Pieces,260-190-001,,,,,NGN 121516.40,Cost of Goods Sold,,Inventory Asset,fifo,false,1.00,,7.00,NGN 113354.39,11.00,false,Inventory,true,true,true,190-Root Canal Sealers,260-Endodontics,Pieces,,,,,,,,,,180-500-001
5583220000001038171,2025-06-24 09:26:54,2026-01-29 16:53:23,Barbed Broaches Assorted,"VDW Sterile Barbed Broaches (Nervnadeln). Stainless steel, color-coded, 21mm length. 10/Pack. Size Assorted (0-6). Assorted Colors.",NGN 12900.00,Sales,false,VDW Barbed Broaches,VDW,0.00,0.00,0.00,0.00,cm,kg,,,,,,,,goods,2,,,Active,pcs,Pieces,260-110-001,,,,,NGN 7268.44,Cost of Goods Sold,,Inventory Asset,fifo,false,1.00,,7.00,NGN 7268.44,7.00,false,Inventory,true,true,true,110-Barbed Broaches,260-Endodontics,Pieces,,Published,VDW BARBED BROACHES,Size,Assorted,Color,Assorted,,,180-170-001
5583220000001038644,2025-06-24 09:26:54,2026-01-29 16:53:27,Barbed Broaches Size 1 (XXXF) White,"VDW Sterile Barbed Broaches (Nervnadeln). Stainless steel, color-coded, 21mm length. 10/Pack. Size 1 (XXXF). White.",NGN 12900.00,Sales,false,VDW Barbed Broaches,VDW,0.00,0.00,0.00,0.00,cm,kg,,,,,,,,goods,2,,,Active,pcs,Pieces,260-110-003,,,,,NGN 7122.26,Cost of Goods Sold,,Inventory Asset,fifo,false,1.00,,4.00,NGN 7122.26,4.00,false,Inventory,true,true,true,110-Barbed Broaches,260-Endodontics,Pieces,,Published,VDW BARBED BROACHES,Size,XXX-Fine,Color,White,,,180-170-002
5583220000001039117,2025-06-24 09:26:55,2026-01-29 16:53:30,Barbed Broaches Size 2 (XXF) Yellow,"VDW Sterile Barbed Broaches (Nervnadeln). Stainless steel, color-coded, 21mm length. 10/Pack. Size 2 (XXF). Yellow.",NGN 12900.00,Sales,false,VDW Barbed Broaches,VDW,0.00,0.00,0.00,0.00,cm,kg,,,,,,,,goods,2,,,Active,pcs,Pieces,260-110-004,,,,,NGN 7184.69,Cost of Goods Sold,,Inventory Asset,fifo,false,1.00,,3.00,NGN 7101.44,3.00,false,Inventory,true,true,true,110-Barbed Broaches,260-Endodontics,Pieces,,Published,VDW BARBED BROACHES,Size,XX-Fine,Color,Yellow,,,180-170-003
5583220000001039590,2025-06-24 09:26:55,2026-01-29 16:56:26,CANAL LUBRICANT PIPETTES,,NGN 2650.00,Sales,false,,,0.00,0.00,0.00,0.00,,,,,,,,,,goods,2,,,Active,pcs,Pieces,260-170-002,,,,,NGN 2650.00,Cost of Goods Sold,,Inventory Asset,fifo,false,1.00,,10.00,NGN 2650.00,10.00,false,Inventory,true,true,true,170-Intracanal Medicaments,260-Endodontics,Pieces,,,,,,,,,,180-400-001
5583220000001040063,2025-06-24 09:26:56,2026-01-30 17:20:26,CURVED UTILITY SYRINGE,"Monoject 412 Curved Tip Utility Syringe, 12mL. Non-sterile, curved tip for irrigation.",NGN 58600.00,Sales,false,Monoject,Covidien,0.00,0.00,0.00,0.00,,,,,,,,,,goods,2,,,Active,pcs,Pieces,100-150-002,,,,,NGN 43354.54,Cost of Goods Sold,,Inventory Asset,fifo,false,1.00,,25.00,NGN 32604.07,43.00,false,Inventory,true,true,true,150-Syringes,100-Anaesthetics,Pieces,https://www.net32.com/ec/monoject-irrigation-syringe-412-12cc-curved-tip-d-40956,Queue for Upload,Monoject Syringes,Volume,12ml,,,,,180-830-001
5583220000001040536,2025-06-24 09:26:56,2026-01-29 09:04:32,ENDO - Z CARBIDE BUR (3PK),,NGN 28000.00,Sales,false,,,0.00,0.00,0.00,0.00,,,,,,,,,,goods,2,,,Active,Pack(s),,160-120-018,,,,,NGN 16869.48,Cost of Goods Sold,,Inventory Asset,fifo,false,1.00,,9.00,NGN 16869.48,7.00,false,Inventory,true,true,true,120-Carbide Burs,160-Burs,Pieces,,,,,,,,,,130-200-008
5583220000001041009,2025-06-24 09:26:57,2026-01-29 16:53:55,ENDO STOPS (ASSORTED),,NGN 5000.00,Sales,false,,,0.00,0.00,0.00,0.00,,,,,,,,,,goods,2,,,Active,Pack(s),,260-140-001,,,,,NGN 818.00,Cost of Goods Sold,,Inventory Asset,fifo,false,1.00,,2.00,NGN 818.00,1.00,false,Inventory,true,true,true,140-Endodontic Stoppers & Markers,260-Endodontics,Pieces,,,,,,,,,,180-810-001
5583220000001041482,2025-06-24 09:26:57,2026-01-29 16:53:57,ENDO STOPS (BLACK),,NGN 5000.00,Sales,false,,,0.00,0.00,0.00,0.00,,,,,,,,,,goods,2,,,Active,Pack(s),,260-140-002,,,,,NGN 818.00,Cost of Goods Sold,,Inventory Asset,fifo,false,1.00,,1.00,NGN 818.00,0.00,false,Inventory,true,true,true,140-Endodontic Stoppers & Markers,260-Endodontics,Pieces,,,,,,,,,,180-810-002
5583220000001041955,2025-06-24 09:26:58,2026-01-29 16:53:59,ENDO STOPS (BLUE),,NGN 5000.00,Sales,false,,,0.00,0.00,0.00,0.00,,,,,,,,,,goods,2,,,Active,Pack(s),,260-140-003,,,,,NGN 818.00,Cost of Goods Sold,,Inventory Asset,fifo,false,1.00,,3.00,NGN 818.00,0.00,false,Inventory,true,true,true,140-Endodontic Stoppers & Markers,260-Endodontics,Pieces,,,,,,,,,,180-810-003
5583220000001042428,2025-06-24 09:26:58,2026-01-29 16:54:02,ENDO STOPS (RED),,NGN 5000.00,Sales,false,,,0.00,0.00,0.00,0.00,,,,,,,,,,goods,2,,,Active,Pack(s),,260-140-004,,,,,NGN 818.00,Cost of Goods Sold,,Inventory Asset,fifo,false,1.00,,1.00,NGN 818.00,1.00,false,Inventory,true,true,true,140-Endodontic Stoppers & Markers,260-Endodontics,Pieces,,,,,,,,,,180-810-004
5583220000001042901,2025-06-24 09:26:59,2026-01-29 16:54:04,ENDO STOPS (WHITE),,NGN 5000.00,Sales,false,,,0.00,0.00,0.00,0.00,,,,,,,,,,goods,2,,,Active,Pack(s),,260-140-005,,,,,NGN 818.00,Cost of Goods Sold,,Inventory Asset,fifo,false,1.00,,1.00,NGN 818.00,0.00,false,Inventory,true,true,true,140-Endodontic Stoppers & Markers,260-Endodontics,Pieces,,,,,,,,,,180-810-005
5583220000001043374,2025-06-24 09:26:59,2026-01-30 09:33:28,ENDODONTIC SYRINGES-MONOJECT,,NGN 56400.00,Sales,false,,,0.00,0.00,0.00,0.00,cm,kg,,,,,,,,goods,2,,,Active,pcs,Pieces,260-120-001,,,,,NGN 32993.72,Cost of Goods Sold,,Inventory Asset,fifo,false,1.00,,30.00,NGN 27613.55,8.00,false,Inventory,true,true,true,120-Endo Syringes,260-Endodontics,Pieces,,,,,,,,,,140-540-001
5583220000001043847,2025-06-24 09:26:59,2026-01-29 16:54:26,GATES GLIDDEN DRILLS(1-6) 32MM,,NGN 22100.00,Sales,false,Dentsply,DENTSPLY,0.00,0.00,0.00,0.00,cm,kg,,,,,,,,goods,2,,,Active,Pack(s),,260-150-009,,,,,NGN 10449.09,Cost of Goods Sold,,Inventory Asset,fifo,false,1.00,,9.00,NGN 10449.09,9.00,false,Inventory,true,true,true,150-Files & Reamers,260-Endodontics,Pieces,,,,,,,,,,180-830-002
5583220000001044320,2025-06-24 09:27:00,2026-01-29 16:55:41,K-TYPE HAND FILES PD - #20,,NGN 6300.00,Sales,false,,,0.00,0.00,0.00,0.00,,,,,,,,,,goods,2,,,Active,pcs,Pieces,260-150-036,,,,,NGN 10449.09,Cost of Goods Sold,,Inventory Asset,fifo,false,1.00,,3.00,NGN 1940.00,3.00,false,Inventory,true,true,true,150-Files & Reamers,260-Endodontics,Pieces,,,,,,,,,,180-130-012
5583220000001044793,2025-06-24 09:27:01,2026-01-29 16:55:43,K-TYPE HAND FILES PD - #25,,NGN 6300.00,Sales,false,,,0.00,0.00,0.00,0.00,,,,,,,,,,goods,2,,,Active,pcs,Pieces,260-150-037,,,,,NGN 1940.00,Cost of Goods Sold,,Inventory Asset,fifo,false,1.00,,1.00,NGN 1940.00,1.00,false,Inventory,true,true,true,150-Files & Reamers,260-Endodontics,Pieces,,,,,,,,,,180-130-013
5583220000001045266,2025-06-24 09:27:01,2026-01-29 16:55:45,K-TYPE HAND FILES PD - #30,,NGN 6300.00,Sales,false,,,0.00,0.00,0.00,0.00,,,,,,,,,,goods,2,,,Active,pcs,Pieces,260-150-038,,,,,NGN 1940.00,Cost of Goods Sold,,Inventory Asset,fifo,false,1.00,,2.00,NGN 1940.00,2.00,false,Inventory,true,true,true,150-Files & Reamers,260-Endodontics,Pieces,,,,,,,,,,180-130-014
5583220000001045739,2025-06-24 09:27:01,2026-01-29 16:55:48,K-TYPE HAND FILES PD - #35,,NGN 6300.00,Sales,false,,,0.00,0.00,0.00,0.00,,,,,,,,,,goods,2,,,Active,pcs,Pieces,260-150-039,,,,,NGN 1940.00,Cost of Goods Sold,,Inventory Asset,fifo,false,1.00,,2.00,NGN 1940.00,2.00,false,Inventory,true,true,true,150-Files & Reamers,260-Endodontics,Pieces,,,,,,,,,,180-130-015
5583220000001046212,2025-06-24 09:27:02,2026-01-29 16:58:02,LATERAL SPREADER #25,,NGN 111600.00,Sales,false,,,0.00,0.00,0.00,0.00,,,,,,,,,,goods,2,,,Active,pcs,Pieces,260-210-002,,,,,NGN 12997.64,Cost of Goods Sold,,Inventory Asset,fifo,false,1.00,,2.00,NGN 12997.64,2.00,false,Inventory,true,true,true,210-Spreaders & Pluggers,260-Endodontics,Pieces,,,,,,,,,,180-110-001
5583220000001046685,2025-06-24 09:27:02,2026-01-29 16:58:06,LATERAL SPREADER #30,,NGN 111600.00,Sales,false,,,0.00,0.00,0.00,0.00,,,,,,,,,,goods,2,,,Active,pcs,Pieces,260-210-004,,,,,NGN 6767.97,Cost of Goods Sold,,Inventory Asset,fifo,false,1.00,,3.00,NGN 6767.97,3.00,false,Inventory,true,true,true,210-Spreaders & Pluggers,260-Endodontics,Pieces,,,,,,,,,,180-110-002
5583220000001047158,2025-06-24 09:27:03,2026-01-29 08:54:04,LENTULOSPIRAL #1-4 25MM,,NGN 13250.00,Sales,false,,,0.00,0.00,0.00,0.00,,,,,,,,,,goods,2,,,Active,Pack(s),,540-120-002,,,,,NGN 6119.06,Cost of Goods Sold,,Inventory Asset,fifo,false,1.00,,4.00,NGN 6119.06,4.00,false,Inventory,true,true,true,120-Lentulo Spirals,540-Rotary Instruments,Pieces,,,,,,,,,,130-700-001
5583220000001047631,2025-06-24 09:27:03,2026-01-29 08:54:04,LENTULOSPIRAL #1 25MM,,NGN 13250.00,Sales,false,,,0.00,0.00,0.00,0.00,,,,,,,,,,goods,2,,,Active,Pack(s),,540-120-001,,,,,NGN 6838.25,Cost of Goods Sold,,Inventory Asset,fifo,false,1.00,,4.00,NGN 6838.26,4.00,false,Inventory,true,true,true,120-Lentulo Spirals,540-Rotary Instruments,Pieces,,,,,,,,,,130-700-002
5583220000001048104,2025-06-24 09:27:03,2026-01-29 08:54:03,LENTULOSPIRAL #2 25MM,,NGN 13250.00,Sales,false,,,0.00,0.00,0.00,0.00,,,,,,,,,,goods,2,,,Active,Pack(s),,540-120-003,,,,,NGN 7077.98,Cost of Goods Sold,,Inventory Asset,fifo,false,1.00,,3.00,NGN 7077.98,3.00,false,Inventory,true,true,true,120-Lentulo Spirals,540-Rotary Instruments,Pieces,,,,,,,,,,130-700-003
5583220000001048577,2025-06-24 09:27:04,2026-01-29 08:54:03,LENTULOSPIRAL #3 25MM,,NGN 13250.00,Sales,false,,,0.00,0.00,0.00,0.00,,,,,,,,,,goods,2,,,Active,Pack(s),,540-120-004,,,,,NGN 6838.25,Cost of Goods Sold,,Inventory Asset,fifo,false,1.00,,4.00,NGN 6838.25,4.00,false,Inventory,true,true,true,120-Lentulo Spirals,540-Rotary Instruments,Pieces,,,,,,,,,,130-700-004
5583220000001049050,2025-06-24 09:27:04,2026-01-29 08:54:03,LENTULOSPIRAL #4 25MM,,NGN 13250.00,Sales,false,,,0.00,0.00,0.00,0.00,,,,,,,,,,goods,2,,,Active,Pack(s),,540-120-005,,,,,NGN 6119.06,Cost of Goods Sold,,Inventory Asset,fifo,false,1.00,,3.00,NGN 6119.06,3.00,false,Inventory,true,true,true,120-Lentulo Spirals,540-Rotary Instruments,Pieces,,,,,,,,,,130-700-005
5583220000001049523,2025-06-24 09:27:04,2026-01-29 16:56:32,PAPER POINT SIZE 20,,NGN 24400.00,Sales,false,,,0.00,0.00,0.00,0.00,,,,,,,,,,goods,2,,,Active,Pack(s),,260-180-001,,,,,NGN 13142.25,Cost of Goods Sold,,Inventory Asset,fifo,false,1.00,,8.00,NGN 11870.08,8.00,false,Inventory,true,true,true,180-Paper Points,260-Endodontics,Pieces,,,,,,,,,,180-300-001
5583220000001049996,2025-06-24 09:27:05,2026-01-29 16:56:34,PAPER POINT SIZE 25,,NGN 24400.00,Sales,false,,,0.00,0.00,0.00,0.00,,,,,,,,,,goods,2,,,Active,Pack(s),,260-180-002,,,,,NGN 5249.05,Cost of Goods Sold,,Inventory Asset,fifo,false,1.00,,12.00,NGN 5204.07,9.00,false,Inventory,true,true,true,180-Paper Points,260-Endodontics,Pieces,,,,,,,,,,180-300-002
5583220000001050469,2025-06-24 09:27:05,2026-01-29 16:56:36,PAPER POINT SIZE 30,,NGN 24400.00,Sales,false,,,0.00,0.00,0.00,0.00,,,,,,,,,,goods,2,,,Active,Pack(s),,260-180-003,,,,,NGN 14300.00,Cost of Goods Sold,,Inventory Asset,fifo,false,1.00,,10.00,NGN 10704.13,14.00,false,Inventory,true,true,true,180-Paper Points,260-Endodontics,Pieces,,,,,,,,,,180-300-003
5583220000001050942,2025-06-24 09:27:06,2026-01-29 16:56:38,PAPER POINT SIZE 35,,NGN 24400.00,Sales,false,,,0.00,0.00,0.00,0.00,,,,,,,,,,goods,2,,,Active,Pack(s),,260-180-004,,,,,NGN 4709.37,Cost of Goods Sold,,Inventory Asset,fifo,false,1.00,,4.00,NGN 4709.37,4.00,false,Inventory,true,true,true,180-Paper Points,260-Endodontics,Pieces,,,,,,,,,,180-300-004
5583220000001051415,2025-06-24 09:27:06,2026-01-29 16:56:40,PAPER POINT SIZE 40,,NGN 24400.00,Sales,false,,,0.00,0.00,0.00,0.00,,,,,,,,,,goods,2,,,Active,Pack(s),,260-180-005,,,,,NGN 4709.37,Cost of Goods Sold,,Inventory Asset,fifo,false,1.00,,5.00,NGN 4709.37,5.00,false,Inventory,true,true,true,180-Paper Points,260-Endodontics,Pieces,,,,,,,,,,180-300-005
5583220000001051888,2025-06-24 09:27:06,2026-01-29 08:54:03,PASTE FILLERS RA 25MM #30,,NGN 4300.00,Sales,false,,,0.00,0.00,0.00,0.00,,,,,,,,,,goods,2,,,Active,pcs,Pieces,540-130-001,,,,,NGN 758.00,Cost of Goods Sold,,Inventory Asset,fifo,false,1.00,,5.00,NGN 758.00,5.00,false,Inventory,true,true,true,130-Paste Fillers,540-Rotary Instruments,Pieces,,,,,,,,,,130-600-001
5583220000001052361,2025-06-24 09:27:07,2026-01-29 08:54:03,PASTE FILLERS RA 25MM #35,,NGN 4300.00,Sales,false,,,0.00,0.00,0.00,0.00,,,,,,,,,,goods,2,,,Active,pcs,Pieces,540-130-002,,,,,NGN 758.00,Cost of Goods Sold,,Inventory Asset,fifo,false,1.00,,5.00,NGN 758.00,5.00,false,Inventory,true,true,true,130-Paste Fillers,540-Rotary Instruments,Pieces,,,,,,,,,,130-600-002
5583220000001052834,2025-06-24 09:27:07,2026-01-29 08:54:02,PEESO REAMERS SIZE1- DENTSPLY,,NGN 45120.00,Sales,false,,,0.00,0.00,0.00,0.00,,,,,,,,,,goods,2,,,Active,pcs,Pieces,540-140-001,,,,,NGN 37581.88,Cost of Goods Sold,,Inventory Asset,fifo,false,1.00,,6.00,NGN 37581.89,6.00,false,Inventory,true,true,true,140-Peeso Reamers,540-Rotary Instruments,Pieces,,,,,,,,,,130-800-001
5583220000001053307,2025-06-24 09:27:08,2026-01-29 08:54:02,PEESO REAMERS SIZE2- DENTSPLY,,NGN 45120.00,Sales,false,,,0.00,0.00,0.00,0.00,,,,,,,,,,goods,2,,,Active,pcs,Pieces,540-140-002,,,,,NGN 37581.88,Cost of Goods Sold,,Inventory Asset,fifo,false,1.00,,5.00,NGN 27435.29,5.00,false,Inventory,true,true,true,140-Peeso Reamers,540-Rotary Instruments,Pieces,,,,,,,,,,130-800-002
5583220000001053780,2025-06-24 09:27:08,2026-01-29 08:54:02,PEESO REAMERS SIZE3-DENTSPLY,,NGN 45120.00,Sales,false,,,0.00,0.00,0.00,0.00,,,,,,,,,,goods,2,,,Active,pcs,Pieces,540-140-003,,,,,NGN 11178.72,Cost of Goods Sold,,Inventory Asset,fifo,false,1.00,,5.00,NGN 11178.72,5.00,false,Inventory,true,true,true,140-Peeso Reamers,540-Rotary Instruments,Pieces,,,,,,,,,,130-800-003
5583220000001054253,2025-06-24 09:27:09,2026-01-29 08:54:02,PEESO REAMERS SIZE4 -PD,,NGN 45120.00,Sales,false,,,0.00,0.00,0.00,0.00,,,,,,,,,,goods,2,,,Active,pcs,Pieces,540-140-004,,,,,NGN 3138.17,Cost of Goods Sold,,Inventory Asset,fifo,false,1.00,,3.00,NGN 3138.17,3.00,false,Inventory,true,true,true,140-Peeso Reamers,540-Rotary Instruments,Pieces,,,,,,,,,,130-800-004
5583220000001054726,2025-06-24 09:27:09,2026-01-29 08:54:02,PEESO REAMERS SIZE5 -PD,,NGN 45120.00,Sales,false,,,0.00,0.00,0.00,0.00,,,,,,,,,,goods,2,,,Active,pcs,Pieces,540-140-005,,,,,NGN 6061.59,Cost of Goods Sold,,Inventory Asset,fifo,false,1.00,,6.00,NGN 6061.59,6.00,false,Inventory,true,true,true,140-Peeso Reamers,540-Rotary Instruments,Pieces,,,,,,,,,,130-800-005
5583220000001055199,2025-06-24 09:27:10,2026-01-29 08:52:10,PEESO REAMERS SIZE6 -PD,,NGN 45120.00,Sales,false,,,0.00,0.00,0.00,0.00,,,,,,,,,,goods,2,,,Active,pcs,Pieces,540-140-006,,,,,NGN 2727.00,Cost of Goods Sold,,Inventory Asset,fifo,false,1.00,,4.00,NGN 2727.00,4.00,false,Inventory,true,true,true,140-Peeso Reamers,540-Rotary Instruments,Pieces,,,,,,,,,,130-800-006
5583220000001055672,2025-06-24 09:27:10,2026-01-29 16:55:37,K-FLEX FILES 40-70-25MM,,NGN 1939.00,Sales,false,,,0.00,0.00,0.00,0.00,,,,,,,,,,goods,2,,,Active,pcs,Pieces,260-150-035,,,,,NGN 1939.00,Cost of Goods Sold,,Inventory Asset,fifo,false,1.00,,1.00,NGN 1939.00,1.00,false,Inventory,true,true,true,150-Files & Reamers,260-Endodontics,Pieces,,,,,,,,,,180-130-016
5583220000001056145,2025-06-24 09:27:10,2026-01-29 16:56:43,PAPER POINT SIZE 45-80,,NGN 24400.00,Sales,false,,,0.00,0.00,0.00,0.00,,,,,,,,,,goods,2,,,Active,Pack(s),,260-180-006,,,,,NGN 7485.58,Cost of Goods Sold,,Inventory Asset,fifo,false,1.00,,3.00,NGN 7485.58,3.00,false,Inventory,true,true,true,180-Paper Points,260-Endodontics,Pieces,,,,,,,,,,180-300-006
5583220000001056618,2025-06-24 09:27:11,2026-01-29 16:53:25,Barbed Broaches Size 0 (XXXXF) Purple,"VDW Sterile Barbed Broaches (Nervnadeln). Stainless steel, color-coded, 21mm length. 10/Pack. Size 0 (XXXXF). Purple.",NGN 12900.00,Sales,false,VDW Barbed Broaches,VDW,0.00,0.00,0.00,0.00,cm,kg,,,,,,,,goods,2,,,Active,pcs,Pieces,260-110-002,,,,,NGN 3722.31,Cost of Goods Sold,,Inventory Asset,fifo,false,1.00,,6.00,NGN 3722.31,6.00,false,Inventory,true,true,true,110-Barbed Broaches,260-Endodontics,Pieces,,Published,VDW BARBED BROACHES,Size,XXXX-Fine,Color,Purple,,,180-170-004
5583220000001057091,2025-06-24 09:27:11,2026-01-29 16:53:32,Barbed Broaches Size 3 (XF) Red,"VDW Sterile Barbed Broaches (Nervnadeln). Stainless steel, color-coded, 21mm length. 10/Pack. Size 3 (XF). Red.",NGN 12900.00,Sales,false,VDW Barbed Broaches,VDW,0.00,0.00,0.00,0.00,cm,kg,,,,,,,,goods,2,,,Active,pcs,Pieces,260-110-005,,,,,NGN 7122.26,Cost of Goods Sold,,Inventory Asset,fifo,false,1.00,,4.00,NGN 7122.26,4.00,false,Inventory,true,true,true,110-Barbed Broaches,260-Endodontics,Pieces,,Published,VDW BARBED BROACHES,Size,X-Fine,Color,Red,,,180-170-005
5583220000001057564,2025-06-24 09:27:12,2026-01-29 16:53:34,Barbed Broaches Size 4 (F) Blue,"VDW Sterile Barbed Broaches (Nervnadeln). Stainless steel, color-coded, 21mm length. 10/Pack. Size 4 (F). Blue.",NGN 12900.00,Sales,false,VDW Barbed Broaches,VDW,0.00,0.00,0.00,0.00,cm,kg,,,,,,,,goods,2,,,Active,pcs,Pieces,260-110-006,,,,,NGN 7134.74,Cost of Goods Sold,,Inventory Asset,fifo,false,1.00,,5.00,NGN 7134.74,5.00,false,Inventory,true,true,true,110-Barbed Broaches,260-Endodontics,Pieces,,Published,VDW BARBED BROACHES,Size,Fine,Color,Blue,,,180-170-007
5583220000001058037,2025-06-24 09:27:12,2026-01-29 16:53:37,Barbed Broaches Size 5 (M) Green,"VDW Sterile Barbed Broaches (Nervnadeln). Stainless steel, color-coded, 21mm length. 10/Pack. Size 5 (M). Green.",NGN 12900.00,Sales,false,VDW Barbed Broaches,VDW,0.00,0.00,0.00,0.00,cm,kg,,,,,,,,goods,2,,,Active,pcs,Pieces,260-110-007,,,,,NGN 5880.68,Cost of Goods Sold,,Inventory Asset,fifo,false,1.00,,3.00,NGN 5880.68,3.00,false,Inventory,true,true,true,110-Barbed Broaches,260-Endodontics,Pieces,,Published,VDW BARBED BROACHES,Size,Medium,Color,Green,,,180-170-008
5583220000001058510,2025-06-24 09:27:12,2026-01-29 16:53:40,Barbed Broaches Size 6 (ST) Black,"VDW Sterile Barbed Broaches (Nervnadeln). Stainless steel, color-coded, 21mm length. 10/Pack. Size 6 (ST). Black.",NGN 12900.00,Sales,false,VDW Barbed Broaches,VDW,0.00,0.00,0.00,0.00,cm,kg,,,,,,,,goods,2,,,Active,pcs,Pieces,260-110-008,,,,,NGN 4870.97,Cost of Goods Sold,,Inventory Asset,fifo,false,1.00,,5.00,NGN 4870.97,5.00,false,Inventory,true,true,true,110-Barbed Broaches,260-Endodontics,Pieces,,Published,VDW BARBED BROACHES,Size,Coarse,Color,Black,,,180-170-009
5583220000001058983,2025-06-24 09:27:13,2026-01-29 16:55:57,SPIRO COLORINOX SIZE 035 21MM,,NGN 2590.68,Sales,false,,,0.00,0.00,0.00,0.00,,,,,,,,,,goods,2,,,Active,pcs,Pieces,260-150-043,,,,,NGN 2590.68,Cost of Goods Sold,,Inventory Asset,fifo,false,1.00,,4.00,NGN 2590.68,4.00,false,Inventory,true,true,true,150-Files & Reamers,260-Endodontics,Pieces,,,,,,,,,,180-130-017
5583220000001059456,2025-06-24 09:27:13,2026-01-29 16:54:20,GATES GLIDDEN DRILLS NO.4,EGU848 : Gates Glidden Drills No. 4,NGN 12000.00,Sales,false,UnoDent,UNODENT,0.00,0.00,0.00,0.00,cm,kg,,,,,,,,goods,2,,,Active,Pack(s),,260-150-006,,,,,NGN 3540.74,Cost of Goods Sold,,Inventory Asset,fifo,false,1.00,,4.00,NGN 3566.31,3.00,false,Inventory,true,true,true,150-Files & Reamers,260-Endodontics,Pieces,https://www.ddgroup.com/endodontics/burs/egu848--gates-glidden-drills-no.-4/,Queue for Upload,,,,,,,,250-400-010
5583220000001059929,2025-06-24 09:27:14,2026-01-29 16:54:24,GATES GLIDDEN DRILLS NO.5,"At DD our endodontic range has been carefully curated with products chosen by dental professionals. Shop a wide range of endodontic burs from brands such as Dentsply, Prima, Meisinger and Unodent online now.",NGN 12000.00,Sales,false,UnoDent,UNODENT,0.00,0.00,0.00,0.00,cm,kg,,,,,,,,goods,2,,,Active,Pack(s),,260-150-008,,,,,NGN 3644.04,Cost of Goods Sold,,Inventory Asset,fifo,false,1.00,,2.00,NGN 3643.04,1.00,false,Inventory,true,true,true,150-Files & Reamers,260-Endodontics,Pieces,https://www.ddgroup.com/endodontics/burs/egu849--gates-glidden-drills-no.-5/,Queue for Upload,,,,,,,,250-400-011
5583220000001060402,2025-06-24 09:27:14,2026-01-29 09:04:32,ENDO - Z CARBIDE BUR (5PK),,NGN 45000.00,Sales,false,,,0.00,0.00,0.00,0.00,cm,kg,,,,,,,,goods,2,,,Active,Pack(s),,160-120-019,,,,,NGN 28700.46,Cost of Goods Sold,,Inventory Asset,fifo,false,1.00,,7.00,NGN 28700.46,7.00,false,Inventory,true,true,true,120-Carbide Burs,160-Burs,Pieces,,,,,,,,,,130-200-009
5583220000001060875,2025-06-24 09:27:15,2026-01-29 17:11:09,RULER ENDODONTIC (6170),,NGN 5148.22,Sales,false,,,0.00,0.00,0.00,0.00,,,,,,,,,,goods,2,,,Active,pcs,Pieces,340-140-002,,,,,NGN 5148.22,Cost of Goods Sold,,Inventory Asset,fifo,false,1.00,,6.00,NGN 5148.22,6.00,false,Inventory,true,true,true,140-Laboratory Instruments,340-Instruments,Pieces,,,,,,,,,,130-400-001
5583220000001061348,2025-06-24 09:27:15,2026-01-29 16:56:06,GUTTA PERCHA POINTS COLOR 15,,NGN 67100.00,Sales,false,Coltene,COLTENE,0.00,0.00,0.00,0.00,cm,kg,,,,,,,,goods,2,,,Active,Pack(s),,260-160-004,,,,,NGN 36798.99,Cost of Goods Sold,,Inventory Asset,fifo,false,1.00,,13.00,NGN 31454.09,6.00,false,Inventory,true,true,true,160-Gutta-Percha Points,260-Endodontics,Pieces,,,,,,,,,,180-200-001
5583220000001061821,2025-06-24 09:27:16,2026-01-29 16:56:09,GUTTA PERCHA POINTS COLOR 20,,NGN 67100.00,Sales,false,,,0.00,0.00,0.00,0.00,cm,kg,,,,,,,,goods,2,,,Active,Pack(s),Pieces,260-160-005,,,,,NGN 49650.08,Cost of Goods Sold,,Inventory Asset,fifo,false,1.00,,12.00,NGN 32052.46,10.00,false,Inventory,true,true,true,160-Gutta-Percha Points,260-Endodontics,Pieces,,,,,,,,,,180-200-002
5583220000001062294,2025-06-24 09:27:16,2026-01-29 16:56:11,GUTTA PERCHA POINTS COLOR 25,,NGN 67100.00,Sales,false,,,0.00,0.00,0.00,0.00,cm,kg,,,,,,,,goods,2,,,Active,Pack(s),Pieces,260-160-006,,,,,NGN 49650.08,Cost of Goods Sold,,Inventory Asset,fifo,false,1.00,,11.00,NGN 31955.95,11.00,false,Inventory,true,true,true,160-Gutta-Percha Points,260-Endodontics,Pieces,,,,,,,,,,180-200-003
5583220000001062767,2025-06-24 09:27:17,2026-01-29 16:56:04,GUTTA PERCHA POINT COLOR 45-80,,NGN 67100.00,Sales,false,Coltene,COLTENE,0.00,0.00,0.00,0.00,cm,kg,,,,,,,,goods,2,,,Active,Pack(s),,260-160-003,,,,,NGN 33619.46,Cost of Goods Sold,,Inventory Asset,fifo,false,1.00,,2.00,NGN 33619.46,2.00,false,Inventory,true,true,true,160-Gutta-Percha Points,260-Endodontics,Pieces,,,,,,,,,,180-200-004
5583220000001063240,2025-06-24 09:27:17,2026-01-29 16:55:59,GUTTA PERCHA POINT COLOR 30,,NGN 67100.00,Sales,false,Coltene,COLTENE,0.00,0.00,0.00,0.00,cm,kg,,,,,,,,goods,2,,,Active,Pack(s),,260-160-001,,,,,NGN 49650.08,Cost of Goods Sold,,Inventory Asset,fifo,false,1.00,,14.00,NGN 28415.37,15.00,false,Inventory,true,true,true,160-Gutta-Percha Points,260-Endodontics,Pieces,,,,,,,,,,180-200-005
5583220000001063713,2025-06-24 09:27:18,2026-01-29 16:56:02,GUTTA PERCHA POINT COLOR 40,,NGN 67100.00,Sales,false,Coltene,COLTENE,0.00,0.00,0.00,0.00,cm,kg,,,,,,,,goods,2,,,Active,Pack(s),,260-160-002,,,,,NGN 36798.99,Cost of Goods Sold,,Inventory Asset,fifo,false,1.00,,2.00,NGN 24273.66,3.00,false,Inventory,true,true,true,160-Gutta-Percha Points,260-Endodontics,Pieces,,,,,,,,,,180-200-006
5583220000001064186,2025-06-24 09:27:18,2026-01-29 16:56:13,GUTTA PERCHA POINTS COLOR 35,,NGN 67100.00,Sales,false,Coltene,COLTENE,0.00,0.00,0.00,0.00,cm,kg,,,,,,,,goods,2,,,Active,Pack(s),,260-160-007,,,,,NGN 33608.23,Cost of Goods Sold,,Inventory Asset,fifo,false,1.00,,5.00,NGN 33608.23,0.00,false,Inventory,true,true,true,160-Gutta-Percha Points,260-Endodontics,Pieces,,,,,,,,,,180-200-007
5583220000001064659,2025-06-24 09:27:18,2026-01-29 16:54:51,HYFLEX  X-FILES #20,,NGN 15400.00,Sales,false,,,0.00,0.00,0.00,0.00,cm,kg,,,,,,,,goods,2,,,Active,pcs,Pieces,260-150-014,,,,,NGN 7640.18,Cost of Goods Sold,,Inventory Asset,fifo,false,1.00,,4.00,NGN 7640.18,3.00,false,Inventory,true,true,true,150-Files & Reamers,260-Endodontics,Pieces,,,,,,,,,,180-130-018
5583220000001065132,2025-06-24 09:27:19,2026-01-29 16:54:57,HYFLEX  X-FILES #25,,NGN 15400.00,Sales,false,,,0.00,0.00,0.00,0.00,cm,kg,,,,,,,,goods,2,,,Active,pcs,Pieces,260-150-017,,,,,NGN 5670.34,Cost of Goods Sold,,Inventory Asset,fifo,false,1.00,,2.00,NGN 5670.34,1.00,false,Inventory,true,true,true,150-Files & Reamers,260-Endodontics,Pieces,,,,,,,,,,180-130-019
5583220000001065607,2025-06-24 09:27:19,2026-01-29 16:55:04,HYFLEX  X-FILES #30,,NGN 15400.00,Sales,false,,,0.00,0.00,0.00,0.00,cm,kg,,,,,,,,goods,2,,,Active,pcs,Pieces,260-150-020,,,,,NGN 8011.24,Cost of Goods Sold,,Inventory Asset,fifo,false,1.00,,3.00,NGN 8011.24,2.00,false,Inventory,true,true,true,150-Files & Reamers,260-Endodontics,Pieces,,,,,,,,,,180-130-020
5583220000001066080,2025-06-24 09:27:20,2026-01-29 16:55:09,HYFLEX  X-FILES #35,,NGN 15400.00,Sales,false,,,0.00,0.00,0.00,0.00,cm,kg,,,,,,,,goods,2,,,Active,pcs,Pieces,260-150-022,,,,,NGN 8011.24,Cost of Goods Sold,,Inventory Asset,fifo,false,1.00,,3.00,NGN 8011.24,3.00,false,Inventory,true,true,true,150-Files & Reamers,260-Endodontics,Pieces,,,,,,,,,,180-130-021
5583220000001066553,2025-06-24 09:27:20,2026-01-29 16:55:13,HYFLEX  X-FILES #40,,NGN 15400.00,Sales,false,,,0.00,0.00,0.00,0.00,cm,kg,,,,,,,,goods,2,,,Active,pcs,Pieces,260-150-024,,,,,NGN 8011.24,Cost of Goods Sold,,Inventory Asset,fifo,false,1.00,,3.00,NGN 8011.24,3.00,false,Inventory,true,true,true,150-Files & Reamers,260-Endodontics,Pieces,,,,,,,,,,180-130-022
5583220000001067026,2025-06-24 09:27:20,2026-01-29 16:54:44,HYFL. X FILE 25MM SIZE 25,,NGN 7598.604,Sales,false,,,0.00,0.00,0.00,0.00,,,,,,,,,,goods,2,,,Active,pcs,Pieces,260-150-011,,,,,NGN 7598.60,Cost of Goods Sold,,Inventory Asset,fifo,false,1.00,,10.00,NGN 7598.60,10.00,false,Inventory,true,true,true,150-Files & Reamers,260-Endodontics,Pieces,,,,,,,,,,190-500-008
5583220000001067499,2025-06-24 09:27:21,2026-01-29 16:55:02,K-FILE READYSTEEL 25MM 006,,NGN 28750.00,Sales,false,,,0.00,0.00,0.00,0.00,,,,,,,,,,goods,2,,,Active,pcs,Pieces,260-150-019,,,,,NGN 12217.73,Cost of Goods Sold,,Inventory Asset,fifo,false,1.00,,30.00,NGN 11876.06,27.00,false,Inventory,true,true,true,150-Files & Reamers,260-Endodontics,Pieces,,,,,,,,,,180-130-023
5583220000001067972,2025-06-24 09:27:21,2026-01-29 16:55:11,K-FILE READYSTEEL 25MM 010,,NGN 28750.00,Sales,false,,,0.00,0.00,0.00,0.00,cm,kg,,,,,,,,goods,2,,,Active,pcs,Pieces,260-150-023,,,,,NGN 22369.36,Cost of Goods Sold,,Inventory Asset,fifo,false,1.00,,16.00,NGN 15535.78,13.00,false,Inventory,true,true,true,150-Files & Reamers,260-Endodontics,Pieces,,,,,,,,,,180-130-024
5583220000001068445,2025-06-24 09:27:22,2026-01-29 16:55:07,K-FILE READYSTEEL 25MM 008,,NGN 28750.00,Sales,false,,,0.00,0.00,0.00,0.00,,,,,,,,,,goods,2,,,Active,pcs,Pieces,260-150-021,,,,,NGN 7092.71,Cost of Goods Sold,,Inventory Asset,fifo,false,1.00,,39.00,NGN 10329.03,33.00,false,Inventory,true,true,true,150-Files & Reamers,260-Endodontics,Pieces,,,,,,,,,,180-130-025
5583220000001068918,2025-06-24 09:27:22,2026-01-29 16:55:15,K-FILE READYSTEEL 25MM 015,,NGN 28750.00,Sales,false,,,0.00,0.00,0.00,0.00,,,,,,,,,,goods,2,,,Active,pcs,Pieces,260-150-025,,,,,NGN 6613.37,Cost of Goods Sold,,Inventory Asset,fifo,false,1.00,,36.00,NGN 13378.00,35.00,false,Inventory,true,true,true,150-Files & Reamers,260-Endodontics,Pieces,,,,,,,,,,180-130-026
5583220000001069391,2025-06-24 09:27:22,2026-01-29 16:55:18,K-FILE READYSTEEL 25MM 020,,NGN 28750.00,Sales,false,,,0.00,0.00,0.00,0.00,,,,,,,,,,goods,2,,,Active,pcs,Pieces,260-150-026,,,,,NGN 4665.30,Cost of Goods Sold,,Inventory Asset,fifo,false,1.00,,23.00,NGN 5592.32,23.00,false,Inventory,true,true,true,150-Files & Reamers,260-Endodontics,Pieces,,,,,,,,,,180-130-027
5583220000001069864,2025-06-24 09:27:23,2026-01-29 16:55:23,K-FILE READYSTEEL 25MM 030,,NGN 28750.00,Sales,false,,,0.00,0.00,0.00,0.00,,,,,,,,,,goods,2,,,Active,pcs,Pieces,260-150-028,,,,,NGN 4849.37,Cost of Goods Sold,,Inventory Asset,fifo,false,1.00,,18.00,NGN 6319.37,17.00,false,Inventory,true,true,true,150-Files & Reamers,260-Endodontics,Pieces,,,,,,,,,,180-130-028
5583220000001070337,2025-06-24 09:27:23,2026-01-29 16:55:25,K-FILE READYSTEEL 25MM 035,,NGN 28750.00,Sales,false,,,0.00,0.00,0.00,0.00,,,,,,,,,,goods,2,,,Active,pcs,Pieces,260-150-029,,,,,NGN 6613.37,Cost of Goods Sold,,Inventory Asset,fifo,false,1.00,,9.00,NGN 6613.37,6.00,false,Inventory,true,true,true,150-Files & Reamers,260-Endodontics,Pieces,,,,,,,,,,180-130-029
5583220000001070810,2025-06-24 09:27:24,2026-01-29 16:55:33,K-FILE READYSTEEL 31MM 15-40,,NGN 28750.00,Sales,false,,,0.00,0.00,0.00,0.00,,,,,,,,,,goods,2,,,Active,pcs,Pieces,260-150-033,,,,,NGN 17344.30,Cost of Goods Sold,,Inventory Asset,fifo,false,1.00,,5.00,NGN 17344.30,2.00,false,Inventory,true,true,true,150-Files & Reamers,260-Endodontics,Pieces,,,,,,,,,,180-130-030
5583220000001071283,2025-06-24 09:27:24,2026-01-29 16:55:35,K-FILE READYSTEEL 31MM 45-80,,NGN 28750.00,Sales,false,,,0.00,0.00,0.00,0.00,,,,,,,,,,goods,2,,,Active,pcs,Pieces,260-150-034,,,,,NGN 21422.06,Cost of Goods Sold,,Inventory Asset,fifo,false,1.00,,5.00,NGN 14853.44,4.00,false,Inventory,true,true,true,150-Files & Reamers,260-Endodontics,Pieces,,,,,,,,,,180-130-031
5583220000001071756,2025-06-24 09:27:24,2026-01-29 16:55:20,K-FILE READYSTEEL 25MM 025,,NGN 28750.00,Sales,false,,,0.00,0.00,0.00,0.00,,,,,,,,,,goods,2,,,Active,pcs,Pieces,260-150-027,,,,,NGN 4849.38,Cost of Goods Sold,,Inventory Asset,fifo,false,1.00,,21.00,NGN 6478.10,18.00,false,Inventory,true,true,true,150-Files & Reamers,260-Endodontics,Pieces,,,,,,,,,,180-130-032
5583220000001072229,2025-06-24 09:27:25,2026-01-29 16:55:29,K-FILE READYSTEEL 25MM 40,,NGN 28750.00,Sales,false,,,0.00,0.00,0.00,0.00,,,,,,,,,,goods,2,,,Active,pcs,Pieces,260-150-031,,,,,NGN 5668.90,Cost of Goods Sold,,Inventory Asset,fifo,false,1.00,,12.00,NGN 5668.90,12.00,false,Inventory,true,true,true,150-Files & Reamers,260-Endodontics,Pieces,,,,,,,,,,180-130-033
5583220000001072702,2025-06-24 09:27:25,2026-01-29 16:54:49,K-FILE READYSTEEL 21MM 15-40,,NGN 28750.00,Sales,false,,,0.00,0.00,0.00,0.00,,,,,,,,,,goods,2,,,Active,pcs,Pieces,260-150-013,,,,,NGN 20844.62,Cost of Goods Sold,,Inventory Asset,fifo,false,1.00,,4.00,NGN 6172.37,6.00,false,Inventory,true,true,true,150-Files & Reamers,260-Endodontics,Pieces,,,,,,,,,,180-130-034
5583220000001073175,2025-06-24 09:27:26,2026-01-29 16:54:53,K-FILE READYSTEEL 21MM 45-80,,NGN 28750.00,Sales,false,,,0.00,0.00,0.00,0.00,cm,kg,,,,,,,,goods,2,,,Active,pcs,Pieces,260-150-015,,,,,NGN 5200.54,Cost of Goods Sold,,Inventory Asset,fifo,false,1.00,,14.00,NGN 5200.54,14.00,false,Inventory,true,true,true,150-Files & Reamers,260-Endodontics,Pieces,,,,,,,,,,180-130-035
5583220000001073648,2025-06-24 09:27:26,2026-01-29 16:55:31,K-FILE READYSTEEL 25MM 45-80,,NGN 28750.00,Sales,false,,,0.00,0.00,0.00,0.00,,,,,,,,,,goods,2,,,Active,pcs,Pieces,260-150-032,,,,,NGN 13133.19,Cost of Goods Sold,,Inventory Asset,fifo,false,1.00,,7.00,NGN 13133.19,7.00,false,Inventory,true,true,true,150-Files & Reamers,260-Endodontics,Pieces,,,,,,,,,,180-130-036
5583220000001074121,2025-06-24 09:27:26,2026-01-29 16:55:27,K-FILE READYSTEEL 25MM 15-40,,NGN 28750.00,Sales,false,,,0.00,0.00,0.00,0.00,,,,,,,,,,goods,2,,,Active,pcs,Pieces,260-150-030,,,,,NGN 14488.27,Cost of Goods Sold,,Inventory Asset,fifo,false,1.00,,7.00,NGN 18373.43,5.00,false,Inventory,true,true,true,150-Files & Reamers,260-Endodontics,Pieces,,,,,,,,,,180-130-037
5583220000001074594,2025-06-24 09:27:27,2026-01-29 08:54:05,PROTAPER H-U 19MM/SX,,NGN 20474.54,Sales,false,,,0.00,0.00,0.00,0.00,,,,,,,,,,goods,2,,,Active,pcs,Pieces,540-110-001,,,,,NGN 20474.54,Cost of Goods Sold,,Inventory Asset,fifo,false,1.00,,1.00,NGN 20474.54,1.00,false,Inventory,true,true,true,110-Endodontic Rotary Files,540-Rotary Instruments,Pieces,,,,,,,,,,180-130-038
5583220000001075067,2025-06-24 09:27:27,2026-01-29 08:54:05,PROTAPER H-U 21MM/S1,,NGN 20474.54,Sales,false,,,0.00,0.00,0.00,0.00,,,,,,,,,,goods,2,,,Active,pcs,Pieces,540-110-003,,,,,NGN 20474.54,Cost of Goods Sold,,Inventory Asset,fifo,false,1.00,,1.00,NGN 20474.54,1.00,false,Inventory,true,true,true,110-Endodontic Rotary Files,540-Rotary Instruments,Pieces,,,,,,,,,,180-130-039
5583220000001075540,2025-06-24 09:27:28,2026-01-29 08:54:05,PROTAPER H-U 21MM/S2,,NGN 20474.55,Sales,false,,,0.00,0.00,0.00,0.00,,,,,,,,,,goods,2,,,Active,pcs,Pieces,540-110-004,,,,,NGN 20474.54,Cost of Goods Sold,,Inventory Asset,fifo,false,1.00,,1.00,NGN 20474.55,1.00,false,Inventory,true,true,true,110-Endodontic Rotary Files,540-Rotary Instruments,Pieces,,,,,,,,,,180-130-040
5583220000001076013,2025-06-24 09:27:28,2026-01-29 08:54:04,PROTAPER H-U 25MM/S1,,NGN 20474.54,Sales,false,,,0.00,0.00,0.00,0.00,,,,,,,,,,goods,2,,,Active,pcs,Pieces,540-110-007,,,,,NGN 20474.54,Cost of Goods Sold,,Inventory Asset,fifo,false,1.00,,1.00,NGN 20474.54,1.00,false,Inventory,true,true,true,110-Endodontic Rotary Files,540-Rotary Instruments,Pieces,,,,,,,,,,180-130-041
5583220000001076486,2025-06-24 09:27:30,2026-01-29 08:54:04,PROTAPER H-U 25MM/S2,,NGN 20474.54,Sales,false,,,0.00,0.00,0.00,0.00,,,,,,,,,,goods,2,,,Active,pcs,Pieces,540-110-008,,,,,NGN 20474.54,Cost of Goods Sold,,Inventory Asset,fifo,false,1.00,,1.00,NGN 20474.54,1.00,false,Inventory,true,true,true,110-Endodontic Rotary Files,540-Rotary Instruments,Pieces,,,,,,,,,,180-130-042
5583220000001076959,2025-06-24 09:27:31,2026-01-29 08:54:05,PROTAPER H-U 21MM/F1,,NGN 20474.54,Sales,false,,,0.00,0.00,0.00,0.00,,,,,,,,,,goods,2,,,Active,pcs,Pieces,540-110-002,,,,,NGN 20474.54,Cost of Goods Sold,,Inventory Asset,fifo,false,1.00,,1.00,NGN 20474.54,1.00,false,Inventory,true,true,true,110-Endodontic Rotary Files,540-Rotary Instruments,Pieces,,,,,,,,,,180-130-043
5583220000001077432,2025-06-24 09:27:32,2026-01-29 08:54:05,PROTAPER H-U 25MM/F1,,NGN 20474.54,Sales,false,,,0.00,0.00,0.00,0.00,,,,,,,,,,goods,2,,,Active,pcs,Pieces,540-110-005,,,,,NGN 20474.54,Cost of Goods Sold,,Inventory Asset,fifo,false,1.00,,1.00,NGN 20474.54,1.00,false,Inventory,true,true,true,110-Endodontic Rotary Files,540-Rotary Instruments,Pieces,,,,,,,,,,180-130-044
5583220000001077905,2025-06-24 09:27:33,2026-01-29 08:54:05,PROTAPER H-U 25MM/F2,,NGN 20474.54,Sales,false,,,0.00,0.00,0.00,0.00,,,,,,,,,,goods,2,,,Active,pcs,Pieces,540-110-006,,,,,NGN 20474.54,Cost of Goods Sold,,Inventory Asset,fifo,false,1.00,,1.00,NGN 20474.54,1.00,false,Inventory,true,true,true,110-Endodontic Rotary Files,540-Rotary Instruments,Pieces,,,,,,,,,,180-130-045
5583220000001078378,2025-06-24 09:27:35,2026-01-29 16:55:50,PTN ASS. X1-X3 3FILES 25MM,,NGN 94200.00,Sales,false,,,0.00,0.00,0.00,0.00,cm,kg,,,,,,,,goods,2,,,Active,pcs,Pieces,260-150-040,,,,,NGN 69709.33,Cost of Goods Sold,,Inventory Asset,fifo,false,1.00,,37.00,NGN 50899.51,24.00,false,Inventory,true,true,true,150-Files & Reamers,260-Endodontics,Pieces,,,,,,,,,,180-130-046
5583220000001078851,2025-06-24 09:27:35,2026-01-29 16:56:15,GUTTA-PERCHA PROTAPER F1,,NGN 43500.00,Sales,false,,,0.00,0.00,0.00,0.00,cm,kg,,,,,,,,goods,2,,,Active,pcs,Pieces,260-160-008,,,,,NGN 19008.87,Cost of Goods Sold,,Inventory Asset,fifo,false,1.00,,5.00,NGN 17383.09,4.00,false,Inventory,true,true,true,160-Gutta-Percha Points,260-Endodontics,Pieces,,,,,,,,,,180-130-047
5583220000001079324,2025-06-24 09:27:36,2026-01-29 16:56:17,GUTTA-PERCHA PROTAPER F2,,NGN 43500.00,Sales,false,,,0.00,0.00,0.00,0.00,,,,,,,,,,goods,2,,,Active,pcs,Pieces,260-160-009,,,,,NGN 31459.93,Cost of Goods Sold,,Inventory Asset,fifo,false,1.00,,4.00,NGN 30075.76,0.00,false,Inventory,true,true,true,160-Gutta-Percha Points,260-Endodontics,Pieces,,,,,,,,,,180-130-048
5583220000001079797,2025-06-24 09:27:37,2026-01-29 16:56:19,GUTTA-PERCHA PROTAPER F3,,NGN 43500.00,Sales,false,,,0.00,0.00,0.00,0.00,,,,,,,,,,goods,2,,,Active,pcs,Pieces,260-160-010,,,,,NGN 29286.04,Cost of Goods Sold,,Inventory Asset,fifo,false,1.00,,3.00,NGN 27333.19,4.00,false,Inventory,true,true,true,160-Gutta-Percha Points,260-Endodontics,Pieces,,,,,,,,,,180-130-049
5583220000001080270,2025-06-24 09:27:38,2026-01-29 16:56:45,PROTAPER GOLD PAPER POINT F2,,NGN 31300.00,Sales,false,,,0.00,0.00,0.00,0.00,cm,kg,,,,,,,,goods,2,,,Active,pcs,Pieces,260-180-007,,,,,NGN 23140.42,Cost of Goods Sold,cm,Inventory Asset,fifo,false,1.00,,4.00,NGN 19427.11,0.00,false,Inventory,true,true,true,180-Paper Points,260-Endodontics,Pieces,,,,,,,,,,250-180-001
5583220000001080743,2025-06-24 09:27:39,2026-01-29 16:56:48,PROTAPER GOLD PAPER POINTS F3,,NGN 31300.00,Sales,false,,,0.00,0.00,0.00,0.00,,,,,,,,,,goods,2,,,Active,pcs,Pieces,260-180-008,,,,,NGN 16943.24,Cost of Goods Sold,,Inventory Asset,fifo,false,1.00,,11.00,NGN 16943.24,11.00,false,Inventory,true,true,true,180-Paper Points,260-Endodontics,Pieces,,,,,,,,,,250-180-002
5583220000001081216,2025-06-24 09:27:40,2026-01-29 08:54:04,WAVEONE GOLD ASSORTED 4-FILE,,NGN 127800.00,Sales,false,,,0.00,0.00,0.00,0.00,,,,,,,,,,goods,2,,,Active,pcs,Pieces,540-110-009,,,,,NGN 94630.71,Cost of Goods Sold,,Inventory Asset,fifo,false,1.00,,4.00,NGN 33343.99,4.00,false,Inventory,true,true,true,110-Endodontic Rotary Files,540-Rotary Instruments,Pieces,,,,,,,,,,250-180-003
5583220000001081689,2025-06-24 09:27:41,2026-01-29 16:56:22,WAVEONE GOLDCONFORM FIT GUTTA,,NGN 8485.79,Sales,false,,,0.00,0.00,0.00,0.00,,,,,,,,,,goods,2,,,Active,pcs,Pieces,260-160-011,,,,,NGN 8485.79,Cost of Goods Sold,,Inventory Asset,fifo,false,1.00,,2.00,NGN 8485.79,0.00,false,Inventory,true,true,true,160-Gutta-Percha Points,260-Endodontics,Pieces,,,,,,,,,,250-180-004
5583220000001082162,2025-06-24 09:27:43,2026-01-29 16:58:12,BULB - DENTAL UNIT 12V - 50W,,NGN 14000.00,Sales,false,,,0.00,0.00,0.00,0.00,cm,kg,,,,,,,,goods,2,,,Active,pcs,Pieces,280-110-002,,,,,NGN 6595.44,Cost of Goods Sold,,Inventory Asset,fifo,false,1.00,,2.00,NGN 6595.44,2.00,false,Inventory,true,true,true,110-Dental Units & Accessories,280-Equipment,Pieces,,,,,,,,,,190-500-009
5583220000001082635,2025-06-24 09:27:44,2026-01-29 16:58:18,BULB CASTELLINI DENTAL UNIT,,NGN 10300.00,Sales,false,Castellini,CASTELLINI,0.00,0.00,0.00,0.00,cm,kg,,,,,,,,goods,2,,,Active,pcs,Pieces,280-110-004,,,,,NGN 4372.00,Cost of Goods Sold,,Inventory Asset,fifo,false,1.00,CASTELLINI,3.00,NGN 4372.00,3.00,false,Inventory,true,true,true,110-Dental Units & Accessories,280-Equipment,Pieces,,,,,,,,,,190-120-013
5583220000001083108,2025-06-24 09:27:45,2026-01-29 17:01:15,BULB LIGHT CURE UNIT 10V-52W,,NGN 4100.00,Sales,false,,,0.00,0.00,0.00,0.00,cm,kg,,,,,,,,goods,2,,,Active,pcs,Pieces,280-120-004,,,,,NGN 600.00,Cost of Goods Sold,,Inventory Asset,fifo,false,1.00,,2.00,NGN 600.00,2.00,false,Inventory,true,true,true,120-Handpieces,280-Equipment,Pieces,,,,,,,,,,190-500-010
5583220000001083581,2025-06-24 09:27:46,2026-01-29 17:04:04,BULBS FOR EYE LOUPES 15V-150W,,NGN 7800.00,Sales,false,,,0.00,0.00,0.00,0.00,cm,kg,,,,,,,,goods,2,,,Active,pcs,Pieces,280-180-001,,,,,NGN 2865.60,Cost of Goods Sold,,Inventory Asset,fifo,false,1.00,,2.00,NGN 2865.60,2.00,false,Inventory,true,true,true,180-Wearable,280-Equipment,Pieces,,,,,,,,,,190-500-011
5583220000001084054,2025-06-24 09:27:47,2026-01-29 16:59:20,HALOGEN LAMP BULB 12V-75W,,NGN 12310.00,Sales,false,,,0.00,0.00,0.00,0.00,cm,kg,,,,,,,,goods,2,,,Active,pcs,Pieces,280-110-032,,,,,NGN 5582.25,Cost of Goods Sold,,Inventory Asset,fifo,false,1.00,,3.00,NGN 5582.25,3.00,false,Inventory,true,true,true,110-Dental Units & Accessories,280-Equipment,Pieces,,,,,,,,,,190-500-012
5583220000001084527,2025-06-24 09:27:48,2026-01-29 08:49:56,SES 2000 BENCH TOP AUTOCLAVE,,NGN 1603000.00,Sales,false,,,0.00,0.00,0.00,0.00,,,,,,,,,,goods,2,,,Active,pcs,Pieces,580-120-005,,,,,NGN 1038468.40,Cost of Goods Sold,,Inventory Asset,fifo,false,1.00,,1.00,NGN 1038468.38,1.00,false,Inventory,true,true,true,120-Heat Sterilizers,580-Sterilisation,Pieces,,,,,,,,,,160-200-001
5583220000001085000,2025-06-24 09:27:49,2026-01-29 17:01:10,5 LED LIGHT HANDPIECE (FAST HAND PIECE),,NGN 148800.00,Sales,false,,,0.00,0.00,0.00,0.00,cm,kg,,,,,,,,goods,2,,,Active,pcs,Pieces,280-120-002,,,,,NGN 103252.52,Cost of Goods Sold,,Inventory Asset,fifo,false,1.00,,16.00,NGN 103252.52,25.00,false,Inventory,true,true,true,120-Handpieces,280-Equipment,Pieces,,,,,,,,,,190-400-002
5583220000001085475,2025-06-24 09:27:50,2026-01-29 17:01:23,DB-686 HELEN+CURING LIGHT,,NGN 337000.00,Sales,false,,,0.00,0.00,0.00,0.00,cm,kg,,,,,,,,goods,2,,,Active,pcs,Pieces,280-120-008,,,,,NGN 249230.23,Cost of Goods Sold,,Inventory Asset,fifo,false,1.00,,2.00,NGN 249230.23,2.00,false,Inventory,true,true,true,120-Handpieces,280-Equipment,Pieces,,,,,,,,,,300-900-001
5583220000001085948,2025-06-24 09:27:51,2026-01-29 17:00:40,SUCTION ADAPTER,,NGN 4000.00,Sales,false,,,0.00,0.00,0.00,0.00,,,,,,,,,,goods,2,,,Active,pcs,Pieces,280-110-064,,,,,NGN 493.57,Cost of Goods Sold,,Inventory Asset,fifo,false,1.00,,15.00,NGN 493.57,15.00,false,Inventory,true,true,true,110-Dental Units & Accessories,280-Equipment,Pieces,,,,,,,,,,190-500-013
5583220000001086421,2025-06-24 09:27:52,2026-01-29 08:49:57,AUTOCLAVE SEALS,,NGN 6550.00,Sales,false,,,0.00,0.00,0.00,0.00,cm,kg,,,,,,,,goods,2,,,Active,pcs,Pieces,580-120-002,,,,,NGN 2128.37,Cost of Goods Sold,,Inventory Asset,fifo,false,1.00,,6.00,NGN 2128.37,6.00,false,Inventory,true,true,true,120-Heat Sterilizers,580-Sterilisation,Pieces,,,,,,,,,,160-200-002
5583220000001086894,2025-06-24 09:27:53,2026-01-29 16:48:42,EVACUATOR TIPS,,NGN 9500.00,Sales,false,,,0.00,0.00,0.00,0.00,cm,kg,,,,,,,,goods,2,,,Active,pcs,Pieces,200-140-001,,,,,NGN 4660.98,Cost of Goods Sold,,Inventory Asset,fifo,false,1.00,,441.00,NGN 3464.80,247.00,false,Inventory,true,true,true,140-Evacuation Tips & Valves,200-Disposable Products,Pieces,,,,,,,,,,140-560-001
5583220000001087367,2025-06-24 09:27:54,2026-01-29 16:49:08,SALIVA EJECTORS - CLEAR UNO,,NGN 8500.00,Sales,false,UnoDent,UNODENT,0.00,0.00,0.00,0.00,cm,kg,,,,,,,,goods,2,,,Active,Pack(s),,200-140-012,,,,,NGN 2455.53,Cost of Goods Sold,,Inventory Asset,fifo,false,1.00,,240.00,NGN 2316.30,0.00,false,Inventory,true,true,true,140-Evacuation Tips & Valves,200-Disposable Products,Pieces,,,,,,,,,,140-560-002
5583220000001087840,2025-06-24 09:27:55,2026-01-29 16:48:55,SURGICAL ASPIRATOR TIPS-WHITE,,NGN 20900.00,Sales,false,Plasdent,PLASDENT,0.00,0.00,0.00,0.00,cm,kg,,,,,,,,goods,2,,,Active,Pack(s),,200-140-007,,,,,NGN 12228.74,Cost of Goods Sold,,Inventory Asset,fifo,false,1.00,,31.00,NGN 9591.38,31.00,false,Inventory,true,true,true,140-Evacuation Tips & Valves,200-Disposable Products,Pieces,,,,,,,,,,140-560-003
5583220000001088313,2025-06-24 09:27:56,2026-01-29 16:48:53,SURGICAL ASPIRATOR TIPS-BLUE,,NGN 25500.00,Sales,false,Plasdent,PLASDENT,0.00,0.00,0.00,0.00,cm,kg,,,,,,,,goods,2,,,Active,Pack(s),,200-140-006,,,,,NGN 14946.24,Cost of Goods Sold,,Inventory Asset,fifo,false,1.00,,27.00,NGN 11807.98,21.00,false,Inventory,true,true,true,140-Evacuation Tips & Valves,200-Disposable Products,Pieces,,,,,,,,,,140-560-004
5583220000001088786,2025-06-24 09:27:57,2026-01-29 16:48:59,VIVID SURGICAL ASPIRATOR TIPS GREEN 1/4,,NGN 14800.00,Sales,false,,,0.00,0.00,0.00,0.00,cm,kg,,,,,,,,goods,2,,,Active,pcs,Pieces,200-140-009,,,,,NGN 10944.54,Cost of Goods Sold,,Inventory Asset,fifo,false,1.00,,5.00,NGN 10944.54,3.00,false,Inventory,true,true,true,140-Evacuation Tips & Valves,200-Disposable Products,Pieces,,,,,,,,,,320-100-006
5583220000001089259,2025-06-24 09:27:59,2026-01-29 09:01:10,EPITEX FINISHING STRIP-COARSE,,NGN 135600.00,Sales,false,,,0.00,0.00,0.00,0.00,,,,,,,,,,goods,2,,,Active,pcs,Pieces,520-170-007,,,,,NGN 91307.14,Cost of Goods Sold,,Inventory Asset,fifo,false,1.00,,2.00,NGN 89112.51,3.00,false,Inventory,true,true,true,170-Finishing & Polishing Kits,520-Restorative,Pieces,,,,,,,,,,300-400-001
5583220000001089732,2025-06-24 09:28:00,2026-01-29 09:01:10,EPITEX FINISHING STRIP-X FINE,,NGN 135600.00,Sales,false,,,0.00,0.00,0.00,0.00,,,,,,,,,,goods,2,,,Active,pcs,Pieces,520-170-008,,,,,NGN 100411.00,Cost of Goods Sold,,Inventory Asset,fifo,false,1.00,,1.00,NGN 48015.83,1.00,false,Inventory,true,true,true,170-Finishing & Polishing Kits,520-Restorative,Pieces,,,,,,,,,,300-400-002
5583220000001090205,2025-06-24 09:28:01,2026-01-29 09:01:11,EPITEX FINISHING STRIP- FINE,,NGN 135600.00,Sales,false,,,0.00,0.00,0.00,0.00,,,,,,,,,,goods,2,,,Active,pcs,Pieces,520-170-004,,,,,NGN 48015.83,Cost of Goods Sold,,Inventory Asset,fifo,false,1.00,,1.00,NGN 48015.83,1.00,false,Inventory,true,true,true,170-Finishing & Polishing Kits,520-Restorative,Pieces,,,,,,,,,,300-400-003
5583220000001090678,2025-06-24 09:28:02,2026-01-29 09:01:11,EPITEX FINISHING STRIP- MATRIX,,NGN 135600.00,Sales,false,,,0.00,0.00,0.00,0.00,,,,,,,,,,goods,2,,,Active,pcs,Pieces,520-170-005,,,,,NGN 100411.00,Cost of Goods Sold,,Inventory Asset,fifo,false,1.00,,3.00,NGN 48912.84,1.00,false,Inventory,true,true,true,170-Finishing & Polishing Kits,520-Restorative,Pieces,,,,,,,,,,300-400-004
5583220000001091151,2025-06-24 09:28:03,2026-01-29 09:01:10,EPITEX FINISHING STRIP- MEDIUM,,NGN 135600.00,Sales,false,,,0.00,0.00,0.00,0.00,,,,,,,,,,goods,2,,,Active,pcs,Pieces,520-170-006,,,,,NGN 34636.47,Cost of Goods Sold,,Inventory Asset,fifo,false,1.00,,2.00,NGN 34636.47,2.00,false,Inventory,true,true,true,170-Finishing & Polishing Kits,520-Restorative,Pieces,,,,,,,,,,300-400-005
5583220000001091624,2025-06-24 09:28:04,2026-01-29 09:01:10,EPITEX KIT,,NGN 286600.00,Sales,false,,,0.00,0.00,0.00,0.00,,,,,,,,,,goods,2,,,Active,pcs,Pieces,520-170-009,,,,,NGN 212235.00,Cost of Goods Sold,,Inventory Asset,fifo,false,1.00,,1.00,NGN 212235.00,1.00,false,Inventory,true,true,true,170-Finishing & Polishing Kits,520-Restorative,Pieces,,,,,,,,,,300-400-006
5583220000001092097,2025-06-24 09:28:05,2026-01-29 17:18:52,ACRYPOL SILICONE POLISHER HP,,NGN 1855.335,Sales,false,,,0.00,0.00,0.00,0.00,,,,,,,,,,goods,2,,,Active,pcs,Pieces,380-110-002,,,,,NGN 1855.34,Cost of Goods Sold,,Inventory Asset,fifo,false,1.00,,2.00,NGN 1855.34,2.00,false,Inventory,true,true,true,110-Accessories,380-Lab Products,Pieces,,,,,,,,,,300-400-007
5583220000001092570,2025-06-24 09:28:06,2026-01-29 17:01:34,KAVO SPRAY,,NGN 29920.00,Sales,false,,,0.00,0.00,0.00,0.00,cm,kg,,,,,,,,goods,2,,,Active,Each,,280-120-012,,,,,NGN 27147.93,Cost of Goods Sold,,Inventory Asset,fifo,false,1.00,,17.00,NGN 27147.93,0.00,false,Inventory,true,true,true,120-Handpieces,280-Equipment,Pieces,,,,,,,,,,190-400-003
5583220000001093043,2025-06-24 09:28:08,2026-01-29 17:01:36,KAVO SPRAY NOZZLE,,NGN 6000.00,Sales,false,,,0.00,0.00,0.00,0.00,cm,kg,,,,,,,,goods,2,,,Active,pcs,Pieces,280-120-013,,,,,NGN 2917.94,Cost of Goods Sold,,Inventory Asset,fifo,false,1.00,,11.00,NGN 2948.41,10.00,false,Inventory,true,true,true,120-Handpieces,280-Equipment,Pieces,,,,,,,,,,190-400-004
5583220000001093516,2025-06-24 09:28:09,2026-01-29 17:01:08,1:1 FIBER CONTRA ANGLE HAND PIECE (SLOW SPEED),,NGN 160400.00,Sales,false,,,0.00,0.00,0.00,0.00,cm,kg,,,,,,,,goods,2,,,Active,Each,,280-120-001,,,,,NGN 112153.60,Cost of Goods Sold,,Inventory Asset,fifo,false,1.00,,15.00,NGN 112153.60,13.00,false,Inventory,true,true,true,120-Handpieces,280-Equipment,Pieces,,,,,,,,,,190-400-005
5583220000001093989,2025-06-24 09:28:10,2026-01-29 17:01:25,FIBER STRAIGHT HANDPIECE,,NGN 173200.00,Sales,false,,,0.00,0.00,0.00,0.00,,,,,,,,,,goods,2,,,Active,pcs,Pieces,280-120-009,,,,,NGN 121054.68,Cost of Goods Sold,,Inventory Asset,fifo,false,1.00,,12.00,NGN 76397.67,12.00,false,Inventory,true,true,true,120-Handpieces,280-Equipment,Pieces,,,,,,,,,,190-400-006
5583220000001094462,2025-06-24 09:28:11,2026-01-29 17:01:50,R25-CA 1:5CONTRA ANGLE HAND,,NGN 267400.00,Sales,false,,,0.00,0.00,0.00,0.00,,,,,,,,,,goods,2,,,Active,pcs,Pieces,280-120-019,,,,,NGN 186922.67,Cost of Goods Sold,,Inventory Asset,fifo,false,1.00,,8.00,NGN 152752.47,8.00,false,Inventory,true,true,true,120-Handpieces,280-Equipment,Pieces,,,,,,,,,,190-400-007
5583220000001094935,2025-06-24 09:28:12,2026-01-29 17:02:00,UNODENT HANDPIECE LUBRICANT,,NGN 28000.00,Sales,false,,,0.00,0.00,0.00,0.00,,,,,,,,,,goods,2,,,Active,pcs,Pieces,280-120-024,,,,,NGN 13500.00,Cost of Goods Sold,,Inventory Asset,fifo,false,1.00,,3.00,NGN 13500.00,0.00,false,Inventory,true,true,true,120-Handpieces,280-Equipment,Pieces,,,,,,,,,,250-400-012
5583220000001095408,2025-06-24 09:28:14,2026-01-29 16:53:53,"BA ULTIMATE POWER + BA755LK,",,NGN 7734000.00,Sales,false,,,0.00,0.00,0.00,0.00,cm,kg,,,,,,,,goods,2,,,Active,pcs,Pieces,260-130-056,,,,,NGN 570597.83,Cost of Goods Sold,,Inventory Asset,fifo,false,1.00,,7.00,NGN 570597.83,7.00,false,Inventory,true,true,true,130-Endodontic Instruments,260-Endodontics,Pieces,,,,,,,,,,290-800-001
5583220000001095881,2025-06-24 09:28:15,2026-01-29 17:22:32,ALGINATE-PLASTALGIN-REGULAR,,NGN 41500.00,Sales,false,Septodont,SEPTODONT,0.00,0.00,0.00,0.00,cm,kg,,,,,,,,goods,2,,,Active,pcs,Pieces,380-160-007,,,,,NGN 29445.46,Cost of Goods Sold,,Inventory Asset,fifo,false,1.00,,32.00,NGN 27262.96,7.00,false,Inventory,true,true,true,160-Impression Materials,380-Lab Products,Pieces,,,,,,,,,,300-510-001
5583220000001096354,2025-06-24 09:28:16,2026-01-29 17:23:08,GENIE GREEN MIXING TIPS,,NGN 1818.00,Sales,false,,,0.00,0.00,0.00,0.00,,,,,,,,,,goods,2,,,Active,pcs,Pieces,380-160-021,,,,,NGN 1818.00,Cost of Goods Sold,,Inventory Asset,fifo,false,1.00,,12.00,NGN 1818.00,12.00,false,Inventory,true,true,true,160-Impression Materials,380-Lab Products,Pieces,,,,,,,,,,300-520-001
5583220000001096827,2025-06-24 09:28:17,2026-01-29 17:20:19,PRESIDENT IMPRESSION TRAY #1,,NGN 34500.00,Sales,false,,,0.00,0.00,0.00,0.00,,,,,,,,,,goods,2,,,Active,pcs,Pieces,380-110-037,,,,,NGN 25529.19,Cost of Goods Sold,,Inventory Asset,fifo,false,1.00,,6.00,NGN 8364.96,10.00,false,Inventory,true,true,true,110-Accessories,380-Lab Products,Pieces,,,,,,,,,,300-950-006
5583220000001097300,2025-06-24 09:28:18,2026-01-29 17:20:21,PRESIDENT IMPRESSION TRAY #2,,NGN 34500.00,Sales,false,,,0.00,0.00,0.00,0.00,,,,,,,,,,goods,2,,,Active,pcs,Pieces,380-110-038,,,,,NGN 25529.19,Cost of Goods Sold,,Inventory Asset,fifo,false,1.00,,6.00,NGN 8364.96,10.00,false,Inventory,true,true,true,110-Accessories,380-Lab Products,Pieces,,,,,,,,,,300-950-007
5583220000001097773,2025-06-24 09:28:19,2026-01-29 17:20:45,COLTENE I/ORAL TIPS (100PCS),,NGN 52340.00,Sales,false,,,0.00,0.00,0.00,0.00,cm,kg,,,,,,,,goods,2,,,Active,pcs,Pieces,380-110-047,,,,,NGN 37987.50,Cost of Goods Sold,,Inventory Asset,fifo,false,1.00,,14.00,NGN 37987.50,10.00,false,Inventory,true,true,true,110-Accessories,380-Lab Products,Pieces,,,,,,,,,,190-400-008
5583220000001098248,2025-06-24 09:28:21,2026-01-29 17:20:23,PRESIDENT IMPRESSION TRAY #3,,NGN 34500.00,Sales,false,,,0.00,0.00,0.00,0.00,,,,,,,,,,goods,2,,,Active,pcs,Pieces,380-110-039,,,,,NGN 5413.98,Cost of Goods Sold,,Inventory Asset,fifo,false,1.00,,12.00,NGN 5413.98,12.00,false,Inventory,true,true,true,110-Accessories,380-Lab Products,Pieces,,,,,,,,,,300-950-008
5583220000001098721,2025-06-24 09:28:22,2026-01-29 17:22:18,CHROMATIC ALGINATE MINT,,NGN 13200.00,Sales,false,,,0.00,0.00,0.00,0.00,,,,,,,,,,goods,2,,,Active,pcs,Pieces,380-160-001,,,,,NGN 8403.81,Cost of Goods Sold,,Inventory Asset,fifo,false,1.00,,20.00,NGN 8403.80,20.00,false,Inventory,true,true,true,160-Impression Materials,380-Lab Products,Pieces,,,,,,,,,,
5583220000001099194,2025-06-24 09:28:23,2026-01-29 17:19:48,RUBBER MIXING BOWLS BLUE SMALL,,NGN 8000.00,Sales,false,,,0.00,0.00,0.00,0.00,,,,,,,,,,goods,2,,,Active,pcs,Pieces,380-110-024,,,,,NGN 3284.91,Cost of Goods Sold,,Inventory Asset,fifo,false,1.00,,1.00,NGN 3284.91,1.00,false,Inventory,true,true,true,110-Accessories,380-Lab Products,Pieces,,,,,,,,,,250-400-013
5583220000001099667,2025-06-24 09:28:24,2026-01-29 17:19:44,RUBBER MIXING BOWLS BLUE MEDIU,,NGN 9480.00,Sales,false,,,0.00,0.00,0.00,0.00,,,,,,,,,,goods,2,,,Active,pcs,Pieces,380-110-023,,,,,NGN 4256.64,Cost of Goods Sold,,Inventory Asset,fifo,false,1.00,,2.00,NGN 4256.64,2.00,false,Inventory,true,true,true,110-Accessories,380-Lab Products,Pieces,,,,,,,,,,250-400-014
5583220000001100140,2025-06-24 09:28:25,2026-01-29 17:23:10,MIXING TIPS (YELLOW) (UNODENT),,NGN 37600.00,Sales,false,UnoDent,UNODENT,0.00,0.00,0.00,0.00,cm,kg,,,,,,,,goods,2,,,Active,Pack(s),,380-160-022,,,,,NGN 27826.67,Cost of Goods Sold,,Inventory Asset,fifo,false,1.00,,12.00,NGN 6106.78,30.00,false,Inventory,true,true,true,160-Impression Materials,380-Lab Products,Pieces,,,,,,,,,,250-400-015
5583220000001100613,2025-06-24 09:28:26,2026-01-29 16:49:10,INTRA ORAL TIPS (YELLOW),,NGN 34100.00,Sales,false,,,0.00,0.00,0.00,0.00,cm,kg,,,,,,,,goods,2,,,Active,pcs,Pieces,200-140-013,,,,,NGN 3489.59,Cost of Goods Sold,,Inventory Asset,fifo,false,1.00,,19.00,NGN 3489.59,17.00,false,Inventory,true,true,true,140-Evacuation Tips & Valves,200-Disposable Products,Pieces,,,,,,,,,,190-400-009
5583220000001101086,2025-06-24 09:28:28,2026-01-29 17:20:27,PRESIDENT IMPRESSION TRAY #4,,NGN 34500.00,Sales,false,,,0.00,0.00,0.00,0.00,,,,,,,,,,goods,2,,,Active,pcs,Pieces,380-110-040,,,,,NGN 5413.98,Cost of Goods Sold,,Inventory Asset,fifo,false,1.00,,7.00,NGN 5413.98,7.00,false,Inventory,true,true,true,110-Accessories,380-Lab Products,Pieces,,,,,,,,,,300-950-009
5583220000001101559,2025-06-24 09:28:29,2026-01-29 17:22:22,AFFINIS FAST PUTTY SOFT,,NGN 128700.00,Sales,false,,,0.00,0.00,0.00,0.00,,,,,,,,,,goods,2,,,Active,pcs,Pieces,380-160-003,,,,,NGN 111540.67,Cost of Goods Sold,,Inventory Asset,fifo,false,1.00,,1.00,NGN 111540.67,0.00,false,Inventory,true,true,true,160-Impression Materials,380-Lab Products,Pieces,,,,,,,,,,300-520-002
5583220000001102032,2025-06-24 09:28:30,2026-01-29 17:22:28,AFFINIS PUTTY SOFT,,NGN 128700.00,Sales,false,,,0.00,0.00,0.00,0.00,cm,kg,,,,,,,,goods,2,,,Active,pcs,Pieces,380-160-005,,,,,NGN 95286.01,Cost of Goods Sold,,Inventory Asset,fifo,false,1.00,,22.00,NGN 163078.69,13.00,false,Inventory,true,true,true,160-Impression Materials,380-Lab Products,Pieces,,,,,,,,,,300-520-003
5583220000001102505,2025-06-24 09:28:31,2026-01-29 17:22:20,AFFINIS FAST LIGHT BODY 2 X 50,,NGN 148810.00,Sales,false,,,0.00,0.00,0.00,0.00,,,,,,,,,,goods,2,,,Active,pcs,Pieces,380-160-002,,,,,NGN 73079.92,Cost of Goods Sold,,Inventory Asset,fifo,false,1.00,,1.00,NGN 73079.92,0.00,false,Inventory,true,true,true,160-Impression Materials,380-Lab Products,Pieces,,,,,,,,,,300-520-004
5583220000001102978,2025-06-24 09:28:33,2026-01-29 17:22:26,AFFINIS LIGHT BODY 2 X 50ML,,NGN 148810.00,Sales,false,,,0.00,0.00,0.00,0.00,cm,kg,,,,,,,,goods,2,,,Active,pcs,Pieces,380-160-004,,,,,NGN 110223.62,Cost of Goods Sold,,Inventory Asset,fifo,false,1.00,,13.00,NGN 101652.00,6.00,false,Inventory,true,true,true,160-Impression Materials,380-Lab Products,Pieces,,,,,,,,,,300-520-005
5583220000001103451,2025-06-24 09:28:34,2026-01-29 17:22:30,AFFINIS REGULAR BODY 2 X 50,,NGN 98700.00,Sales,false,,,0.00,0.00,0.00,0.00,cm,kg,,,,,,,,goods,2,,,Active,pcs,Pieces,380-160-006,,,,,NGN 73079.92,Cost of Goods Sold,,Inventory Asset,fifo,false,1.00,,1.00,NGN 73079.92,1.00,false,Inventory,true,true,true,160-Impression Materials,380-Lab Products,Pieces,,,,,,,,,,300-520-006
5583220000001103924,2025-06-24 09:28:35,2026-01-29 08:49:08,IMPRESSION TRAYS - LOWER 1,,NGN 5300.00,Sales,false,,,0.00,0.00,0.00,0.00,,,,,,,,,,goods,2,,,Active,pcs,Pieces,520-130-002,,,,,NGN 1090.00,Cost of Goods Sold,,Inventory Asset,fifo,false,1.00,,1.00,NGN 1090.00,1.00,false,Inventory,true,true,true,130-Bite Registration Materials,520-Restorative,Pieces,,,,,,,,,,300-950-010
5583220000001104397,2025-06-24 09:28:36,2026-01-29 08:49:08,IMPRESSION TRAYS - LOWER 2,,NGN 5300.00,Sales,false,,,0.00,0.00,0.00,0.00,,,,,,,,,,goods,2,,,Active,pcs,Pieces,520-130-003,,,,,NGN 1090.00,Cost of Goods Sold,,Inventory Asset,fifo,false,1.00,,1.00,NGN 1090.00,1.00,false,Inventory,true,true,true,130-Bite Registration Materials,520-Restorative,Pieces,,,,,,,,,,300-950-011
5583220000001104870,2025-06-24 09:28:37,2026-01-29 16:48:48,SPLASH INTRAORAL TIPS-WHITE,,NGN 1818.00,Sales,false,,,0.00,0.00,0.00,0.00,,,,,,,,,,goods,2,,,Active,pcs,Pieces,200-140-004,,,,,NGN 1818.00,Cost of Goods Sold,,Inventory Asset,fifo,false,1.00,,1.00,NGN 1818.00,1.00,false,Inventory,true,true,true,140-Evacuation Tips & Valves,200-Disposable Products,Pieces,,,,,,,,,,300-520-007
5583220000001105343,2025-06-24 09:28:38,2026-01-29 17:23:16,SPLASH MIXING TIPS - GREEN,,NGN 3030.00,Sales,false,,,0.00,0.00,0.00,0.00,,,,,,,,,,goods,2,,,Active,pcs,Pieces,380-160-024,,,,,NGN 3030.00,Cost of Goods Sold,,Inventory Asset,fifo,false,1.00,,3.00,NGN 3030.00,3.00,false,Inventory,true,true,true,160-Impression Materials,380-Lab Products,Pieces,,,,,,,,,,300-520-008
5583220000001105816,2025-06-24 09:28:39,2026-01-29 17:20:34,TRIPLE TRAYS - ANTERIOR (PREM),,NGN 46900.00,Sales,false,,,0.00,0.00,0.00,0.00,,,,,,,,,,goods,2,,,Active,pcs,Pieces,380-110-043,,,,,NGN 32449.25,Cost of Goods Sold,,Inventory Asset,fifo,false,1.00,,2.00,NGN 32449.24,0.00,false,Inventory,true,true,true,110-Accessories,380-Lab Products,Pieces,,,,,,,,,,300-950-012
5583220000001106289,2025-06-24 09:28:40,2026-01-29 17:20:38,TRIPLE TRAYS- ASSORTED (PREMIE,,NGN 46900.00,Sales,false,,,0.00,0.00,0.00,0.00,,,,,,,,,,goods,2,,,Active,pcs,Pieces,380-110-044,,,,,NGN 32469.50,Cost of Goods Sold,,Inventory Asset,fifo,false,1.00,,5.00,NGN 32469.49,4.00,false,Inventory,true,true,true,110-Accessories,380-Lab Products,Pieces,,,,,,,,,,300-950-013
5583220000001106762,2025-06-24 09:28:41,2026-01-29 17:20:04,SULTAN DISPENSING GUN,,NGN 31000.00,Sales,false,,,0.00,0.00,0.00,0.00,,,,,,,,,,goods,2,,,Active,pcs,Pieces,380-110-031,,,,,NGN 17452.65,Cost of Goods Sold,,Inventory Asset,fifo,false,1.00,,1.00,NGN 17452.65,1.00,false,Inventory,true,true,true,110-Accessories,380-Lab Products,Pieces,,,,,,,,,,300-520-009
5583220000001107235,2025-06-24 09:28:42,2026-01-29 16:48:51,SULTAN INTRAORAL TIPS-YELLOW,,NGN 21200.00,Sales,false,,,0.00,0.00,0.00,0.00,,,,,,,,,,goods,2,,,Active,pcs,Pieces,200-140-005,,,,,NGN 8955.21,Cost of Goods Sold,,Inventory Asset,fifo,false,1.00,,22.00,NGN 8955.21,22.00,false,Inventory,true,true,true,140-Evacuation Tips & Valves,200-Disposable Products,Pieces,,,,,,,,,,300-520-010
5583220000001107708,2025-06-24 09:28:43,2026-01-29 08:53:14,FLOURIDE TRAYS-SMALL,,NGN 24300.00,Sales,false,,,0.00,0.00,0.00,0.00,,,,,,,,,,goods,2,,,Active,pcs,Pieces,480-120-004,,,,,NGN 5743.68,Cost of Goods Sold,,Inventory Asset,fifo,false,1.00,,5.00,NGN 5742.68,5.00,false,Inventory,true,true,true,120-Fluoride Gels & Varnishes,480-Preventive Products,Pieces,,,,,,,,,,300-950-014
5583220000001108181,2025-06-24 09:28:44,2026-01-29 08:53:14,FLOURIDE TRAYS-MEDIUM,,NGN 24300.00,Sales,false,,,0.00,0.00,0.00,0.00,,,,,,,,,,goods,2,,,Active,pcs,Pieces,480-120-003,,,,,NGN 13771.14,Cost of Goods Sold,,Inventory Asset,fifo,false,1.00,,4.00,NGN 12899.96,3.00,false,Inventory,true,true,true,120-Fluoride Gels & Varnishes,480-Preventive Products,Pieces,,,,,,,,,,300-950-015
5583220000001108654,2025-06-24 09:28:45,2026-01-29 17:19:19,IMPRESSION APPLICATOR GUN,,NGN 7879.3125,Sales,false,,,0.00,0.00,0.00,0.00,,,,,,,,,,goods,2,,,Active,pcs,Pieces,380-110-014,,,,,NGN 7879.31,Cost of Goods Sold,,Inventory Asset,fifo,false,1.00,,4.00,NGN 7879.31,4.00,false,Inventory,true,true,true,110-Accessories,380-Lab Products,Pieces,,,,,,,,,,
5583220000001109127,2025-06-24 09:28:46,2026-01-29 17:20:41,TRIPLE TRAYS-SIDELESS POSTERIOR,,NGN 24100.00,Sales,false,Vivid,VIVID,0.00,0.00,0.00,0.00,cm,kg,,,,,,,,goods,2,,,Active,pcs,Pieces,380-110-045,,,,,NGN 17768.25,Cost of Goods Sold,,Inventory Asset,fifo,false,1.00,,17.00,NGN 13252.75,26.00,false,Inventory,true,true,true,110-Accessories,380-Lab Products,Pieces,,,,,,,,,,320-100-007
5583220000001109600,2025-06-24 09:28:47,2026-01-29 08:53:14,FLOURIDE TRAYS-LARGE,,NGN 24300.00,Sales,false,,,0.00,0.00,0.00,0.00,,,,,,,,,,goods,2,,,Active,pcs,Pieces,480-120-002,,,,,NGN 9252.59,Cost of Goods Sold,,Inventory Asset,fifo,false,1.00,,2.00,NGN 9252.59,2.00,false,Inventory,true,true,true,120-Fluoride Gels & Varnishes,480-Preventive Products,Pieces,,,,,,,,,,300-950-016
5583220000001110073,2025-06-24 09:28:48,2026-01-29 17:19:23,KIT IMP-TRAY DISP. 24PCS,,NGN 2983.19,Sales,false,,,0.00,0.00,0.00,0.00,,,,,,,,,,goods,2,,,Active,pcs,Pieces,380-110-016,,,,,NGN 2983.19,Cost of Goods Sold,,Inventory Asset,fifo,false,1.00,,1.00,NGN 2983.19,1.00,false,Inventory,true,true,true,110-Accessories,380-Lab Products,Pieces,,,,,,,,,,300-950-017
5583220000001110546,2025-06-24 09:28:49,2026-01-29 17:22:36,IMPREP AC LITE BODY (UNODENT),,NGN 29408.3425,Sales,false,,,0.00,0.00,0.00,0.00,,,,,,,,,,goods,2,,,Active,pcs,Pieces,380-160-008,,,,,NGN 32056.62,Cost of Goods Sold,,Inventory Asset,fifo,false,1.00,,12.00,NGN 29408.34,0.00,false,Inventory,true,true,true,160-Impression Materials,380-Lab Products,Pieces,,,,,,,,,,250-400-016
5583220000001111019,2025-06-24 09:28:51,2026-01-29 17:20:43,VIVID BITE TRAY ANTERIOR,,NGN 24100.00,Sales,false,,,0.00,0.00,0.00,0.00,cm,kg,,,,,,,,goods,2,,,Active,pcs,Pieces,380-110-046,,,,,NGN 15991.43,Cost of Goods Sold,,Inventory Asset,fifo,false,1.00,,9.00,NGN 9270.24,13.00,false,Inventory,true,true,true,110-Accessories,380-Lab Products,Pieces,,,,,,,,,,320-100-008
5583220000001111494,2025-06-24 09:28:52,2026-01-29 17:20:29,PRESIDENT IMPRESSION TRAY #5,,NGN 34500.00,Sales,false,,,0.00,0.00,0.00,0.00,,,,,,,,,,goods,2,,,Active,pcs,Pieces,380-110-041,,,,,NGN 5413.99,Cost of Goods Sold,,Inventory Asset,fifo,false,1.00,,6.00,NGN 5413.99,6.00,false,Inventory,true,true,true,110-Accessories,380-Lab Products,Pieces,,,,,,,,,,300-950-018
5583220000001111967,2025-06-24 09:28:53,2026-01-29 17:20:32,PRESIDENT IMPRESSION TRAY #6,,NGN 34500.00,Sales,false,,,0.00,0.00,0.00,0.00,,,,,,,,,,goods,2,,,Active,pcs,Pieces,380-110-042,,,,,NGN 5413.99,Cost of Goods Sold,,Inventory Asset,fifo,false,1.00,,3.00,NGN 5413.99,3.00,false,Inventory,true,true,true,110-Accessories,380-Lab Products,Pieces,,,,,,,,,,300-950-019
5583220000001112440,2025-06-24 09:28:54,2026-01-29 17:22:38,IMPREP AC WASH LIGHT BODY FAST,,NGN 21515.005,Sales,false,,,0.00,0.00,0.00,0.00,,,,,,,,,,goods,2,,,Active,pcs,Pieces,380-160-009,,,,,NGN 21515.01,Cost of Goods Sold,,Inventory Asset,fifo,false,1.00,,4.00,NGN 21515.01,0.00,false,Inventory,true,true,true,160-Impression Materials,380-Lab Products,Pieces,,,,,,,,,,300-900-002
5583220000001112913,2025-06-24 09:28:55,2026-01-29 17:22:40,IMPREP AC WASH REGULAR BODY,,NGN 35223.85,Sales,false,,,0.00,0.00,0.00,0.00,,,,,,,,,,goods,2,,,Active,pcs,Pieces,380-160-010,,,,,NGN 35223.82,Cost of Goods Sold,,Inventory Asset,fifo,false,1.00,,2.00,NGN 35223.85,0.00,false,Inventory,true,true,true,160-Impression Materials,380-Lab Products,Pieces,,,,,,,,,,
5583220000001113386,2025-06-24 09:28:56,2026-01-30 08:22:24,FACE MASKS - COMFIT,,NGN 18000.00,Sales,false,,,0.00,0.00,0.00,0.00,cm,kg,,,,,,,,goods,2,,,Active,pcs,Pieces,200-150-006,,,,,NGN 11074.86,Cost of Goods Sold,,Inventory Asset,fifo,false,1.00,,33.00,NGN 11074.85,16.00,false,Inventory,true,true,true,150-Face Masks,200-Disposable Products,Pieces,,,,,,,,,,140-410-001
5583220000001113859,2025-06-24 09:28:57,2026-01-29 16:53:05,TONGUE BLADES SENIOR 6'' (100),,NGN 3208.087778,Sales,false,,,0.00,0.00,0.00,0.00,,,,,,,,,,goods,2,,,Active,pcs,Pieces,200-220-001,,,,,NGN 3319.23,Cost of Goods Sold,,Inventory Asset,fifo,false,1.00,,9.00,NGN 3208.09,8.00,false,Inventory,true,true,true,220-Tongue Depressors,200-Disposable Products,Pieces,,,,,,,,,,290-900-001
5583220000001114332,2025-06-24 09:28:59,2026-01-29 16:53:09,TONGUE DEPRESSOR JUNIOR 5.5(50,,NGN 7500.00,Sales,false,,,0.00,0.00,0.00,0.00,,,,,,,,,,goods,2,,,Active,pcs,Pieces,200-220-002,,,,,NGN 3284.63,Cost of Goods Sold,,Inventory Asset,fifo,false,1.00,,9.00,NGN 3284.63,10.00,false,Inventory,true,true,true,220-Tongue Depressors,200-Disposable Products,Pieces,,,,,,,,,,290-900-002
5583220000001114805,2025-06-24 09:29:00,2026-01-29 17:18:40,STICKY WRAP DISPENSER,,NGN 25650.00,Sales,false,,,0.00,0.00,0.00,0.00,,,,,,,,,,goods,2,,,Active,pcs,Pieces,360-130-007,,,,,NGN 16762.50,Cost of Goods Sold,,Inventory Asset,fifo,false,1.00,,1.00,NGN 16762.50,1.00,false,Inventory,true,true,true,130-Janitorial Equipment,360-Janitorial Supplies,Pieces,,,,,,,,,,160-160-001
5583220000001115278,2025-06-24 09:29:01,2026-01-29 16:48:10,HEADREST COVERS 9 1/2 X 11,,NGN 41000.00,Sales,false,,,0.00,0.00,0.00,0.00,cm,kg,,,,,,,,goods,2,,,Active,Pack(s),,200-110-018,,,,,NGN 24039.40,Cost of Goods Sold,,Inventory Asset,fifo,false,1.00,,11.00,NGN 22995.64,41.00,false,Inventory,true,true,true,110-Barrier Products,200-Disposable Products,Pieces,,,,,,,,,,190-200-019
5583220000001115751,2025-06-24 09:29:02,2026-01-29 17:18:16,ORANGE SOLVENT (80Z),,NGN 13000.00,Sales,false,,,0.00,0.00,0.00,0.00,,,,,,,,,,goods,2,,,Active,pcs,Pieces,360-120-006,,,,,NGN 9609.90,Cost of Goods Sold,,Inventory Asset,fifo,false,1.00,,2.00,NGN 9609.90,2.00,false,Inventory,true,true,true,120-Cleaning Chemicals,360-Janitorial Supplies,Pieces,,,,,,,,,,190-500-014
5583220000001116224,2025-06-24 09:29:03,2026-01-29 16:58:26,750ML CLEAN WATER SYSTEM,,NGN 2055.15,Sales,false,,,0.00,0.00,0.00,0.00,,,,,,,,,,goods,2,,,Active,pcs,Pieces,280-110-008,,,,,NGN 2055.15,Cost of Goods Sold,,Inventory Asset,fifo,false,1.00,,4.00,NGN 2055.15,4.00,false,Inventory,true,true,true,110-Dental Units & Accessories,280-Equipment,Pieces,,,,,,,,,,
5583220000001116697,2025-06-24 09:29:04,2026-01-29 08:49:07,CURELASTIC LIGHT BARRIER 7-10M,,NGN 133000.00,Sales,false,Steri-shield,STERI-SHIELD,0.00,0.00,0.00,0.00,cm,kg,,,,,,,,goods,2,,,Active,Pack(s),,520-140-002,,,,,NGN 94067.22,Cost of Goods Sold,,Inventory Asset,fifo,false,1.00,,7.00,NGN 68921.48,12.00,false,Inventory,true,true,true,140-Bonding Agents,520-Restorative,Pieces,,,,,,,,,,310-500-005
5583220000001117170,2025-06-24 09:29:05,2026-01-29 16:47:29,DISPOSA SHIELD NO. 2- 65090002,,NGN 54900.00,Sales,false,,,0.00,0.00,0.00,0.00,,,,,,,,,,goods,2,,,Active,pcs,Pieces,200-110-002,,,,,NGN 39701.28,Cost of Goods Sold,,Inventory Asset,fifo,false,1.00,,44.00,NGN 37954.50,95.00,false,Inventory,true,true,true,110-Barrier Products,200-Disposable Products,Pieces,,,,,,,,,,140-500-004
5583220000001117643,2025-06-24 09:29:06,2026-01-29 16:48:25,DISPOSA SHIELD NO. 3- 65090003,,NGN 54900.00,Sales,false,,,0.00,0.00,0.00,0.00,cm,kg,,,,,,,,goods,2,,,Active,pcs,Pieces,200-110-024,,,,,NGN 39701.28,Cost of Goods Sold,,Inventory Asset,fifo,false,1.00,,28.00,NGN 33135.60,90.00,false,Inventory,true,true,true,110-Barrier Products,200-Disposable Products,Pieces,,,,,,,,,,140-500-005
5583220000001118116,2025-06-24 09:29:07,2026-01-29 16:48:24,DISPOSA SHIELD NO. 4- 65090004,,NGN 54900.00,Sales,false,,,0.00,0.00,0.00,0.00,cm,kg,,,,,,,,goods,2,,,Active,pcs,Pieces,200-110-023,,,,,NGN 9658.56,Cost of Goods Sold,,Inventory Asset,fifo,false,1.00,,41.00,NGN 9658.56,41.00,false,Inventory,true,true,true,110-Barrier Products,200-Disposable Products,Pieces,,,,,,,,,,140-500-006
5583220000001118589,2025-06-24 09:29:08,2026-01-29 08:45:41,STERI POUCHES 3.5 X 9 UNODENT,,NGN 11500.00,Sales,false,,,0.00,0.00,0.00,0.00,,,,,,,,,,goods,2,,,Active,pcs,Pieces,580-130-003,,,,,NGN 3143.03,Cost of Goods Sold,,Inventory Asset,fifo,false,1.00,,78.00,NGN 3143.03,29.00,false,Inventory,true,true,true,130-Sterilization Pouches,580-Sterilisation,Pieces,,,,,,,,,,250-400-017
5583220000001119062,2025-06-24 09:29:09,2026-01-29 08:45:40,STERI POUCHES 5.25 X 10,,NGN 15000.00,Sales,false,,,0.00,0.00,0.00,0.00,,,,,,,,,,goods,2,,,Active,pcs,Pieces,580-130-004,,,,,NGN 6756.71,Cost of Goods Sold,,Inventory Asset,fifo,false,1.00,,48.00,NGN 6279.71,36.00,false,Inventory,true,true,true,130-Sterilization Pouches,580-Sterilisation,Pieces,,,,,,,,,,310-500-006
5583220000001119535,2025-06-24 09:29:10,2026-01-29 08:49:10,N'SURE SENSOR COVER 8 X 1.5/8,,NGN 15000.00,Sales,false,,,0.00,0.00,0.00,0.00,,,,,,,,,,goods,2,,,Active,pcs,Pieces,500-130-003,,,,,NGN 8044.81,Cost of Goods Sold,,Inventory Asset,fifo,false,1.00,,5.00,NGN 8044.81,5.00,false,Inventory,true,true,true,130-Film Holders & Barriers,500-Radiography Supplies,Pieces,,,,,,,,,,190-500-015
5583220000001120008,2025-06-24 09:29:11,2026-01-29 08:49:10,N'SURE SENSOR COVER 8 X 1.3/8,,NGN 15000.00,Sales,false,,,0.00,0.00,0.00,0.00,,,,,,,,,,goods,2,,,Active,pcs,Pieces,500-130-002,,,,,NGN 2804.67,Cost of Goods Sold,,Inventory Asset,fifo,false,1.00,,8.00,NGN 2804.67,13.00,false,Inventory,true,true,true,130-Film Holders & Barriers,500-Radiography Supplies,Pieces,,,,,,,,,,190-500-016
5583220000001120481,2025-06-24 09:29:12,2026-01-29 09:03:05,N'SURE SENSOR COVER 2 1/2 X10,,NGN 15000.00,Sales,false,,,0.00,0.00,0.00,0.00,,,,,,,,,,goods,2,,,Active,pcs,Pieces,500-130-001,,,,,NGN 11077.29,Cost of Goods Sold,,Inventory Asset,fifo,false,1.00,,5.00,NGN 9260.77,0.00,false,Inventory,true,true,true,130-Film Holders & Barriers,500-Radiography Supplies,Pieces,,,,,,,,,,190-500-017
5583220000001120954,2025-06-24 09:29:13,2026-01-29 16:49:45,VIVID 2 IN 1 COMBO FACE MASK,,NGN 17500.00,Sales,false,,,0.00,0.00,0.00,0.00,,,,,,,,,,goods,2,,,Active,pcs,Pieces,200-150-015,,,,,NGN 8977.98,Cost of Goods Sold,,Inventory Asset,fifo,false,1.00,,1.00,NGN 8977.98,1.00,false,Inventory,true,true,true,150-Face Masks,200-Disposable Products,Pieces,,,,,,,,,,320-100-009
5583220000001121427,2025-06-24 09:29:14,2026-01-29 16:47:33,OP-D-OP II VISOR - MINT GREEN,,NGN 179400.00,Sales,false,,,0.00,0.00,0.00,0.00,,,,,,,,,,goods,2,,,Active,pcs,Pieces,200-110-004,,,,,NGN 126775.98,Cost of Goods Sold,,Inventory Asset,fifo,false,1.00,,2.00,NGN 126775.98,1.00,false,Inventory,true,true,true,110-Barrier Products,200-Disposable Products,Pieces,,,,,,,,,,150-500-001
5583220000001121900,2025-06-24 09:29:15,2026-01-29 16:52:52,HEAD NET,,NGN 6600.00,Sales,false,,,0.00,0.00,0.00,0.00,,,,,,,,,,goods,2,,,Active,pcs,Pieces,200-210-004,,,,,NGN 2600.00,Cost of Goods Sold,,Inventory Asset,fifo,false,1.00,,1.00,NGN 2600.00,1.00,false,Inventory,true,true,true,210-Surgical Gowns & Caps,200-Disposable Products,Pieces,,,,,,,,,,310-500-007
5583220000001122373,2025-06-24 09:29:16,2026-01-29 16:52:50,HEAD COVERS 100PK (D NOTEC),,NGN 2000.00,Sales,false,,,0.00,0.00,0.00,0.00,,,,,,,,,,goods,2,,,Active,pcs,Pieces,200-210-003,,,,,NGN 2000.00,Cost of Goods Sold,,Inventory Asset,fifo,false,1.00,,3.00,NGN 2000.00,3.00,false,Inventory,true,true,true,210-Surgical Gowns & Caps,200-Disposable Products,Pieces,,,,,,,,,,310-500-008
5583220000001122846,2025-06-24 09:29:18,2026-01-29 16:47:31,GOOGLES OFFICE PACK,,NGN 23700.00,Sales,false,,,0.00,0.00,0.00,0.00,,,,,,,,,,goods,2,,,Active,pcs,Pieces,200-110-003,,,,,NGN 17020.92,Cost of Goods Sold,,Inventory Asset,fifo,false,1.00,,2.00,NGN 17020.92,2.00,false,Inventory,true,true,true,110-Barrier Products,200-Disposable Products,Pieces,,,,,,,,,,210-200-001
5583220000001123319,2025-06-24 09:29:19,2026-01-29 16:48:08,VIVID FIT SHIELD REPLACE,,NGN 7500.00,Sales,false,,,0.00,0.00,0.00,0.00,,,,,,,,,,goods,2,,,Active,pcs,Pieces,200-110-017,,,,,NGN 2639.36,Cost of Goods Sold,,Inventory Asset,fifo,false,1.00,,1.00,NGN 2639.36,1.00,false,Inventory,true,true,true,110-Barrier Products,200-Disposable Products,Pieces,,,,,,,,,,320-100-010
5583220000001123792,2025-06-24 09:29:20,2026-01-29 17:18:14,SURGISCRUB 4L,,NGN 65000.00,Sales,false,,,0.00,0.00,0.00,0.00,cm,kg,,,,,,,,goods,2,,,Active,pcs,Pieces,360-120-005,,,,,NGN 42500.00,Cost of Goods Sold,,Inventory Asset,fifo,false,1.00,,7.00,NGN 43857.14,9.00,false,Inventory,true,true,true,120-Cleaning Chemicals,360-Janitorial Supplies,Pieces,,,,,,,,,,140-200-007
5583220000001124265,2025-06-24 09:29:21,2026-01-29 16:52:44,APRONS POLYTHENE 686  X 1066MM,,NGN 7500.00,Sales,false,,,0.00,0.00,0.00,0.00,cm,kg,,,,,,,,goods,2,,,Active,pcs,Pieces,200-210-001,,,,,NGN 2673.39,Cost of Goods Sold,,Inventory Asset,fifo,false,1.00,,253.00,NGN 2673.49,250.00,false,Inventory,true,true,true,210-Surgical Gowns & Caps,200-Disposable Products,Pieces,,,,,,,,,,310-600-001
5583220000001124740,2025-06-24 09:29:22,2026-01-29 16:52:46,HEAD CAPS DISPOSABLE BLUE (20),,NGN 9000.00,Sales,false,,,0.00,0.00,0.00,0.00,,,,,,,,,,goods,2,,,Active,pcs,Pieces,200-210-002,,,,,NGN 4435.73,Cost of Goods Sold,,Inventory Asset,fifo,false,1.00,,10.00,NGN 4435.73,10.00,false,Inventory,true,true,true,210-Surgical Gowns & Caps,200-Disposable Products,Pieces,,,,,,,,,,140-500-007
5583220000001125213,2025-06-24 09:29:23,2026-01-29 16:53:03,"VIVID TUFFCAP 21"" BLUE BOUFFANT CAP",,NGN 21200.00,Sales,false,,,0.00,0.00,0.00,0.00,cm,kg,,,,,,,,goods,2,,,Active,pcs,Pieces,200-210-009,,,,,NGN 13474.87,Cost of Goods Sold,,Inventory Asset,fifo,false,1.00,,8.00,NGN 13474.87,5.00,false,Inventory,true,true,true,210-Surgical Gowns & Caps,200-Disposable Products,Pieces,,,,,,,,,,320-100-011
5583220000001125686,2025-06-24 09:29:24,2026-01-29 16:49:57,VIVID SUREMASK 3PLY EARLOOP,,NGN 6720.5474,Sales,false,,,0.00,0.00,0.00,0.00,,,,,,,,,,goods,2,,,Active,pcs,Pieces,200-150-020,,,,,NGN 6720.55,Cost of Goods Sold,,Inventory Asset,fifo,false,1.00,,50.00,NGN 6720.55,50.00,false,Inventory,true,true,true,150-Face Masks,200-Disposable Products,Pieces,,,,,,,,,,320-100-012
5583220000001126159,2025-06-24 09:29:26,2026-01-29 16:49:34,N'SURE SAFEMARK L3 BLUE MASK,,NGN 19400.00,Sales,false,,,0.00,0.00,0.00,0.00,,,,,,,,,,goods,2,,,Active,pcs,Pieces,200-150-010,,,,,NGN 12124.00,Cost of Goods Sold,,Inventory Asset,fifo,false,1.00,,16.00,NGN 12124.00,16.00,false,Inventory,true,true,true,150-Face Masks,200-Disposable Products,Pieces,,,,,,,,,,140-400-001
5583220000001126632,2025-06-24 09:29:27,2026-01-29 16:49:38,N'SURE SAFEMARK L3 PINK MASK,,NGN 19400.00,Sales,false,,,0.00,0.00,0.00,0.00,,,,,,,,,,goods,2,,,Active,pcs,Pieces,200-150-012,,,,,NGN 12124.00,Cost of Goods Sold,,Inventory Asset,fifo,false,1.00,,13.00,NGN 12124.00,13.00,false,Inventory,true,true,true,150-Face Masks,200-Disposable Products,Pieces,,,,,,,,,,140-400-002
5583220000001127105,2025-06-24 09:29:28,2026-01-29 16:49:36,N'SURE SAFEMARK L3 LAVENDER,,NGN 19400.00,Sales,false,,,0.00,0.00,0.00,0.00,,,,,,,,,,goods,2,,,Active,pcs,Pieces,200-150-011,,,,,NGN 12124.00,Cost of Goods Sold,,Inventory Asset,fifo,false,1.00,,15.00,NGN 12124.00,15.00,false,Inventory,true,true,true,150-Face Masks,200-Disposable Products,Pieces,,,,,,,,,,140-400-003
5583220000001127578,2025-06-24 09:29:29,2026-01-29 16:52:54,"VIVID BOUFFANT CAPS 24"" BLUE",,NGN 21200.00,Sales,false,,,0.00,0.00,0.00,0.00,cm,kg,,,,,,,,goods,2,,,Active,pcs,Pieces,200-210-005,,,,,NGN 13474.86,Cost of Goods Sold,,Inventory Asset,fifo,false,1.00,,2.00,NGN 13474.86,0.00,false,Inventory,true,true,true,210-Surgical Gowns & Caps,200-Disposable Products,Pieces,,,,,,,,,,320-100-013
5583220000001128051,2025-06-24 09:29:31,2026-01-29 17:18:20,VIVID DUALZYME TABLETS (64),,NGN 61200.00,Sales,false,,,0.00,0.00,0.00,0.00,cm,kg,,,,,,,,goods,2,,,Active,pcs,Pieces,360-120-008,,,,,NGN 44119.68,Cost of Goods Sold,,Inventory Asset,fifo,false,1.00,,11.00,NGN 52229.06,19.00,false,Inventory,true,true,true,120-Cleaning Chemicals,360-Janitorial Supplies,Pieces,,,,,,,,,,320-100-014
5583220000001128524,2025-06-24 09:29:32,2026-01-29 16:47:37,OP-D-OP VISOR W/3 SHIELDS BLUE,,NGN 173900.00,Sales,false,,,0.00,0.00,0.00,0.00,,,,,,,,,,goods,2,,,Active,pcs,Pieces,200-110-005,,,,,NGN 122876.72,Cost of Goods Sold,,Inventory Asset,fifo,false,1.00,,2.00,NGN 122876.72,0.00,false,Inventory,true,true,true,110-Barrier Products,200-Disposable Products,Pieces,,,,,,,,,,140-400-004
5583220000001128997,2025-06-24 09:29:33,2026-01-29 16:47:39,OP-D-OP VISOR W/3 SHIELDS PEAC,,NGN 173900.00,Sales,false,,,0.00,0.00,0.00,0.00,,,,,,,,,,goods,2,,,Active,pcs,Pieces,200-110-006,,,,,NGN 122876.72,Cost of Goods Sold,,Inventory Asset,fifo,false,1.00,,2.00,NGN 122876.72,2.00,false,Inventory,true,true,true,110-Barrier Products,200-Disposable Products,Pieces,,,,,,,,,,140-400-005
5583220000001129470,2025-06-24 09:29:34,2026-01-29 16:48:21,STICKY WRAP ECO-PACK BLUE,,NGN 45300.00,Sales,false,,,0.00,0.00,0.00,0.00,cm,kg,,,,,,,,goods,2,,,Active,Pack(s),,200-110-022,,,,,NGN 24039.40,Cost of Goods Sold,,Inventory Asset,fifo,false,1.00,,25.00,NGN 16916.74,74.00,false,Inventory,true,true,true,110-Barrier Products,200-Disposable Products,Pieces,,,,,,,,,,140-600-001
5583220000001129943,2025-06-24 09:29:35,2026-01-29 16:49:47,VIVID DAILY MASK 3PLY BLUE L3,,NGN 12500.00,Sales,false,,,0.00,0.00,0.00,0.00,,,,,,,,,,goods,2,,,Active,pcs,Pieces,200-150-016,,,,,NGN 5389.83,Cost of Goods Sold,,Inventory Asset,fifo,false,1.00,,50.00,NGN 5389.83,49.00,false,Inventory,true,true,true,150-Face Masks,200-Disposable Products,Pieces,,,,,,,,,,320-100-015
5583220000001130416,2025-06-24 09:29:36,2026-01-29 08:31:39,N'SURE PATTERN MASK LEAF GREEN,,NGN 21100.00,Sales,false,,,0.00,0.00,0.00,0.00,,,,,,,,,,goods,2,,,Active,pcs,Pieces,200-150-008,,,,,NGN 15588.95,Cost of Goods Sold,,Inventory Asset,fifo,false,1.00,,8.00,NGN 12395.21,17.00,false,Inventory,true,true,true,150-Face Masks,200-Disposable Products,Pieces,,,,,,,,,,140-400-006
5583220000001130889,2025-06-24 09:29:37,2026-01-29 16:49:49,VIVID SMILEY MASK,,NGN 13500.00,Sales,false,,,0.00,0.00,0.00,0.00,,,,,,,,,,goods,2,,,Active,pcs,Pieces,200-150-017,,,,,NGN 7578.26,Cost of Goods Sold,,Inventory Asset,fifo,false,1.00,,8.00,NGN 7578.26,8.00,false,Inventory,true,true,true,150-Face Masks,200-Disposable Products,Pieces,,,,,,,,,,320-100-016
5583220000001131362,2025-06-24 09:29:38,2026-01-29 16:47:41,OP-D-OP VISOR W/3 SHIELDS VIOL,,NGN 173900.00,Sales,false,,,0.00,0.00,0.00,0.00,,,,,,,,,,goods,2,,,Active,pcs,Pieces,200-110-007,,,,,NGN 122876.72,Cost of Goods Sold,,Inventory Asset,fifo,false,1.00,,1.00,NGN 122876.71,0.00,false,Inventory,true,true,true,110-Barrier Products,200-Disposable Products,Pieces,,,,,,,,,,140-400-007
5583220000001131835,2025-06-24 09:29:39,2026-01-29 17:01:48,SLEEVES HP (HIGH SPEED) WINNER,,NGN 10000.00,Sales,false,,,0.00,0.00,0.00,0.00,,,,,,,,,,goods,2,,,Active,pcs,Pieces,280-120-018,,,,,NGN 2249.70,Cost of Goods Sold,,Inventory Asset,fifo,false,1.00,,17.00,NGN 2249.70,17.00,false,Inventory,true,true,true,120-Handpieces,280-Equipment,Pieces,,,,,,,,,,140-620-001
5583220000001132308,2025-06-24 09:29:40,2026-01-29 08:45:40,STERI POUCHES 7.5 X 13 UNODENT,,NGN 21360.00,Sales,false,,,0.00,0.00,0.00,0.00,,,,,,,,,,goods,2,,,Active,pcs,Pieces,580-130-005,,,,,NGN 17679.55,Cost of Goods Sold,,Inventory Asset,fifo,false,1.00,,3.00,NGN 17679.55,3.00,false,Inventory,true,true,true,130-Sterilization Pouches,580-Sterilisation,Pieces,,,,,,,,,,250-400-018
5583220000001132781,2025-06-24 09:29:41,2026-01-29 16:47:27,BARRIER FILM DISPENSER,,NGN 23450.00,Sales,false,,,0.00,0.00,0.00,0.00,cm,kg,,,,,,,,goods,2,,,Active,pcs,Pieces,200-110-001,,,,,NGN 14514.68,Cost of Goods Sold,,Inventory Asset,fifo,false,1.00,,2.00,NGN 14514.68,2.00,false,Inventory,true,true,true,110-Barrier Products,200-Disposable Products,Pieces,,,,,,,,,,330-300-001
5583220000001133254,2025-06-24 09:29:42,2026-01-29 17:18:03,SHARP COLLECT PHLEBOT 1QT. RED,,NGN 7960.00,Sales,false,,,0.00,0.00,0.00,0.00,,,,,,,,,,goods,2,,,Active,pcs,Pieces,360-110-005,,,,,NGN 3670.02,Cost of Goods Sold,,Inventory Asset,fifo,false,1.00,,3.00,NGN 3670.02,3.00,false,Inventory,true,true,true,110-Janitorial Waste,360-Janitorial Supplies,Pieces,,,,,,,,,,140-500-008
5583220000001133727,2025-06-24 09:29:43,2026-01-29 08:45:39,VIVID SANIPOUCH CLEAR 2 3/4 X 10 (200/PK),,NGN 13700.00,Sales,false,,,0.00,0.00,0.00,0.00,cm,kg,,,,,,,,goods,2,,,Active,Pack(s),,580-130-013,,,,,NGN 10103.52,Cost of Goods Sold,cm,Inventory Asset,fifo,false,1.00,,50.00,NGN 7535.87,54.00,false,Inventory,true,true,true,130-Sterilization Pouches,580-Sterilisation,Pieces,,,,,,,,,,320-100-017
5583220000001134200,2025-06-24 09:29:44,2026-01-29 08:45:38,VIVID SANIPOUCH CLEAR 3 1/2 X 10 POUCH (200/PK),,NGN 16000.00,Sales,false,Pearson Dental,VIVID,0.00,0.00,0.00,0.00,cm,kg,,,,,,,,goods,2,,,Active,Pack(s),,580-130-014,,,,,NGN 7600.84,Cost of Goods Sold,,Inventory Asset,fifo,false,1.00,,48.00,NGN 7600.84,62.00,false,Inventory,true,true,true,130-Sterilization Pouches,580-Sterilisation,Pieces,,,,,,,,,,320-100-018
5583220000001134673,2025-06-24 09:29:46,2026-01-29 17:01:52,SLEEVES HP (LOW SPEED) WINNER,,NGN 10000.00,Sales,false,,,0.00,0.00,0.00,0.00,,,,,,,,,,goods,2,,,Active,pcs,Pieces,280-120-020,,,,,NGN 4056.10,Cost of Goods Sold,,Inventory Asset,fifo,false,1.00,,37.00,NGN 4056.10,37.00,false,Inventory,true,true,true,120-Handpieces,280-Equipment,Pieces,,,,,,,,,,140-620-002
5583220000001135146,2025-06-24 09:29:47,2026-01-29 17:18:33,SOAPLETS PUMP BOTTLES,,NGN 3600.00,Sales,false,,,0.00,0.00,0.00,0.00,,,,,,,,,,goods,2,,,Active,pcs,Pieces,360-130-005,,,,,NGN 363.00,Cost of Goods Sold,,Inventory Asset,fifo,false,1.00,,3.00,NGN 363.00,3.00,false,Inventory,true,true,true,130-Janitorial Equipment,360-Janitorial Supplies,Pieces,,,,,,,,,,160-160-002
5583220000001135619,2025-06-24 09:29:48,2026-01-29 08:45:40,STERI POUCHES- 2.25X5 (N'SURE),,NGN 9978.118,Sales,false,,,0.00,0.00,0.00,0.00,,,,,,,,,,goods,2,,,Active,pcs,Pieces,580-130-006,,,,,NGN 9978.12,Cost of Goods Sold,,Inventory Asset,fifo,false,1.00,,5.00,NGN 9978.12,0.00,false,Inventory,true,true,true,130-Sterilization Pouches,580-Sterilisation,Pieces,,,,,,,,,,
5583220000001136092,2025-06-24 09:29:49,2026-01-29 16:48:17,STERI SHIELD,,NGN 99900.00,Sales,false,Steri-shield,STERI-SHIELD,0.00,0.00,0.00,0.00,cm,kg,,,,,,,,goods,2,,,Active,Pack(s),,200-110-020,,,,,NGN 73895.03,Cost of Goods Sold,,Inventory Asset,fifo,false,1.00,,10.00,NGN 53411.02,11.00,false,Inventory,true,true,true,110-Barrier Products,200-Disposable Products,Pieces,,,,,,,,,,
5583220000001136565,2025-06-24 09:29:50,2026-01-29 08:49:57,STERILEX ULTRA POWDER,,NGN 19110.00,Sales,false,,,0.00,0.00,0.00,0.00,,,,,,,,,,goods,2,,,Active,pcs,Pieces,580-110-001,,,,,NGN 9660.00,Cost of Goods Sold,,Inventory Asset,fifo,false,1.00,,2.00,NGN 9660.00,2.00,false,Inventory,true,true,true,110-Chemical Disinfectants,580-Sterilisation,Pieces,,,,,,,,,,
5583220000001137038,2025-06-24 09:29:51,2026-01-29 17:18:42,SURFLETS BOTTLE,,NGN 3550.00,Sales,false,,,0.00,0.00,0.00,0.00,,,,,,,,,,goods,2,,,Active,pcs,Pieces,360-130-008,,,,,NGN 396.07,Cost of Goods Sold,,Inventory Asset,fifo,false,1.00,,8.00,NGN 396.07,8.00,false,Inventory,true,true,true,130-Janitorial Equipment,360-Janitorial Supplies,Pieces,,,,,,,,,,
5583220000001137511,2025-06-24 09:29:53,2026-01-29 17:18:24,CLASSIC AUTOCLAV SURGEON BRUSH,,NGN 3350.00,Sales,false,,,0.00,0.00,0.00,0.00,cm,kg,,,,,,,,goods,2,,,Active,pcs,Pieces,360-130-001,,,,,NGN 237.67,Cost of Goods Sold,,Inventory Asset,fifo,false,1.00,,3.00,NGN 237.67,3.00,false,Inventory,true,true,true,130-Janitorial Equipment,360-Janitorial Supplies,Pieces,,,,,,,,,,
5583220000001137986,2025-06-24 09:29:54,2026-01-29 16:48:13,OMNIA HEADREST COVER WATERPROO,,NGN 16800.00,Sales,false,,,0.00,0.00,0.00,0.00,,,,,,,,,,goods,2,,,Active,pcs,Pieces,200-110-019,,,,,NGN 9031.84,Cost of Goods Sold,,Inventory Asset,fifo,false,1.00,,9.00,NGN 9031.84,9.00,false,Inventory,true,true,true,110-Barrier Products,200-Disposable Products,Pieces,,,,,,,,,,
5583220000001138459,2025-06-24 09:29:55,2026-01-29 16:48:01,SAFETY GLASSES CLEAR - BLUE,,NGN 6000.00,Sales,false,,,0.00,0.00,0.00,0.00,,,,,,,,,,goods,2,,,Active,pcs,Pieces,200-110-014,,,,,NGN 1049.88,Cost of Goods Sold,,Inventory Asset,fifo,false,1.00,,7.00,NGN 1049.88,6.00,false,Inventory,true,true,true,110-Barrier Products,200-Disposable Products,Pieces,,,,,,,,,,
5583220000001138932,2025-06-24 09:29:55,2026-01-29 16:47:59,SAFETY GLASSES CLEAR - BLACK,,NGN 6000.00,Sales,false,,,0.00,0.00,0.00,0.00,,,,,,,,,,goods,2,,,Active,pcs,Pieces,200-110-013,,,,,NGN 956.38,Cost of Goods Sold,,Inventory Asset,fifo,false,1.00,,14.00,NGN 956.38,13.00,false,Inventory,true,true,true,110-Barrier Products,200-Disposable Products,Pieces,,,,,,,,,,
5583220000001139405,2025-06-24 09:29:57,2026-01-29 16:48:03,SAFETY GLASSES CLEAR - YELLOW,,NGN 6000.00,Sales,false,,,0.00,0.00,0.00,0.00,cm,kg,,,,,,,,goods,2,,,Active,pcs,Pieces,200-110-015,,,,,NGN 1020.13,Cost of Goods Sold,,Inventory Asset,fifo,false,1.00,,12.00,NGN 995.34,10.00,false,Inventory,true,true,true,110-Barrier Products,200-Disposable Products,Pieces,,,,,,,,,,
5583220000001139878,2025-06-24 09:29:58,2026-01-29 08:45:40,STERI POUCHES-PEELPRO 3.25X6.5,,NGN 4040.650833,Sales,false,,,0.00,0.00,0.00,0.00,,,,,,,,,,goods,2,,,Active,pcs,Pieces,580-130-007,,,,,NGN 4040.65,Cost of Goods Sold,,Inventory Asset,fifo,false,1.00,,12.00,NGN 4040.65,12.00,false,Inventory,true,true,true,130-Sterilization Pouches,580-Sterilisation,Pieces,,,,,,,,,,
5583220000001140351,2025-06-24 09:29:59,2026-01-29 17:18:18,UNODENT DISINFECTANT HAND GEL-,,NGN 34500.00,Sales,false,,,0.00,0.00,0.00,0.00,,,,,,,,,,goods,2,,,Active,pcs,Pieces,360-120-007,,,,,NGN 25548.12,Cost of Goods Sold,,Inventory Asset,fifo,false,1.00,,6.00,NGN 25548.12,0.00,false,Inventory,true,true,true,120-Cleaning Chemicals,360-Janitorial Supplies,Pieces,,,,,,,,,,
5583220000001140824,2025-06-24 09:30:00,2026-01-29 17:18:10,HAND SANITIZERS,,NGN 14000.00,Sales,false,,,0.00,0.00,0.00,0.00,,,,,,,,,,goods,2,,,Active,pcs,Pieces,360-120-003,,,,,NGN 8000.00,Cost of Goods Sold,,Inventory Asset,fifo,false,1.00,,15.00,NGN 8000.00,13.00,false,Inventory,true,true,true,120-Cleaning Chemicals,360-Janitorial Supplies,Pieces,,,,,,,,,,
5583220000001141297,2025-06-24 09:30:01,2026-01-26 12:46:38,CLINELL UNIV. SANITIZING WIPES - Secondary,,NGN 8760.918588,Sales,false,,,0.00,0.00,0.00,0.00,cm,kg,,,,,,,,goods,2,,,Inactive,pcs,Pieces,null,,,,,NGN 6489.569325,Cost of Goods Sold,cm,Inventory Asset,fifo,false,1.00,,85.00,NGN 8760.92,0.00,false,Inventory,true,true,true,,,Pieces,,,,,,,,,,
5583220000001141770,2025-06-24 09:30:02,2026-01-30 08:22:24,BEESURE FLORAL FACE MASK HIBISCUS,"BeeSure Floral Face Mask (ASTM Level 2). Hibiscus design. Latex-free, fiberglass-free, 100% natural cellulose inner layer. 50/Box.",NGN 22500.00,Sales,false,BeeSure,BEESURE,0.00,0.00,0.00,0.00,cm,kg,,,,,,,,goods,2,,,Active,box,Box,200-150-003,,,,,NGN 15896.99,Cost of Goods Sold,,Inventory Asset,fifo,false,1.00,,43.00,NGN 12678.00,13.00,false,Inventory,true,true,true,150-Face Masks,200-Disposable Products,Pieces,https://www.pearsondental.com/catalog/img_bin/BE2300%20Floral%20Design%20Hibiscus%20Face%20Mask.jpg,Published,BEESURE FACE MASK,Design,Hibiscus,Color,Pink,,,180-150-001
5583220000001142243,2025-06-24 09:30:03,2026-01-30 08:22:24,BEESURE FLORAL FACE MASK PLUME,"BeeSure Floral Face Mask (ASTM Level 2). Plumeria design. Latex-free, fiberglass-free, 100% natural cellulose inner layer. 50/Box.",NGN 22500.00,Sales,false,BeeSure,BEESURE,0.00,0.00,0.00,0.00,cm,kg,,,,,,,,goods,2,,,Active,box,Box,200-150-005,,,,,NGN 11691.71,Cost of Goods Sold,,Inventory Asset,fifo,false,1.00,,12.00,NGN 15021.54,33.00,false,Inventory,true,true,true,150-Face Masks,200-Disposable Products,Pieces,https://www.pearsondental.com/catalog/img_bin/BE2310%20Floral%20Design%20Plumeria%20Face%20Mask.jpg,Published,BEESURE FACE MASK,Design,Plumeria,Color,Blue,,,180-150-002
5583220000001142716,2025-06-24 09:30:05,2026-01-30 08:22:24,BEESURE FLORAL FACE MASK ORCHI,"BeeSure Floral Face Mask (ASTM Level 2). Orchid design. Latex-free, fiberglass-free, 100% natural cellulose inner layer. 50/Box.",NGN 22500.00,Sales,false,BeeSure,BEESURE,0.00,0.00,0.00,0.00,cm,kg,,,,,,,,goods,2,,,Active,box,Box,200-150-004,,,,,NGN 12043.18,Cost of Goods Sold,,Inventory Asset,fifo,false,1.00,,59.00,NGN 12043.18,22.00,false,Inventory,true,true,true,150-Face Masks,200-Disposable Products,Pieces,https://www.pearsondental.com/catalog/img_bin/BE2320%20Floral%20Design%20Orchid%20Face%20Mask.jpg,Published,BEESURE FACE MASK,Design,Orchid,Color,Lavender,,,180-150-003
5583220000001143189,2025-06-24 09:30:06,2026-01-30 08:22:24,BEESURE FLORAL FACE MASK DAISY,"BeeSure Floral Face Mask (ASTM Level 2). Daisy design. Latex-free, fiberglass-free, 100% natural cellulose inner layer. 50/Box.",NGN 22500.00,Sales,false,BeeSure,BEESURE,0.00,0.00,0.00,0.00,cm,kg,,,,,,,,goods,2,,,Active,box,Box,200-150-001,,,,,NGN 11691.71,Cost of Goods Sold,cm,Inventory Asset,fifo,false,1.00,PEARSON DENTAL SUPPLY COMPANY,47.00,NGN 15896.99,48.00,false,Inventory,true,true,true,150-Face Masks,200-Disposable Products,,https://www.pearsondental.com/catalog/img_bin/BE2330%20Floral%20Design%20Daisy%20Face%20Mask.jpg,Published,BEESURE FACE MASK,Design,Daisy,Color,Yellow,,,180-150-004
5583220000001143662,2025-06-24 09:30:07,2026-01-29 16:49:14,BEESURE FLORAL FACE MASK FERN,"BeeSure Floral Face Mask (ASTM Level 2). Fern design. Latex-free, fiberglass-free, 100% natural cellulose inner layer. 50/Box.",NGN 22500.00,Sales,false,BeeSure,BEESURE,0.00,0.00,0.00,0.00,cm,kg,,,,,,,,goods,2,,,Active,box,Box,200-150-002,,,,,NGN 15896.99,Cost of Goods Sold,,Inventory Asset,fifo,false,1.00,,38.00,NGN 15251.92,14.00,false,Inventory,true,true,true,150-Face Masks,200-Disposable Products,Pieces,https://www.pearsondental.com/catalog/img_bin/BE2340%20Floral%20Design%20Fern%20Face%20Mask.jpg,Published,BEESURE FACE MASK,Design,Fern,Color,Green,,,180-150-005
5583220000001144135,2025-06-24 09:30:08,2026-01-29 16:49:43,ULTIMATE EARLOOP MASK PINK,,NGN 12500.00,Sales,false,,,0.00,0.00,0.00,0.00,,,,,,,,,,goods,2,,,Active,pcs,Pieces,200-150-014,,,,,NGN 15896.99,Cost of Goods Sold,,Inventory Asset,fifo,false,1.00,,2.00,NGN 2294.74,2.00,false,Inventory,true,true,true,150-Face Masks,200-Disposable Products,Pieces,,,,,,,,,,
5583220000001144608,2025-06-24 09:30:09,2026-01-29 16:49:40,ULTIMATE EARLOOP MASK LAVENDER,,NGN 12500.00,Sales,false,,,0.00,0.00,0.00,0.00,,,,,,,,,,goods,2,,,Active,pcs,Pieces,200-150-013,,,,,NGN 2294.73,Cost of Goods Sold,,Inventory Asset,fifo,false,1.00,,6.00,NGN 2294.73,6.00,false,Inventory,true,true,true,150-Face Masks,200-Disposable Products,Pieces,,,,,,,,,,
5583220000001145081,2025-06-24 09:30:11,2026-01-29 16:49:30,N'SURE PATTERN MASK LEAFS BLUE,,NGN 21100.00,Sales,false,,,0.00,0.00,0.00,0.00,,,,,,,,,,goods,2,,,Active,pcs,Pieces,200-150-009,,,,,NGN 15588.95,Cost of Goods Sold,,Inventory Asset,fifo,false,1.00,,15.00,NGN 12395.22,22.00,false,Inventory,true,true,true,150-Face Masks,200-Disposable Products,Pieces,,,,,,,,,,
5583220000001145554,2025-06-24 09:30:12,2026-01-29 08:31:38,N'SURE PATTERN MASK FLOWER BLUE (50/PK),,NGN 21100.00,Sales,false,,,0.00,0.00,0.00,0.00,cm,kg,,,,,,,,goods,2,,,Active,pcs,Pieces,200-150-007,,,,,NGN 15588.95,Cost of Goods Sold,cm,Inventory Asset,fifo,false,1.00,,19.00,NGN 12395.21,16.00,false,Inventory,true,true,true,150-Face Masks,200-Disposable Products,Pieces,,,,,,,,,,
5583220000001146027,2025-06-24 09:30:13,2026-01-29 16:49:53,VIVID SUPREMEMASK BLUE (50),,NGN 12500.00,Sales,false,,,0.00,0.00,0.00,0.00,,,,,,,,,,goods,2,,,Active,pcs,Pieces,200-150-018,,,,,NGN 2878.53,Cost of Goods Sold,,Inventory Asset,fifo,false,1.00,,5.00,NGN 2878.53,4.00,false,Inventory,true,true,true,150-Face Masks,200-Disposable Products,Pieces,,,,,,,,,,
5583220000001146500,2025-06-24 09:30:14,2026-01-29 16:49:55,VIVID SUPREMEMASK PINK (50),,NGN 12500.00,Sales,false,,,0.00,0.00,0.00,0.00,,,,,,,,,,goods,2,,,Active,pcs,Pieces,200-150-019,,,,,NGN 2878.50,Cost of Goods Sold,,Inventory Asset,fifo,false,1.00,,1.00,NGN 2878.50,1.00,false,Inventory,true,true,true,150-Face Masks,200-Disposable Products,Pieces,,,,,,,,,,
5583220000001146973,2025-06-24 09:30:16,2026-01-29 17:09:32,COLOR CODE RINGS-MILTEX WHITE (SMALL),,NGN 10750.00,Sales,false,,,0.00,0.00,0.00,0.00,cm,kg,,,,,,,,goods,2,,,Active,pcs,Pieces,340-110-047,,,,,NGN 5704.90,Cost of Goods Sold,cm,Inventory Asset,fifo,false,1.00,,2.00,NGN 5704.90,2.00,false,Inventory,true,true,true,110-Accessories,340-Instruments,Pieces,,,,,,,,,,
5583220000001147446,2025-06-24 09:30:17,2026-01-29 17:09:34,COLOR CODE RINGS-PLASDENT BLUE (LARGE),,NGN 12100.00,Sales,false,,,0.00,0.00,0.00,0.00,cm,kg,,,,,,,,goods,2,,,Active,pcs,Pieces,340-110-048,,,,,NGN 3521.88,Cost of Goods Sold,cm,Inventory Asset,fifo,false,1.00,,2.00,NGN 3521.89,1.00,false,Inventory,true,true,true,110-Accessories,340-Instruments,Pieces,,,,,,,,,,
5583220000001147919,2025-06-24 09:30:18,2026-01-29 17:09:36,COLOR CODE RINGS-PLASDENT RED (LARGE),,NGN 12100.00,Sales,false,,,0.00,0.00,0.00,0.00,cm,kg,,,,,,,,goods,2,,,Active,pcs,Pieces,340-110-049,,,,,NGN 3521.89,Cost of Goods Sold,cm,Inventory Asset,fifo,false,1.00,,1.00,NGN 3521.89,1.00,false,Inventory,true,true,true,110-Accessories,340-Instruments,Pieces,,,,,,,,,,
5583220000001148392,2025-06-24 09:30:19,2026-01-29 17:09:24,COLOR CODE RING-PLASDENT WHITE (LARGE),,NGN 12100.00,Sales,false,,,0.00,0.00,0.00,0.00,cm,kg,,,,,,,,goods,2,,,Active,pcs,Pieces,340-110-044,,,,,NGN 3141.19,Cost of Goods Sold,cm,Inventory Asset,fifo,false,1.00,,4.00,NGN 3141.19,4.00,false,Inventory,true,true,true,110-Accessories,340-Instruments,Pieces,,,,,,,,,,
5583220000001148865,2025-06-24 09:30:20,2026-01-29 17:09:26,COLOR CODE RING-PLASDENT YELLOW (LARGE),,NGN 12100.00,Sales,false,,,0.00,0.00,0.00,0.00,cm,kg,,,,,,,,goods,2,,,Active,pcs,Pieces,340-110-045,,,,,NGN 7717.78,Cost of Goods Sold,cm,Inventory Asset,fifo,false,1.00,,2.00,NGN 7717.78,1.00,false,Inventory,true,true,true,110-Accessories,340-Instruments,Pieces,,,,,,,,,,
5583220000001149338,2025-06-24 09:30:21,2026-01-29 17:09:30,COLOR CODE RINGS-BLACK-SMALL (UNODENT),,NGN 8000.00,Sales,false,,,0.00,0.00,0.00,0.00,cm,kg,,,,,,,,goods,2,,,Active,pcs,Pieces,340-110-046,,,,,NGN 2455.49,Cost of Goods Sold,cm,Inventory Asset,fifo,false,1.00,,1.00,NGN 2455.49,1.00,false,Inventory,true,true,true,110-Accessories,340-Instruments,Pieces,,,,,,,,,,
5583220000001149811,2025-06-24 09:30:22,2026-01-29 17:09:42,COLOUR CODED RINGS RED (PEARSON),,NGN 1998.37,Sales,false,,,0.00,0.00,0.00,0.00,cm,kg,,,,,,,,goods,2,,,Active,pcs,Pieces,340-110-051,,,,,NGN 1998.37,Cost of Goods Sold,cm,Inventory Asset,fifo,false,1.00,,1.00,NGN 1998.37,1.00,false,Inventory,true,true,true,110-Accessories,340-Instruments,Pieces,,,,,,,,,,
5583220000001150284,2025-06-24 09:30:23,2026-01-29 17:09:01,CODE RINGS LARGE MAUVE PLD,,NGN 12100.00,Sales,false,,,0.00,0.00,0.00,0.00,,,,,,,,,,goods,2,,,Active,pcs,Pieces,340-110-033,,,,,NGN 2804.67,Cost of Goods Sold,,Inventory Asset,fifo,false,1.00,,2.00,NGN 2804.67,2.00,false,Inventory,true,true,true,110-Accessories,340-Instruments,Pieces,,,,,,,,,,
5583220000001150759,2025-06-24 09:30:24,2026-01-29 17:09:07,CODE RINGS SMAL MAUVE,,NGN 11000.00,Sales,false,,,0.00,0.00,0.00,0.00,,,,,,,,,,goods,2,,,Active,pcs,Pieces,340-110-036,,,,,NGN 4073.85,Cost of Goods Sold,,Inventory Asset,fifo,false,1.00,,2.00,NGN 4073.85,2.00,false,Inventory,true,true,true,110-Accessories,340-Instruments,Pieces,,,,,,,,,,
5583220000001151232,2025-06-24 09:30:25,2026-01-29 17:09:44,SILICONE CODE RING SMALL GREEN,,NGN 8100.00,Sales,false,,,0.00,0.00,0.00,0.00,,,,,,,,,,goods,2,,,Active,pcs,Pieces,340-110-052,,,,,NGN 3551.32,Cost of Goods Sold,,Inventory Asset,fifo,false,1.00,,3.00,NGN 3551.32,3.00,false,Inventory,true,true,true,110-Accessories,340-Instruments,Pieces,,,,,,,,,,
5583220000001151705,2025-06-24 09:30:27,2026-01-29 17:09:50,SILICONE CODE RING SMALL YELLO,,NGN 8100.00,Sales,false,,,0.00,0.00,0.00,0.00,,,,,,,,,,goods,2,,,Active,pcs,Pieces,340-110-054,,,,,NGN 3551.32,Cost of Goods Sold,,Inventory Asset,fifo,false,1.00,,3.00,NGN 3551.32,3.00,false,Inventory,true,true,true,110-Accessories,340-Instruments,Pieces,,,,,,,,,,
5583220000001152178,2025-06-24 09:30:28,2026-01-29 17:09:03,CODE RINGS ORANGE (PEARSON),,NGN 8500.00,Sales,false,,,0.00,0.00,0.00,0.00,cm,kg,,,,,,,,goods,2,,,Active,pcs,Pieces,340-110-034,,,,,NGN 4054.09,Cost of Goods Sold,,Inventory Asset,fifo,false,1.00,,5.00,NGN 4054.09,5.00,false,Inventory,true,true,true,110-Accessories,340-Instruments,Pieces,,,,,,,,,,
5583220000001152651,2025-06-24 09:30:29,2026-01-29 17:09:10,CODE RINGS SMALL ASST (120),,NGN 10710.00,Sales,false,,,0.00,0.00,0.00,0.00,cm,kg,,,,,,,,goods,2,,,Active,pcs,Pieces,340-110-037,,,,,NGN 5706.05,Cost of Goods Sold,,Inventory Asset,fifo,false,1.00,,2.00,NGN 5706.05,2.00,false,Inventory,true,true,true,110-Accessories,340-Instruments,Pieces,,,,,,,,,,
5583220000001153124,2025-06-24 09:30:30,2026-01-29 17:08:54,CODE RINGS LARGE ASST (120),,NGN 12740.00,Sales,false,,,0.00,0.00,0.00,0.00,cm,kg,,,,,,,,goods,2,,,Active,pcs,Pieces,340-110-031,,,,,NGN 7214.36,Cost of Goods Sold,,Inventory Asset,fifo,false,1.00,,2.00,NGN 7214.36,2.00,false,Inventory,true,true,true,110-Accessories,340-Instruments,Pieces,,,,,,,,,,
5583220000001153597,2025-06-24 09:30:31,2026-01-29 17:09:46,SILICONE CODE RING SMALL LT. B,,NGN 8100.00,Sales,false,,,0.00,0.00,0.00,0.00,,,,,,,,,,goods,2,,,Active,pcs,Pieces,340-110-053,,,,,NGN 3709.62,Cost of Goods Sold,,Inventory Asset,fifo,false,1.00,,3.00,NGN 3709.62,3.00,false,Inventory,true,true,true,110-Accessories,340-Instruments,Pieces,,,,,,,,,,
5583220000001154070,2025-06-24 09:30:32,2026-01-29 17:09:52,UNODENT LARGE CODE RING BLACK,,NGN 8000.00,Sales,false,,,0.00,0.00,0.00,0.00,,,,,,,,,,goods,2,,,Active,pcs,Pieces,340-110-055,,,,,NGN 2455.50,Cost of Goods Sold,,Inventory Asset,fifo,false,1.00,,2.00,NGN 2455.50,2.00,false,Inventory,true,true,true,110-Accessories,340-Instruments,Pieces,,,,,,,,,,
5583220000001154543,2025-06-24 09:30:33,2026-01-29 17:08:52,CODE RINGS GREY (SMALL) (50PK),,NGN 8500.00,Sales,false,,,0.00,0.00,0.00,0.00,,,,,,,,,,goods,2,,,Active,pcs,Pieces,340-110-030,,,,,NGN 2455.49,Cost of Goods Sold,,Inventory Asset,fifo,false,1.00,,2.00,NGN 2455.49,2.00,false,Inventory,true,true,true,110-Accessories,340-Instruments,Pieces,,,,,,,,,,
5583220000001155016,2025-06-24 09:30:34,2026-01-29 17:09:55,UNODENT LARGE CODE RINGS LIGHT BLUE,,NGN 8000.00,Sales,false,,,0.00,0.00,0.00,0.00,cm,kg,,,,,,,,goods,2,,,Active,pcs,Pieces,340-110-057,,,,,NGN 2455.49,Cost of Goods Sold,,Inventory Asset,fifo,false,1.00,,4.00,NGN 2455.49,3.00,false,Inventory,true,true,true,110-Accessories,340-Instruments,Pieces,,,,,,,,,,
5583220000001155489,2025-06-24 09:30:35,2026-01-29 17:10:01,UNODENT LARGE CODE RINGS WHITE,,NGN 8000.00,Sales,false,,,0.00,0.00,0.00,0.00,,,,,,,,,,goods,2,,,Active,pcs,Pieces,340-110-059,,,,,NGN 2455.49,Cost of Goods Sold,,Inventory Asset,fifo,false,1.00,,3.00,NGN 2455.49,3.00,false,Inventory,true,true,true,110-Accessories,340-Instruments,Pieces,,,,,,,,,,
5583220000001155962,2025-06-24 09:30:36,2026-01-29 17:09:20,CODE RINGS WHITE (SMALL) UNODENT,,NGN 8000.00,Sales,false,,,0.00,0.00,0.00,0.00,cm,kg,,,,,,,,goods,2,,,Active,pcs,Pieces,340-110-042,,,,,NGN 2455.49,Cost of Goods Sold,,Inventory Asset,fifo,false,1.00,,5.00,NGN 2455.49,5.00,false,Inventory,true,true,true,110-Accessories,340-Instruments,Pieces,,,,,,,,,,
5583220000001156435,2025-06-24 09:30:38,2026-01-29 17:08:46,CODE RINGS BLUE (SMALL) UNODENT,,NGN 8000.00,Sales,false,,,0.00,0.00,0.00,0.00,cm,kg,,,,,,,,goods,2,,,Active,pcs,Pieces,340-110-028,,,,,NGN 3588.33,Cost of Goods Sold,,Inventory Asset,fifo,false,1.00,,2.00,NGN 3588.33,1.00,false,Inventory,true,true,true,110-Accessories,340-Instruments,Pieces,,,,,,,,,,
5583220000001156908,2025-06-24 09:30:39,2026-01-29 17:09:53,UNODENT LARGE CODE RINGS GREEN,,NGN 8000.00,Sales,false,,,0.00,0.00,0.00,0.00,,,,,,,,,,goods,2,,,Active,pcs,Pieces,340-110-056,,,,,NGN 3737.84,Cost of Goods Sold,,Inventory Asset,fifo,false,1.00,,3.00,NGN 3737.84,3.00,false,Inventory,true,true,true,110-Accessories,340-Instruments,Pieces,,,,,,,,,,
5583220000001157381,2025-06-24 09:30:40,2026-01-29 17:08:50,CODE RINGS GREEN (SMALL) (50PK,,NGN 8500.00,Sales,false,,,0.00,0.00,0.00,0.00,,,,,,,,,,goods,2,,,Active,pcs,Pieces,340-110-029,,,,,NGN 3737.84,Cost of Goods Sold,,Inventory Asset,fifo,false,1.00,,2.00,NGN 3737.84,2.00,false,Inventory,true,true,true,110-Accessories,340-Instruments,Pieces,,,,,,,,,,
5583220000001157854,2025-06-24 09:30:40,2026-01-26 13:06:44,UNODENT LARGE CODE RINGS ORANG,,NGN 3737.84,Sales,false,,,0.00,0.00,0.00,0.00,cm,kg,,,,,,,,goods,2,,,Inactive,pcs,Pieces,null,,,,,NGN 2768.77037,Cost of Goods Sold,,Inventory Asset,fifo,false,1.00,,1.00,NGN 3737.84,1.00,false,Inventory,true,true,true,,,Pieces,,,,,,,,,,
5583220000001158327,2025-06-24 09:30:41,2026-01-29 17:09:05,CODE RINGS RED (SMALL) (50PK),,NGN 8500.00,Sales,false,,,0.00,0.00,0.00,0.00,,,,,,,,,,goods,2,,,Active,pcs,Pieces,340-110-035,,,,,NGN 3737.84,Cost of Goods Sold,,Inventory Asset,fifo,false,1.00,,3.00,NGN 3737.84,3.00,false,Inventory,true,true,true,110-Accessories,340-Instruments,Pieces,,,,,,,,,,
5583220000001158800,2025-06-24 09:30:43,2026-01-29 17:10:03,UNODENT LARGE CODE RINGS YELLO,,NGN 8000.00,Sales,false,,,0.00,0.00,0.00,0.00,,,,,,,,,,goods,2,,,Active,pcs,Pieces,340-110-060,,,,,NGN 3737.84,Cost of Goods Sold,,Inventory Asset,fifo,false,1.00,,2.00,NGN 3737.84,2.00,false,Inventory,true,true,true,110-Accessories,340-Instruments,Pieces,,,,,,,,,,
5583220000001159273,2025-06-24 09:30:44,2026-01-29 17:09:22,CODE RINGS YELLOW (SMALL) UNODENT,,NGN 8000.00,Sales,false,,,0.00,0.00,0.00,0.00,cm,kg,,,,,,,,goods,2,,,Active,pcs,Pieces,340-110-043,,,,,NGN 3737.84,Cost of Goods Sold,,Inventory Asset,fifo,false,1.00,,1.00,NGN 3737.84,1.00,false,Inventory,true,true,true,110-Accessories,340-Instruments,Pieces,,,,,,,,,,
5583220000001159746,2025-06-24 09:30:45,2026-01-29 17:10:11,VIVID RING CODE SMALL YELLOW,,NGN 7200.00,Sales,false,,,0.00,0.00,0.00,0.00,,,,,,,,,,goods,2,,,Active,pcs,Pieces,340-110-063,,,,,NGN 3101.43,Cost of Goods Sold,,Inventory Asset,fifo,false,1.00,,2.00,NGN 3101.43,2.00,false,Inventory,true,true,true,110-Accessories,340-Instruments,Pieces,,,,,,,,,,
5583220000001160219,2025-06-24 09:30:46,2026-01-29 17:10:05,VIVID RING CODE SMALL DARK BLU,,NGN 7200.00,Sales,false,,,0.00,0.00,0.00,0.00,,,,,,,,,,goods,2,,,Active,pcs,Pieces,340-110-061,,,,,NGN 3101.43,Cost of Goods Sold,,Inventory Asset,fifo,false,1.00,,2.00,NGN 3101.43,2.00,false,Inventory,true,true,true,110-Accessories,340-Instruments,Pieces,,,,,,,,,,
5583220000001160692,2025-06-24 09:30:47,2026-01-29 17:10:08,VIVID RING CODE SMALL RED,,NGN 7200.00,Sales,false,,,0.00,0.00,0.00,0.00,,,,,,,,,,goods,2,,,Active,pcs,Pieces,340-110-062,,,,,NGN 3101.43,Cost of Goods Sold,,Inventory Asset,fifo,false,1.00,,2.00,NGN 3101.43,2.00,false,Inventory,true,true,true,110-Accessories,340-Instruments,Pieces,,,,,,,,,,
5583220000001161165,2025-06-24 09:30:48,2026-01-29 17:09:12,CODE RINGS SMALL BLUE (PLASDENT),,NGN 11000.00,Sales,false,,,0.00,0.00,0.00,0.00,cm,kg,,,,,,,,goods,2,,,Active,pcs,Pieces,340-110-038,,,,,NGN 7000.57,Cost of Goods Sold,cm,Inventory Asset,fifo,false,1.00,,3.00,NGN 7000.57,2.00,false,Inventory,true,true,true,110-Accessories,340-Instruments,Pieces,,,,,,,,,,
5583220000001161638,2025-06-24 09:30:49,2026-01-29 17:09:18,CODE RINGS SMALL YELLOW (PLASDENT),,NGN 11000.00,Sales,false,,,0.00,0.00,0.00,0.00,cm,kg,,,,,,,,goods,2,,,Active,pcs,Pieces,340-110-041,,,,,NGN 7000.57,Cost of Goods Sold,cm,Inventory Asset,fifo,false,1.00,,3.00,NGN 7000.57,3.00,false,Inventory,true,true,true,110-Accessories,340-Instruments,Pieces,,,,,,,,,,
5583220000001162111,2025-06-24 09:30:50,2026-01-29 17:09:16,CODE RINGS SMALL GREEN (PLASDENT),,NGN 11000.00,Sales,false,,,0.00,0.00,0.00,0.00,cm,kg,,,,,,,,goods,2,,,Active,pcs,Pieces,340-110-040,,,,,NGN 7000.57,Cost of Goods Sold,cm,Inventory Asset,fifo,false,1.00,,2.00,NGN 7000.57,1.00,false,Inventory,true,true,true,110-Accessories,340-Instruments,Pieces,,,,,,,,,,
5583220000001162584,2025-06-24 09:30:51,2026-01-29 17:09:14,CODE RINGS SMALL FLAME RED (PLASDENT),,NGN 11000.00,Sales,false,,,0.00,0.00,0.00,0.00,cm,kg,,,,,,,,goods,2,,,Active,pcs,Pieces,340-110-039,,,,,NGN 7000.57,Cost of Goods Sold,cm,Inventory Asset,fifo,false,1.00,,3.00,NGN 7000.57,3.00,false,Inventory,true,true,true,110-Accessories,340-Instruments,Pieces,,,,,,,,,,
5583220000001163057,2025-06-24 09:30:53,2026-01-29 17:08:58,CODE RINGS LARGE GREEN (PLASDENT),,NGN 12100.00,Sales,false,,,0.00,0.00,0.00,0.00,cm,kg,,,,,,,,goods,2,,,Active,pcs,Pieces,340-110-032,,,,,NGN 7717.78,Cost of Goods Sold,cm,Inventory Asset,fifo,false,1.00,,4.00,NGN 7717.78,3.00,false,Inventory,true,true,true,110-Accessories,340-Instruments,Pieces,,,,,,,,,,
5583220000001163530,2025-06-24 09:30:54,2026-01-29 17:13:13,DRESSING PLIERS #17,,NGN 9300.00,Sales,false,,,0.00,0.00,0.00,0.00,,,,,,,,,,goods,2,,,Active,pcs,Pieces,340-190-007,,,,,NGN 3747.44,Cost of Goods Sold,,Inventory Asset,fifo,false,1.00,,2.00,NGN 3747.44,2.00,false,Inventory,true,true,true,190-Surgical Instruments,340-Instruments,Pieces,,,,,,,,,,
5583220000001164005,2025-06-24 09:30:55,2026-01-29 17:10:30,MIRROR HANDLES - MILTEX,,NGN 15000.00,Sales,false,,,0.00,0.00,0.00,0.00,,,,,,,,,,goods,2,,,Active,pcs,Pieces,340-120-003,,,,,NGN 8032.31,Cost of Goods Sold,,Inventory Asset,fifo,false,1.00,,26.00,NGN 8032.31,20.00,false,Inventory,true,true,true,120-Diagnostic Instruments,340-Instruments,Pieces,,,,,,,,,,
5583220000001164478,2025-06-24 09:30:57,2026-01-29 17:11:37,PROBE CP 15 PT 548/4PT,,NGN 3966.465,Sales,false,,,0.00,0.00,0.00,0.00,,,,,,,,,,goods,2,,,Active,pcs,Pieces,340-170-007,,,,,NGN 3966.47,Cost of Goods Sold,,Inventory Asset,fifo,false,1.00,,2.00,NGN 3966.47,2.00,false,Inventory,true,true,true,170-Periodontal Instruments,340-Instruments,Pieces,,,,,,,,,,
5583220000001164951,2025-06-24 09:30:58,2026-01-29 17:11:33,PROBE CP 15 548/4,,NGN 2611.035,Sales,false,,,0.00,0.00,0.00,0.00,,,,,,,,,,goods,2,,,Active,pcs,Pieces,340-170-005,,,,,NGN 2611.04,Cost of Goods Sold,,Inventory Asset,fifo,false,1.00,,2.00,NGN 2611.04,2.00,false,Inventory,true,true,true,170-Periodontal Instruments,340-Instruments,Pieces,,,,,,,,,,
5583220000001165424,2025-06-24 09:30:59,2026-01-29 17:11:27,PROBE CP 12S PT 548/1PT,,NGN 3966.465,Sales,false,,,0.00,0.00,0.00,0.00,,,,,,,,,,goods,2,,,Active,pcs,Pieces,340-170-003,,,,,NGN 3966.47,Cost of Goods Sold,,Inventory Asset,fifo,false,1.00,,2.00,NGN 3966.47,2.00,false,Inventory,true,true,true,170-Periodontal Instruments,340-Instruments,Pieces,,,,,,,,,,
5583220000001165897,2025-06-24 09:31:00,2026-01-29 17:11:43,PROBE DOUBLE GOLDMAN -FOX/WILL,,NGN 3918.265,Sales,false,,,0.00,0.00,0.00,0.00,,,,,,,,,,goods,2,,,Active,pcs,Pieces,340-170-009,,,,,NGN 3918.27,Cost of Goods Sold,,Inventory Asset,fifo,false,1.00,,2.00,NGN 3918.27,2.00,false,Inventory,true,true,true,170-Periodontal Instruments,340-Instruments,Pieces,,,,,,,,,,
5583220000001166370,2025-06-24 09:31:01,2026-01-29 17:11:53,PROBE WILLIAMS S 547/4,,NGN 4178.176667,Sales,false,,,0.00,0.00,0.00,0.00,,,,,,,,,,goods,2,,,Active,pcs,Pieces,340-170-013,,,,,NGN 4178.08,Cost of Goods Sold,,Inventory Asset,fifo,false,1.00,,39.00,NGN 4178.18,33.00,false,Inventory,true,true,true,170-Periodontal Instruments,340-Instruments,Pieces,,,,,,,,,,
5583220000001166843,2025-06-24 09:31:02,2026-01-29 17:10:41,MOUTH MIRROR #4 C/S FRONT SURF,,NGN 60000.00,Sales,false,,,0.00,0.00,0.00,0.00,,,,,,,,,,goods,2,,,Active,pcs,Pieces,340-120-008,,,,,NGN 32252.38,Cost of Goods Sold,,Inventory Asset,fifo,false,1.00,,3.00,NGN 32252.38,0.00,false,Inventory,true,true,true,120-Diagnostic Instruments,340-Instruments,Pieces,,,,,,,,,,
5583220000001167316,2025-06-24 09:31:03,2026-01-29 17:10:45,MOUTH MIRROR #4 C/S MAGNIFYING,,NGN 168000.00,Sales,false,,,0.00,0.00,0.00,0.00,,,,,,,,,,goods,2,,,Active,pcs,Pieces,340-120-009,,,,,NGN 85799.84,Cost of Goods Sold,,Inventory Asset,fifo,false,1.00,,3.00,NGN 72711.55,1.00,false,Inventory,true,true,true,120-Diagnostic Instruments,340-Instruments,Pieces,,,,,,,,,,
5583220000001167789,2025-06-24 09:31:04,2026-01-29 09:01:55,COMPOSITE ORGANISER SYRINGE,,NGN 7280.29,Sales,false,,,0.00,0.00,0.00,0.00,,,,,,,,,,goods,2,,,Active,pcs,Pieces,520-160-012,,,,,NGN 7280.29,Cost of Goods Sold,,Inventory Asset,fifo,false,1.00,,1.00,NGN 7280.29,1.00,false,Inventory,true,true,true,160-Composites,520-Restorative,Pieces,,,,,,,,,,
5583220000001168262,2025-06-24 09:31:06,2026-01-29 17:08:06,INSTRUMENT TRAY- TURQUOISE,,NGN 5759.443333,Sales,false,,,0.00,0.00,0.00,0.00,,,,,,,,,,goods,2,,,Active,pcs,Pieces,340-110-011,,,,,NGN 5759.44,Cost of Goods Sold,,Inventory Asset,fifo,false,1.00,,3.00,NGN 5759.44,3.00,false,Inventory,true,true,true,110-Accessories,340-Instruments,Pieces,,,,,,,,,,
5583220000001168735,2025-06-24 09:31:07,2026-01-29 17:08:10,INSTRUMENT TRAY- YELLOW,,NGN 5759.443333,Sales,false,,,0.00,0.00,0.00,0.00,,,,,,,,,,goods,2,,,Active,pcs,Pieces,340-110-012,,,,,NGN 5759.44,Cost of Goods Sold,,Inventory Asset,fifo,false,1.00,,3.00,NGN 5759.44,3.00,false,Inventory,true,true,true,110-Accessories,340-Instruments,Pieces,,,,,,,,,,
5583220000001169208,2025-06-24 09:31:08,2026-01-29 17:08:00,INSTRUMENT TRAY COVER,,NGN 15670.00,Sales,false,,,0.00,0.00,0.00,0.00,,,,,,,,,,goods,2,,,Active,pcs,Pieces,340-110-008,,,,,NGN 6388.91,Cost of Goods Sold,,Inventory Asset,fifo,false,1.00,,6.00,NGN 6388.91,6.00,false,Inventory,true,true,true,110-Accessories,340-Instruments,Pieces,,,,,,,,,,
5583220000001169681,2025-06-24 09:31:09,2026-01-29 17:08:04,INSTRUMENT TRAY RACK LARGE,,NGN 178900.00,Sales,false,,,0.00,0.00,0.00,0.00,,,,,,,,,,goods,2,,,Active,pcs,Pieces,340-110-010,,,,,NGN 126752.11,Cost of Goods Sold,,Inventory Asset,fifo,false,1.00,,3.00,NGN 126752.11,3.00,false,Inventory,true,true,true,110-Accessories,340-Instruments,Pieces,,,,,,,,,,
5583220000001170154,2025-06-24 09:31:10,2026-01-29 17:08:12,KIDNEY DISH (EMESIS BASIN) BIG,,NGN 15000.00,Sales,false,UnoDent,UNODENT,0.00,0.00,0.00,0.00,cm,kg,,,,,,,,goods,2,,,Active,pcs,Pieces,340-110-013,,,,,NGN 9899.53,Cost of Goods Sold,,Inventory Asset,fifo,false,1.00,,3.00,NGN 9899.53,3.00,false,Inventory,true,true,true,110-Accessories,340-Instruments,Pieces,,,,,,,,,,
5583220000001170627,2025-06-24 09:31:11,2026-01-29 17:08:14,KIDNEY DISH(EMESIS BASIN) SMALL,,NGN 15000.00,Sales,false,UnoDent,UNODENT,0.00,0.00,0.00,0.00,cm,kg,,,,,,,,goods,2,,,Active,pcs,Pieces,340-110-014,,,,,NGN 9983.47,Cost of Goods Sold,,Inventory Asset,fifo,false,1.00,,3.00,NGN 9983.47,3.00,false,Inventory,true,true,true,110-Accessories,340-Instruments,Pieces,,,,,,,,,,
5583220000001171100,2025-06-24 09:31:12,2026-01-29 17:08:42,TUB CUP & COVER - DOUBLE,,NGN 5900.00,Sales,false,,,0.00,0.00,0.00,0.00,,,,,,,,,,goods,2,,,Active,pcs,Pieces,340-110-026,,,,,NGN 2040.08,Cost of Goods Sold,,Inventory Asset,fifo,false,1.00,,2.00,NGN 2040.08,2.00,false,Inventory,true,true,true,110-Accessories,340-Instruments,Pieces,,,,,,,,,,
5583220000001171573,2025-06-24 09:31:14,2026-01-29 17:03:07,TOUCH ACTIVATED GAS BURNER,,NGN 217800.00,Sales,false,,,0.00,0.00,0.00,0.00,,,,,,,,,,goods,2,,,Active,pcs,Pieces,280-140-016,,,,,NGN 161261.88,Cost of Goods Sold,,Inventory Asset,fifo,false,1.00,,2.00,NGN 161261.88,0.00,false,Inventory,true,true,true,140-Small Equipment,280-Equipment,Pieces,,,,,,,,,,
5583220000001172046,2025-06-24 09:31:15,2026-01-29 17:07:56,INSTRUMENT RACK (17 INST,,NGN 1636.55,Sales,false,,,0.00,0.00,0.00,0.00,,,,,,,,,,goods,2,,,Active,pcs,Pieces,340-110-007,,,,,NGN 1636.55,Cost of Goods Sold,,Inventory Asset,fifo,false,1.00,,3.00,NGN 1636.55,3.00,false,Inventory,true,true,true,110-Accessories,340-Instruments,Pieces,,,,,,,,,,
5583220000001172519,2025-06-24 09:31:16,2026-01-29 17:08:23,TRAY ALUMINIUM BLUE (998/B),,NGN 5197.07,Sales,false,,,0.00,0.00,0.00,0.00,,,,,,,,,,goods,2,,,Active,pcs,Pieces,340-110-018,,,,,NGN 5197.07,Cost of Goods Sold,,Inventory Asset,fifo,false,1.00,,4.00,NGN 5197.07,0.00,false,Inventory,true,true,true,110-Accessories,340-Instruments,Pieces,,,,,,,,,,
5583220000001172992,2025-06-24 09:31:17,2026-01-29 17:08:31,TRAY ALUMINIUM SILVER (998/AS),,NGN 2535.715,Sales,false,,,0.00,0.00,0.00,0.00,,,,,,,,,,goods,2,,,Active,pcs,Pieces,340-110-021,,,,,NGN 2535.72,Cost of Goods Sold,,Inventory Asset,fifo,false,1.00,,2.00,NGN 2535.72,2.00,false,Inventory,true,true,true,110-Accessories,340-Instruments,Pieces,,,,,,,,,,
5583220000001173465,2025-06-24 09:31:18,2026-01-29 17:08:25,TRAY ALUMINIUM GREEN (998/V),,NGN 5197.07,Sales,false,,,0.00,0.00,0.00,0.00,,,,,,,,,,goods,2,,,Active,pcs,Pieces,340-110-019,,,,,NGN 5197.07,Cost of Goods Sold,,Inventory Asset,fifo,false,1.00,,2.00,NGN 5197.07,0.00,false,Inventory,true,true,true,110-Accessories,340-Instruments,Pieces,,,,,,,,,,
5583220000001173938,2025-06-24 09:31:19,2026-01-29 17:08:29,TRAY ALUMINIUM RED (998/R),,NGN 5197.07,Sales,false,,,0.00,0.00,0.00,0.00,,,,,,,,,,goods,2,,,Active,pcs,Pieces,340-110-020,,,,,NGN 5197.07,Cost of Goods Sold,,Inventory Asset,fifo,false,1.00,,2.00,NGN 5197.07,0.00,false,Inventory,true,true,true,110-Accessories,340-Instruments,Pieces,,,,,,,,,,
5583220000001174411,2025-06-24 09:31:20,2026-01-29 17:10:19,LID ALUMINIUM SILVER (999/A),,NGN 4675.09375,Sales,false,,,0.00,0.00,0.00,0.00,,,,,,,,,,goods,2,,,Active,pcs,Pieces,340-110-067,,,,,NGN 4675.09,Cost of Goods Sold,,Inventory Asset,fifo,false,1.00,,8.00,NGN 4675.09,0.00,false,Inventory,true,true,true,110-Accessories,340-Instruments,Pieces,,,,,,,,,,
5583220000001174884,2025-06-24 09:31:22,2026-01-29 16:52:31,TRAY WITH LID LARGE (1160),,NGN 29101.62,Sales,false,,,0.00,0.00,0.00,0.00,,,,,,,,,,goods,2,,,Active,pcs,Pieces,200-200-021,,,,,NGN 29101.62,Cost of Goods Sold,,Inventory Asset,fifo,false,1.00,,1.00,NGN 29101.62,1.00,false,Inventory,true,true,true,200-Plastic Cup & Tray,200-Disposable Products,Pieces,,,,,,,,,,
5583220000001175357,2025-06-24 09:31:22,2026-01-29 17:10:12,TRAY PERFORATED ALUM. BLUE,,NGN 5451.06,Sales,false,,,0.00,0.00,0.00,0.00,,,,,,,,,,goods,2,,,Active,pcs,Pieces,340-110-064,,,,,NGN 5451.06,Cost of Goods Sold,,Inventory Asset,fifo,false,1.00,,1.00,NGN 5451.06,0.00,false,Inventory,true,true,true,110-Accessories,340-Instruments,Pieces,,,,,,,,,,
5583220000001175830,2025-06-24 09:31:24,2026-01-29 17:10:15,TRAY PERFORATED ALUM. SILVER,,NGN 3222.31,Sales,false,,,0.00,0.00,0.00,0.00,,,,,,,,,,goods,2,,,Active,pcs,Pieces,340-110-065,,,,,NGN 3222.31,Cost of Goods Sold,,Inventory Asset,fifo,false,1.00,,1.00,NGN 3222.31,0.00,false,Inventory,true,true,true,110-Accessories,340-Instruments,Pieces,,,,,,,,,,
5583220000001176303,2025-06-24 09:31:25,2026-01-29 17:10:22,LID PERFORATED ALUM. SILVER,,NGN 5783.20,Sales,false,,,0.00,0.00,0.00,0.00,,,,,,,,,,goods,2,,,Active,pcs,Pieces,340-110-068,,,,,NGN 5783.20,Cost of Goods Sold,,Inventory Asset,fifo,false,1.00,,3.00,NGN 5783.20,0.00,false,Inventory,true,true,true,110-Accessories,340-Instruments,Pieces,,,,,,,,,,
5583220000001176778,2025-06-24 09:31:26,2026-01-29 16:52:33,TRAY WITH LID SMALL (1165),,NGN 18805.18,Sales,false,,,0.00,0.00,0.00,0.00,,,,,,,,,,goods,2,,,Active,pcs,Pieces,200-200-022,,,,,NGN 18805.18,Cost of Goods Sold,,Inventory Asset,fifo,false,1.00,,1.00,NGN 18805.18,1.00,false,Inventory,true,true,true,200-Plastic Cup & Tray,200-Disposable Products,Pieces,,,,,,,,,,
5583220000001177251,2025-06-24 09:31:27,2026-01-29 17:08:21,METAL INSTRUMENT TRAY- SILVER,,NGN 15000.00,Sales,false,,,0.00,0.00,0.00,0.00,,,,,,,,,,goods,2,,,Active,pcs,Pieces,340-110-017,,,,,NGN 6402.95,Cost of Goods Sold,,Inventory Asset,fifo,false,1.00,,3.00,NGN 6402.95,3.00,false,Inventory,true,true,true,110-Accessories,340-Instruments,Pieces,,,,,,,,,,
5583220000001177724,2025-06-24 09:31:28,2026-01-29 17:08:19,METAL INSTRUMENT TRAY- RED,,NGN 15000.00,Sales,false,,,0.00,0.00,0.00,0.00,,,,,,,,,,goods,2,,,Active,pcs,Pieces,340-110-016,,,,,NGN 7003.57,Cost of Goods Sold,,Inventory Asset,fifo,false,1.00,,3.00,NGN 7003.57,1.00,false,Inventory,true,true,true,110-Accessories,340-Instruments,Pieces,,,,,,,,,,
5583220000001178197,2025-06-24 09:31:29,2026-01-29 17:08:16,METAL INSTRUMENT TRAY- BLUE,,NGN 15000.00,Sales,false,,,0.00,0.00,0.00,0.00,,,,,,,,,,goods,2,,,Active,pcs,Pieces,340-110-015,,,,,NGN 6415.03,Cost of Goods Sold,,Inventory Asset,fifo,false,1.00,,3.00,NGN 6242.08,0.00,false,Inventory,true,true,true,110-Accessories,340-Instruments,Pieces,,,,,,,,,,
5583220000001178670,2025-06-24 09:31:31,2026-01-29 17:08:02,INSTRUMENT TRAY COVER- SILVER,,NGN 15500.00,Sales,false,,,0.00,0.00,0.00,0.00,,,,,,,,,,goods,2,,,Active,pcs,Pieces,340-110-009,,,,,NGN 6814.49,Cost of Goods Sold,,Inventory Asset,fifo,false,1.00,,9.00,NGN 6767.61,4.00,false,Inventory,true,true,true,110-Accessories,340-Instruments,Pieces,,,,,,,,,,
5583220000001179143,2025-06-24 09:31:32,2026-01-29 17:10:17,TRAY PERFORATED ALUMINIUM,,NGN 5451.06,Sales,false,,,0.00,0.00,0.00,0.00,,,,,,,,,,goods,2,,,Active,pcs,Pieces,340-110-066,,,,,NGN 5451.06,Cost of Goods Sold,,Inventory Asset,fifo,false,1.00,,1.00,NGN 5451.06,0.00,false,Inventory,true,true,true,110-Accessories,340-Instruments,Pieces,,,,,,,,,,
5583220000001179616,2025-06-24 09:31:33,2026-01-29 17:12:34,BALL BURNISHER #26/27 S,,NGN 18700.00,Sales,false,,,0.00,0.00,0.00,0.00,cm,kg,,,,,,,,goods,2,,,Active,pcs,Pieces,340-180-005,,,,,NGN 11626.19,Cost of Goods Sold,,Inventory Asset,fifo,false,1.00,,5.00,NGN 11626.92,5.00,false,Inventory,true,true,true,180-Restorative Instruments,340-Instruments,Pieces,,,,,,,,,,
5583220000001180089,2025-06-24 09:31:34,2026-01-29 17:12:27,CARVER HOLLEN BACK #3S,,NGN 35100.00,Sales,false,,,0.00,0.00,0.00,0.00,cm,kg,,,,,,,,goods,2,,,Active,pcs,Pieces,340-180-002,,,,,NGN 22376.19,Cost of Goods Sold,,Inventory Asset,fifo,false,1.00,,10.00,NGN 22376.19,10.00,false,Inventory,true,true,true,180-Restorative Instruments,340-Instruments,Pieces,,,,,,,,,,
5583220000001180562,2025-06-24 09:31:35,2026-01-29 17:12:29,CEMENT SPATULA-HU FRIEDY,,NGN 11100.00,Sales,false,,,0.00,0.00,0.00,0.00,cm,kg,,,,,,,,goods,2,,,Active,pcs,Pieces,340-180-003,,,,,NGN 5927.23,Cost of Goods Sold,,Inventory Asset,fifo,false,1.00,,1.00,NGN 5927.23,1.00,false,Inventory,true,true,true,180-Restorative Instruments,340-Instruments,Pieces,,,,,,,,,,
5583220000001181035,2025-06-24 09:31:36,2026-01-29 17:13:37,EXCAVATOR #63/64,,NGN 11550.00,Sales,false,,,0.00,0.00,0.00,0.00,,,,,,,,,,goods,2,,,Active,pcs,Pieces,340-190-017,,,,,NGN 4121.00,Cost of Goods Sold,,Inventory Asset,fifo,false,1.00,,2.00,NGN 4121.00,2.00,false,Inventory,true,true,true,190-Surgical Instruments,340-Instruments,Pieces,,,,,,,,,,
5583220000001181508,2025-06-24 09:31:37,2026-01-29 17:13:49,EXCAVATORS #17,,NGN 26600.00,Sales,false,,,0.00,0.00,0.00,0.00,,,,,,,,,,goods,2,,,Active,pcs,Pieces,340-190-022,,,,,NGN 17446.56,Cost of Goods Sold,,Inventory Asset,fifo,false,1.00,,2.00,NGN 17446.56,2.00,false,Inventory,true,true,true,190-Surgical Instruments,340-Instruments,Pieces,,,,,,,,,,
5583220000001181981,2025-06-24 09:31:39,2026-01-29 17:13:51,EXCAVATORS #19,,NGN 26600.00,Sales,false,,,0.00,0.00,0.00,0.00,,,,,,,,,,goods,2,,,Active,pcs,Pieces,340-190-023,,,,,NGN 17446.56,Cost of Goods Sold,,Inventory Asset,fifo,false,1.00,,2.00,NGN 17446.56,2.00,false,Inventory,true,true,true,190-Surgical Instruments,340-Instruments,Pieces,,,,,,,,,,
5583220000001182454,2025-06-24 09:31:40,2026-01-29 17:12:36,CEMENT SPATULA-MILTEX,,NGN 9350.00,Sales,false,,,0.00,0.00,0.00,0.00,cm,kg,,,,,,,,goods,2,,,Active,pcs,Pieces,340-180-006,,,,,NGN 4524.60,Cost of Goods Sold,,Inventory Asset,fifo,false,1.00,,1.00,NGN 4524.60,1.00,false,Inventory,true,true,true,180-Restorative Instruments,340-Instruments,Pieces,,,,,,,,,,
5583220000001182927,2025-06-24 09:31:41,2026-01-29 16:53:47,EXCAVATOR ENDODONTIC 32L,,NGN 5448.818333,Sales,false,,,0.00,0.00,0.00,0.00,,,,,,,,,,goods,2,,,Active,pcs,Pieces,260-130-002,,,,,NGN 5448.82,Cost of Goods Sold,,Inventory Asset,fifo,false,1.00,,12.00,NGN 5448.82,12.00,false,Inventory,true,true,true,130-Endodontic Instruments,260-Endodontics,Pieces,,,,,,,,,,
5583220000001183400,2025-06-24 09:31:42,2026-01-29 16:58:08,M-SERIES PLUGGER/SPREADER #20,,NGN 12195.95333,Sales,false,,,0.00,0.00,0.00,0.00,,,,,,,,,,goods,2,,,Active,pcs,Pieces,260-210-005,,,,,NGN 12195.95,Cost of Goods Sold,,Inventory Asset,fifo,false,1.00,,3.00,NGN 12195.95,4.00,false,Inventory,true,true,true,210-Spreaders & Pluggers,260-Endodontics,Pieces,,,,,,,,,,
5583220000001183873,2025-06-24 09:31:43,2026-01-29 17:13:47,EXCAVATOR SPOON 18 (664/18),,NGN 5324.06,Sales,false,,,0.00,0.00,0.00,0.00,,,,,,,,,,goods,2,,,Active,pcs,Pieces,340-190-021,,,,,NGN 5324.06,Cost of Goods Sold,,Inventory Asset,fifo,false,1.00,,2.00,NGN 5324.06,2.00,false,Inventory,true,true,true,190-Surgical Instruments,340-Instruments,Pieces,,,,,,,,,,
5583220000001184346,2025-06-24 09:31:44,2026-01-29 16:53:51,EXCAVATOR ENDODONTIC 33L,,NGN 5812.51,Sales,false,,,0.00,0.00,0.00,0.00,,,,,,,,,,goods,2,,,Active,pcs,Pieces,260-130-003,,,,,NGN 5812.51,Cost of Goods Sold,,Inventory Asset,fifo,false,1.00,,12.00,NGN 5812.51,12.00,false,Inventory,true,true,true,130-Endodontic Instruments,260-Endodontics,Pieces,,,,,,,,,,
5583220000001184819,2025-06-24 09:31:46,2026-01-29 16:53:44,EXCAVATOR ENDODONTIC 31L,,NGN 5812.51,Sales,false,,,0.00,0.00,0.00,0.00,,,,,,,,,,goods,2,,,Active,pcs,Pieces,260-130-001,,,,,NGN 5812.51,Cost of Goods Sold,,Inventory Asset,fifo,false,1.00,,10.00,NGN 5812.51,10.00,false,Inventory,true,true,true,130-Endodontic Instruments,260-Endodontics,Pieces,,,,,,,,,,
5583220000001185292,2025-06-24 09:31:47,2026-01-29 17:11:23,BIOSONIC SCALER INSERT-1030KOS,,NGN 19301.525,Sales,false,,,0.00,0.00,0.00,0.00,,,,,,,,,,goods,2,,,Active,pcs,Pieces,340-170-001,,,,,NGN 19301.53,Cost of Goods Sold,,Inventory Asset,fifo,false,1.00,,2.00,NGN 19301.53,2.00,false,Inventory,true,true,true,170-Periodontal Instruments,340-Instruments,Pieces,,,,,,,,,,
5583220000001185765,2025-06-24 09:31:48,2026-01-29 17:11:30,BIOSONIC SCALER INSERT-1030KSP,,NGN 15926.27,Sales,false,,,0.00,0.00,0.00,0.00,,,,,,,,,,goods,2,,,Active,pcs,Pieces,340-170-004,,,,,NGN 15926.27,Cost of Goods Sold,,Inventory Asset,fifo,false,1.00,,1.00,NGN 15926.27,1.00,false,Inventory,true,true,true,170-Periodontal Instruments,340-Instruments,Pieces,,,,,,,,,,
5583220000001186238,2025-06-24 09:31:49,2026-01-29 17:11:35,BIOSONIC ULTRAS SCALER TRIPLE,,NGN 12883.13,Sales,false,,,0.00,0.00,0.00,0.00,,,,,,,,,,goods,2,,,Active,pcs,Pieces,340-170-006,,,,,NGN 12883.13,Cost of Goods Sold,,Inventory Asset,fifo,false,1.00,,1.00,NGN 12883.13,1.00,false,Inventory,true,true,true,170-Periodontal Instruments,340-Instruments,Pieces,,,,,,,,,,
5583220000001186711,2025-06-24 09:31:51,2026-01-29 17:12:06,SCALER TIPS C1 (F680C2700),,NGN 84000.00,Sales,false,,,0.00,0.00,0.00,0.00,,,,,,,,,,goods,2,,,Active,pcs,Pieces,340-170-019,,,,,NGN 62160.02,Cost of Goods Sold,,Inventory Asset,fifo,false,1.00,,4.00,NGN 62160.02,4.00,false,Inventory,true,true,true,170-Periodontal Instruments,340-Instruments,Pieces,,,,,,,,,,
5583220000001187184,2025-06-24 09:31:52,2026-01-29 17:12:08,SCALER TIPS C2,,NGN 84000.00,Sales,false,,,0.00,0.00,0.00,0.00,,,,,,,,,,goods,2,,,Active,pcs,Pieces,340-170-020,,,,,NGN 16014.82,Cost of Goods Sold,,Inventory Asset,fifo,false,1.00,,3.00,NGN 16014.82,1.00,false,Inventory,true,true,true,170-Periodontal Instruments,340-Instruments,Pieces,,,,,,,,,,
5583220000001187657,2025-06-24 09:31:53,2026-01-29 17:12:13,SCALER TIPS P1  (F680C4400),,NGN 84000.00,Sales,false,,,0.00,0.00,0.00,0.00,,,,,,,,,,goods,2,,,Active,pcs,Pieces,340-170-022,,,,,NGN 37887.09,Cost of Goods Sold,,Inventory Asset,fifo,false,1.00,,4.00,NGN 37887.09,4.00,false,Inventory,true,true,true,170-Periodontal Instruments,340-Instruments,Pieces,,,,,,,,,,
5583220000001188130,2025-06-24 09:31:55,2026-01-29 17:12:18,SCALER TIPS S1,,NGN 7394.00,Sales,false,,,0.00,0.00,0.00,0.00,,,,,,,,,,goods,2,,,Active,pcs,Pieces,340-170-024,,,,,NGN 7394.00,Cost of Goods Sold,,Inventory Asset,fifo,false,1.00,,1.00,NGN 7394.00,1.00,false,Inventory,true,true,true,170-Periodontal Instruments,340-Instruments,Pieces,,,,,,,,,,
5583220000001188603,2025-06-24 09:31:56,2026-01-29 17:12:20,SCALER TIPS S2,,NGN 7394.00,Sales,false,,,0.00,0.00,0.00,0.00,,,,,,,,,,goods,2,,,Active,pcs,Pieces,340-170-025,,,,,NGN 7394.00,Cost of Goods Sold,,Inventory Asset,fifo,false,1.00,,1.00,NGN 7394.00,1.00,false,Inventory,true,true,true,170-Periodontal Instruments,340-Instruments,Pieces,,,,,,,,,,
5583220000001189078,2025-06-24 09:31:57,2026-01-29 17:12:10,SCALER TIPS C4,,NGN 84000.00,Sales,false,,,0.00,0.00,0.00,0.00,,,,,,,,,,goods,2,,,Active,pcs,Pieces,340-170-021,,,,,NGN 8714.78,Cost of Goods Sold,,Inventory Asset,fifo,false,1.00,,3.00,NGN 8714.78,3.00,false,Inventory,true,true,true,170-Periodontal Instruments,340-Instruments,Pieces,,,,,,,,,,
5583220000001189551,2025-06-24 09:31:58,2026-01-29 17:12:15,SCALER TIPS P3,,NGN 84000.00,Sales,false,,,0.00,0.00,0.00,0.00,,,,,,,,,,goods,2,,,Active,pcs,Pieces,340-170-023,,,,,NGN 48586.92,Cost of Goods Sold,,Inventory Asset,fifo,false,1.00,,5.00,NGN 48586.92,5.00,false,Inventory,true,true,true,170-Periodontal Instruments,340-Instruments,Pieces,,,,,,,,,,
5583220000001190024,2025-06-24 09:31:59,2026-01-29 17:00:23,SENSIMATIC ELECTRODES LRG LOOP,,NGN 12084.15,Sales,false,,,0.00,0.00,0.00,0.00,,,,,,,,,,goods,2,,,Active,pcs,Pieces,280-110-057,,,,,NGN 12084.15,Cost of Goods Sold,,Inventory Asset,fifo,false,1.00,,1.00,NGN 12084.15,1.00,false,Inventory,true,true,true,110-Dental Units & Accessories,280-Equipment,Pieces,,,,,,,,,,
5583220000001190497,2025-06-24 09:32:01,2026-01-29 17:11:59,SCALER HYGENIST-JAQUETTE H5-J3,,NGN 9514.93,Sales,false,,,0.00,0.00,0.00,0.00,,,,,,,,,,goods,2,,,Active,pcs,Pieces,340-170-016,,,,,NGN 9514.93,Cost of Goods Sold,,Inventory Asset,fifo,false,1.00,,2.00,NGN 9514.93,2.00,false,Inventory,true,true,true,170-Periodontal Instruments,340-Instruments,Pieces,,,,,,,,,,
5583220000001190970,2025-06-24 09:32:02,2026-01-29 17:13:10,ASH FORCEPS #123,,NGN 36500.00,Sales,false,,,0.08,11.50,5.00,2.00,cm,kg,,,,,,,,goods,2,,,Active,pcs,Pieces,340-190-006,,,,,NGN 23155.75,Cost of Goods Sold,,Inventory Asset,fifo,false,1.00,,1.00,NGN 23155.75,1.00,false,Inventory,true,true,true,190-Surgical Instruments,340-Instruments,Pieces,,,,,,,,,,
5583220000001191443,2025-06-24 09:32:03,2026-01-29 17:13:15,ASH FORCEPS #22,,NGN 36500.00,Sales,false,,,0.16,16.50,5.00,2.00,cm,kg,,,,,,,,goods,2,,,Active,pcs,Pieces,340-190-008,,,,,NGN 22231.39,Cost of Goods Sold,,Inventory Asset,fifo,false,1.00,,1.00,NGN 22231.39,1.00,false,Inventory,true,true,true,190-Surgical Instruments,340-Instruments,Pieces,,,,,,,,,,
5583220000001191916,2025-06-24 09:32:05,2026-01-29 17:13:17,ASH FORCEPS #39,,NGN 36500.00,Sales,false,,,0.08,11.50,5.00,2.00,cm,kg,,,,,,,,goods,2,,,Active,pcs,Pieces,340-190-009,,,,,NGN 22231.39,Cost of Goods Sold,,Inventory Asset,fifo,false,1.00,,1.00,NGN 22231.39,1.00,false,Inventory,true,true,true,190-Surgical Instruments,340-Instruments,Pieces,,,,,,,,,,
5583220000001192389,2025-06-24 09:32:06,2026-01-29 17:14:30,PLIER BERGH CROWNS MM175,,NGN 25125.67,Sales,false,,,0.00,0.00,0.00,0.00,,,,,,,,,,goods,2,,,Active,pcs,Pieces,340-190-041,,,,,NGN 25125.67,Cost of Goods Sold,,Inventory Asset,fifo,false,1.00,,1.00,NGN 25125.67,1.00,false,Inventory,true,true,true,190-Surgical Instruments,340-Instruments,Pieces,,,,,,,,,,
5583220000001192862,2025-06-24 09:32:07,2026-01-29 17:07:50,ENDODONTIC BOX ALUMINIUM (BLUE,,NGN 11505.37,Sales,false,,,0.00,0.00,0.00,0.00,,,,,,,,,,goods,2,,,Active,pcs,Pieces,340-110-004,,,,,NGN 11505.37,Cost of Goods Sold,,Inventory Asset,fifo,false,1.00,,1.00,NGN 11505.37,1.00,false,Inventory,true,true,true,110-Accessories,340-Instruments,Pieces,,,,,,,,,,
5583220000001193335,2025-06-24 09:32:08,2026-01-29 17:07:52,ENDODONTIC BOX ALUMINIUM (RED),,NGN 10874.95,Sales,false,,,0.00,0.00,0.00,0.00,,,,,,,,,,goods,2,,,Active,pcs,Pieces,340-110-005,,,,,NGN 10874.95,Cost of Goods Sold,,Inventory Asset,fifo,false,1.00,,1.00,NGN 10874.95,1.00,false,Inventory,true,true,true,110-Accessories,340-Instruments,Pieces,,,,,,,,,,
5583220000001193808,2025-06-24 09:32:09,2026-01-29 17:07:46,ENDODONTIC BOX ALUMINIUM,,NGN 11303.08,Sales,false,,,0.00,0.00,0.00,0.00,,,,,,,,,,goods,2,,,Active,pcs,Pieces,340-110-003,,,,,NGN 11303.08,Cost of Goods Sold,,Inventory Asset,fifo,false,1.00,,1.00,NGN 11303.08,1.00,false,Inventory,true,true,true,110-Accessories,340-Instruments,Pieces,,,,,,,,,,
5583220000001194281,2025-06-24 09:32:10,2026-01-29 17:11:55,SCALER CI 2/3 640/3,,NGN 9514.93,Sales,false,,,0.00,0.00,0.00,0.00,,,,,,,,,,goods,2,,,Active,pcs,Pieces,340-170-014,,,,,NGN 9514.93,Cost of Goods Sold,,Inventory Asset,fifo,false,1.00,,2.00,NGN 9514.93,2.00,false,Inventory,true,true,true,170-Periodontal Instruments,340-Instruments,Pieces,,,,,,,,,,
5583220000001194754,2025-06-24 09:32:12,2026-01-29 17:15:34,ROOT ELEVATOR LUSSATORE 5MM,,NGN 13930.49,Sales,false,,,0.00,0.00,0.00,0.00,,,,,,,,,,goods,2,,,Active,pcs,Pieces,340-190-067,,,,,NGN 13930.49,Cost of Goods Sold,,Inventory Asset,fifo,false,1.00,,2.00,NGN 13930.49,2.00,false,Inventory,true,true,true,190-Surgical Instruments,340-Instruments,Pieces,,,,,,,,,,
5583220000001195227,2025-06-24 09:32:13,2026-01-29 17:12:41,FILLING INSTRUMENT HOLLENBACK,,NGN 4171.33,Sales,false,,,0.00,0.00,0.00,0.00,,,,,,,,,,goods,2,,,Active,pcs,Pieces,340-180-008,,,,,NGN 4171.33,Cost of Goods Sold,,Inventory Asset,fifo,false,1.00,,2.00,NGN 4171.33,2.00,false,Inventory,true,true,true,180-Restorative Instruments,340-Instruments,Pieces,,,,,,,,,,
5583220000001195700,2025-06-24 09:32:14,2026-01-29 17:12:43,FILLING INSTRUMENT M1Z SERRATE,,NGN 4474.17,Sales,false,,,0.00,0.00,0.00,0.00,,,,,,,,,,goods,2,,,Active,pcs,Pieces,340-180-009,,,,,NGN 4171.33,Cost of Goods Sold,,Inventory Asset,fifo,false,1.00,,2.00,NGN 4474.17,2.00,false,Inventory,true,true,true,180-Restorative Instruments,340-Instruments,Pieces,,,,,,,,,,
5583220000001196173,2025-06-24 09:32:15,2026-01-29 17:14:42,ROOT ELEVATOR APEXO 2MM 5 X 9,,NGN 12894.98,Sales,false,,,0.00,0.00,0.00,0.00,,,,,,,,,,goods,2,,,Active,pcs,Pieces,340-190-047,,,,,NGN 4474.17,Cost of Goods Sold,,Inventory Asset,fifo,false,1.00,,2.00,NGN 12894.98,2.00,false,Inventory,true,true,true,190-Surgical Instruments,340-Instruments,Pieces,,,,,,,,,,
5583220000001196646,2025-06-24 09:32:16,2026-01-29 17:14:45,ROOT ELEVATOR APICAL 304 3MM,,NGN 12230.69,Sales,false,,,0.00,0.00,0.00,0.00,,,,,,,,,,goods,2,,,Active,pcs,Pieces,340-190-048,,,,,NGN 12230.69,Cost of Goods Sold,,Inventory Asset,fifo,false,1.00,,2.00,NGN 12230.69,2.00,false,Inventory,true,true,true,190-Surgical Instruments,340-Instruments,Pieces,,,,,,,,,,
5583220000001197119,2025-06-24 09:32:17,2026-01-29 17:15:28,ROOT ELEVATOR LUSSATORE 4MM (CURVED),,NGN 43800.00,Sales,false,Medesy,MEDESY,0.00,0.00,0.00,0.00,cm,kg,,,,,,,,goods,2,,,Active,pcs,Pieces,340-190-065,,,,,NGN 13979.33,Cost of Goods Sold,,Inventory Asset,fifo,false,1.00,,2.00,NGN 13979.33,2.00,false,Inventory,true,true,true,190-Surgical Instruments,340-Instruments,Pieces,,,,,,,,,,
5583220000001197592,2025-06-24 09:32:18,2026-01-29 17:15:54,SCALPEL BLADE REMONVER 3636,,NGN 20758.96,Sales,false,,,0.00,0.00,0.00,0.00,,,,,,,,,,goods,2,,,Active,pcs,Pieces,340-190-075,,,,,NGN 20758.96,Cost of Goods Sold,,Inventory Asset,fifo,false,1.00,,1.00,NGN 20758.96,1.00,false,Inventory,true,true,true,190-Surgical Instruments,340-Instruments,Pieces,,,,,,,,,,
5583220000001198065,2025-06-24 09:32:20,2026-01-29 17:16:20,SCISSOR SPENCER 130MM (3521),,NGN 11283.11,Sales,false,,,0.00,0.00,0.00,0.00,,,,,,,,,,goods,2,,,Active,pcs,Pieces,340-190-086,,,,,NGN 11283.11,Cost of Goods Sold,,Inventory Asset,fifo,false,1.00,,1.00,NGN 11283.11,1.00,false,Inventory,true,true,true,190-Surgical Instruments,340-Instruments,Pieces,,,,,,,,,,
5583220000001198538,2025-06-24 09:32:21,2026-01-29 17:07:54,ENDODONTIC TRAY ALUMINIUM,,NGN 23816.64,Sales,false,,,0.00,0.00,0.00,0.00,,,,,,,,,,goods,2,,,Active,pcs,Pieces,340-110-006,,,,,NGN 23816.64,Cost of Goods Sold,,Inventory Asset,fifo,false,1.00,,1.00,NGN 23816.64,1.00,false,Inventory,true,true,true,110-Accessories,340-Instruments,Pieces,,,,,,,,,,
5583220000001199011,2025-06-24 09:32:22,2026-01-29 17:12:46,FILLING INSTRUMENT M3Z SERRATE,,NGN 1997.393333,Sales,false,,,0.00,0.00,0.00,0.00,,,,,,,,,,goods,2,,,Active,pcs,Pieces,340-180-010,,,,,NGN 1997.39,Cost of Goods Sold,,Inventory Asset,fifo,false,1.00,,3.00,NGN 1997.39,3.00,false,Inventory,true,true,true,180-Restorative Instruments,340-Instruments,Pieces,,,,,,,,,,
5583220000001199484,2025-06-24 09:32:23,2026-01-29 17:13:23,BLADE HANDLE #3 - MILTEX,Miltex Blade Handle #3 (Ref 4-7). High-quality stainless steel single scalpel handle with mm/cm graduation markings. Fits standard blades #10-15.,NGN 6510.00,Sales,false,Miltex,Miltex,0.025,12.50,2.00,1.00,cm,kg,,,,,,,,goods,2,,,Active,pcs,Pieces,340-190-011,,,,,NGN 2590.03,Cost of Goods Sold,,Inventory Asset,fifo,false,1.00,,1.00,NGN 2590.03,1.00,false,Inventory,true,true,true,190-Surgical Instruments,340-Instruments,Pieces,https://www.integralife.com,Queue for Upload,,,,,,,,340-190-001
5583220000001199957,2025-06-24 09:32:25,2026-01-29 17:08:33,TWEEZER COLLEGE (1026),,NGN 9500.00,Sales,false,,,0.00,0.00,0.00,0.00,,,,,,,,,,goods,2,,,Active,pcs,Pieces,340-110-022,,,,,NGN 3809.88,Cost of Goods Sold,,Inventory Asset,fifo,false,1.00,,22.00,NGN 3683.78,16.00,false,Inventory,true,true,true,110-Accessories,340-Instruments,Pieces,,,,,,,,,,
5583220000001200430,2025-06-24 09:32:26,2026-01-29 17:07:44,ENDODONTIC BOX ALU. LARGE,,NGN 93049.00,Sales,false,,,0.00,0.00,0.00,0.00,,,,,,,,,,goods,2,,,Active,pcs,Pieces,340-110-002,,,,,NGN 93049.00,Cost of Goods Sold,,Inventory Asset,fifo,false,1.00,,1.00,NGN 93049.00,1.00,false,Inventory,true,true,true,110-Accessories,340-Instruments,Pieces,,,,,,,,,,
5583220000001200903,2025-06-24 09:32:27,2026-01-29 17:12:01,SCALER JAQUETTE 34-35 (651/34-,,NGN 9514.93,Sales,false,,,0.00,0.00,0.00,0.00,,,,,,,,,,goods,2,,,Active,pcs,Pieces,340-170-017,,,,,NGN 9514.93,Cost of Goods Sold,,Inventory Asset,fifo,false,1.00,,2.00,NGN 9514.93,2.00,false,Inventory,true,true,true,170-Periodontal Instruments,340-Instruments,Pieces,,,,,,,,,,
5583220000001201378,2025-06-24 09:32:29,2026-01-29 17:10:35,MIRROR N.4 RHODIUM DOUBLE (6PC) (4912/4RO),,NGN 25203.82,Sales,false,,,0.00,0.00,0.00,0.00,cm,kg,,,,,,,,goods,2,,,Active,pcs,Pieces,340-120-005,,,,,NGN 24250.25,Cost of Goods Sold,cm,Inventory Asset,fifo,false,1.00,,13.00,NGN 25203.82,14.00,false,Inventory,true,true,true,120-Diagnostic Instruments,340-Instruments,Pieces,,,,,,,,,,
5583220000001201851,2025-06-24 09:32:31,2026-01-29 17:08:38,TWEEZER GERALD OY CURVED,,NGN 11100.00,Sales,false,,,0.00,0.00,0.00,0.00,,,,,,,,,,goods,2,,,Active,pcs,Pieces,340-110-024,,,,,NGN 7710.13,Cost of Goods Sold,,Inventory Asset,fifo,false,1.00,,7.00,NGN 7710.13,7.00,false,Inventory,true,true,true,110-Accessories,340-Instruments,Pieces,,,,,,,,,,
5583220000001202324,2025-06-24 09:32:31,2026-01-29 17:17:40,TOOTH FORCEPS PEDO N.39,,NGN 22947.20,Sales,false,,,0.00,0.00,0.00,0.00,,,,,,,,,,goods,2,,,Active,Each,,340-190-119,,,,,NGN 22947.20,Cost of Goods Sold,,Inventory Asset,fifo,false,1.00,,2.00,NGN 22947.20,2.00,false,Inventory,true,true,true,190-Surgical Instruments,340-Instruments,Pieces,,,,,,,,,,
5583220000001202797,2025-06-24 09:32:32,2026-01-29 17:17:25,TOOTH FORCEPS PEDO N.143,,NGN 22947.20,Sales,false,,,0.00,0.00,0.00,0.00,,,,,,,,,,goods,2,,,Active,Each,,340-190-112,,,,,NGN 22947.20,Cost of Goods Sold,,Inventory Asset,fifo,false,1.00,,1.00,NGN 22947.20,1.00,false,Inventory,true,true,true,190-Surgical Instruments,340-Instruments,Pieces,,,,,,,,,,
5583220000001203270,2025-06-24 09:32:33,2026-01-29 17:17:20,TOOTH FORCEPS PEDO N.107,,NGN 22947.20,Sales,false,,,0.00,0.00,0.00,0.00,,,,,,,,,,goods,2,,,Active,Each,,340-190-110,,,,,NGN 22947.20,Cost of Goods Sold,,Inventory Asset,fifo,false,1.00,,2.00,NGN 22947.20,2.00,false,Inventory,true,true,true,190-Surgical Instruments,340-Instruments,Pieces,,,,,,,,,,
5583220000001203743,2025-06-24 09:32:35,2026-01-29 17:16:10,SCISSOR IRIS TC CURVED (3512/T,,NGN 41009.94,Sales,false,,,0.00,0.00,0.00,0.00,,,,,,,,,,goods,2,,,Active,pcs,Pieces,340-190-082,,,,,NGN 41009.94,Cost of Goods Sold,,Inventory Asset,fifo,false,1.00,,2.00,NGN 41009.94,2.00,false,Inventory,true,true,true,190-Surgical Instruments,340-Instruments,Pieces,,,,,,,,,,
5583220000001204216,2025-06-24 09:32:36,2026-01-29 17:15:56,SCISSOR BEEBEE (3550),,NGN 7961.67,Sales,false,,,0.00,0.00,0.00,0.00,,,,,,,,,,goods,2,,,Active,pcs,Pieces,340-190-076,,,,,NGN 7961.67,Cost of Goods Sold,,Inventory Asset,fifo,false,1.00,,1.00,NGN 7961.67,1.00,false,Inventory,true,true,true,190-Surgical Instruments,340-Instruments,Pieces,,,,,,,,,,
5583220000001204689,2025-06-24 09:32:37,2026-01-29 17:16:17,SCISSOR KELLY CURVED (3510),,NGN 12523.76,Sales,false,,,0.00,0.00,0.00,0.00,,,,,,,,,,goods,2,,,Active,pcs,Pieces,340-190-085,,,,,NGN 12523.76,Cost of Goods Sold,,Inventory Asset,fifo,false,1.00,,1.00,NGN 12523.76,1.00,false,Inventory,true,true,true,190-Surgical Instruments,340-Instruments,Pieces,,,,,,,,,,
5583220000001205162,2025-06-24 09:32:39,2026-01-29 17:15:36,ROOT ELEVATOR SCHMECKEBIER LEF,,NGN 12387.00,Sales,false,,,0.00,0.00,0.00,0.00,,,,,,,,,,goods,2,,,Active,pcs,Pieces,340-190-068,,,,,NGN 12387.00,Cost of Goods Sold,,Inventory Asset,fifo,false,1.00,,1.00,NGN 12387.00,1.00,false,Inventory,true,true,true,190-Surgical Instruments,340-Instruments,Pieces,,,,,,,,,,
5583220000001205635,2025-06-24 09:32:40,2026-01-29 17:13:27,BLADE SAFE,,NGN 6700.00,Sales,false,,,0.05,15.50,3.00,2.00,cm,kg,,,,,,,,goods,2,,,Active,pcs,Pieces,340-190-013,,,,,NGN 2212.29,Cost of Goods Sold,,Inventory Asset,fifo,false,1.00,,3.00,NGN 2212.29,3.00,false,Inventory,true,true,true,190-Surgical Instruments,340-Instruments,Pieces,,,,,,,,,,
5583220000001206108,2025-06-24 09:32:41,2026-01-29 17:15:38,ROOT ELEVATOR SCHMECKEBIER RIG,,NGN 12387.00,Sales,false,,,0.00,0.00,0.00,0.00,,,,,,,,,,goods,2,,,Active,pcs,Pieces,340-190-069,,,,,NGN 12387.00,Cost of Goods Sold,,Inventory Asset,fifo,false,1.00,,1.00,NGN 12387.00,1.00,false,Inventory,true,true,true,190-Surgical Instruments,340-Instruments,Pieces,,,,,,,,,,
5583220000001206581,2025-06-24 09:32:42,2026-01-29 17:15:05,ROOT ELEVATOR HYLIN LEFT 3MM,,NGN 12387.00,Sales,false,,,0.00,0.00,0.00,0.00,,,,,,,,,,goods,2,,,Active,pcs,Pieces,340-190-056,,,,,NGN 12387.00,Cost of Goods Sold,,Inventory Asset,fifo,false,1.00,,1.00,NGN 12387.00,1.00,false,Inventory,true,true,true,190-Surgical Instruments,340-Instruments,Pieces,,,,,,,,,,
5583220000001207054,2025-06-24 09:32:43,2026-01-29 17:15:08,ROOT ELEVATOR HYLIN RIGHT 3MM,,NGN 12387.00,Sales,false,,,0.00,0.00,0.00,0.00,,,,,,,,,,goods,2,,,Active,pcs,Pieces,340-190-057,,,,,NGN 12387.00,Cost of Goods Sold,,Inventory Asset,fifo,false,1.00,,1.00,NGN 12387.00,1.00,false,Inventory,true,true,true,190-Surgical Instruments,340-Instruments,Pieces,,,,,,,,,,
5583220000001207527,2025-06-24 09:32:44,2026-01-29 17:12:25,AMALGAM CARVER HOLLENBACK 3S,Amalgam Carver Hollenback 3S (Ref 601/4). Features ergonomic 6mm Dalila handle for superior grip and control. High-quality stainless steel for contouring and carving.,NGN 35100.00,Sales,false,Medesy,MEDESY,0.025,17.00,1.00,1.00,cm,kg,,,,,,,,goods,2,,,Active,pcs,Pieces,340-180-001,,,,,NGN 3454.81,Cost of Goods Sold,,Inventory Asset,fifo,false,1.00,,7.00,NGN 3454.81,7.00,false,Inventory,true,true,true,180-Restorative Instruments,340-Instruments,Pieces,https://www.medesy.it/en/products/amalgam-carver/,Published,Surgical Instruments,,,,,,,340-190-002
5583220000001208000,2025-06-24 09:32:46,2026-01-29 17:13:33,BONE CURETTE LUCAS N.88 (661/,,NGN 7014.09,Sales,false,,,0.03,17.00,1.00,1.00,cm,kg,,,,,,,,goods,2,,,Active,pcs,Pieces,340-190-015,,,,,NGN 7014.09,Cost of Goods Sold,,Inventory Asset,fifo,false,1.00,,2.00,NGN 7014.09,2.00,false,Inventory,true,true,true,190-Surgical Instruments,340-Instruments,Pieces,,,,,,,,,,
5583220000001208473,2025-06-24 09:32:47,2026-01-29 17:08:35,TWEEZER FLAGG (1023),,NGN 3809.88,Sales,false,,,0.00,0.00,0.00,0.00,,,,,,,,,,goods,2,,,Active,pcs,Pieces,340-110-023,,,,,NGN 3809.88,Cost of Goods Sold,,Inventory Asset,fifo,false,1.00,,5.00,NGN 3809.88,5.00,false,Inventory,true,true,true,110-Accessories,340-Instruments,Pieces,,,,,,,,,,
5583220000001208946,2025-06-24 09:32:49,2026-01-29 17:16:58,TOOTH FORCEPS N.67 (2500/67),,NGN 22947.20,Sales,false,,,0.00,0.00,0.00,0.00,,,,,,,,,,goods,2,,,Active,Each,,340-190-101,,,,,NGN 22947.20,Cost of Goods Sold,,Inventory Asset,fifo,false,1.00,,2.00,NGN 22947.20,2.00,false,Inventory,true,true,true,190-Surgical Instruments,340-Instruments,Pieces,,,,,,,,,,
5583220000001209419,2025-06-24 09:32:50,2026-01-29 17:13:00,COUPLAND CHISEL 1,,NGN 26600.00,Sales,false,,,0.06,15.50,2.00,2.00,cm,kg,,,,,,,,goods,2,,,Active,pcs,Pieces,340-190-002,,,,,NGN 14148.77,Cost of Goods Sold,,Inventory Asset,fifo,false,1.00,,1.00,NGN 14148.77,1.00,false,Inventory,true,true,true,190-Surgical Instruments,340-Instruments,Pieces,,,,,,,,,,
5583220000001209892,2025-06-24 09:32:51,2026-01-29 17:10:33,MIRROR N.4 RHODIUM DOUBLE (4910/4RO),,NGN 80000.00,Sales,false,Medesy,MEDESY,0.00,0.00,0.00,0.00,cm,kg,,,,,,,,goods,2,,,Active,Pack(s),,340-120-004,,,,,NGN 20891.17,Cost of Goods Sold,cm,Inventory Asset,fifo,false,1.00,,2.00,NGN 20891.17,2.00,false,Inventory,true,true,true,120-Diagnostic Instruments,340-Instruments,Pieces,,,,,,,,,,
5583220000001210365,2025-06-24 09:32:52,2026-01-29 17:02:09,COMPLETE MAGNETE PLATE 5222/12,,NGN 9749.39,Sales,false,,,0.15,10.00,10.00,2.00,cm,kg,,,,,,,,goods,2,,,Active,pcs,Pieces,280-130-002,,,,,NGN 9749.39,Cost of Goods Sold,,Inventory Asset,fifo,false,1.00,,8.00,NGN 9749.39,8.00,false,Inventory,true,true,true,130-Lab Equipment,280-Equipment,Pieces,,,,,,,,,,
5583220000001210838,2025-06-24 09:32:53,2026-01-29 17:17:33,TOOTH FORCEPS PEDO N.160,,NGN 22947.20,Sales,false,,,0.00,0.00,0.00,0.00,,,,,,,,,,goods,2,,,Active,Each,,340-190-115,,,,,NGN 22947.20,Cost of Goods Sold,,Inventory Asset,fifo,false,1.00,,2.00,NGN 22947.20,2.00,false,Inventory,true,true,true,190-Surgical Instruments,340-Instruments,Pieces,,,,,,,,,,
5583220000001211311,2025-06-24 09:32:54,2026-01-29 17:13:07,CUTTER CENTURY N.94 TC 15*,,NGN 56542.53,Sales,false,,,0.00,0.00,0.00,0.00,,,,,,,,,,goods,2,,,Active,pcs,Pieces,340-190-005,,,,,NGN 56542.53,Cost of Goods Sold,,Inventory Asset,fifo,false,1.00,,2.00,NGN 56542.53,2.00,false,Inventory,true,true,true,190-Surgical Instruments,340-Instruments,Pieces,,,,,,,,,,
5583220000001211784,2025-06-24 09:32:55,2026-01-29 17:13:25,ELEVATOR #40,,NGN 9076.58,Sales,false,,,0.00,0.00,0.00,0.00,,,,,,,,,,goods,2,,,Active,pcs,Pieces,340-190-012,,,,,NGN 9076.58,Cost of Goods Sold,,Inventory Asset,fifo,false,1.00,,1.00,NGN 9076.58,1.00,false,Inventory,true,true,true,190-Surgical Instruments,340-Instruments,Pieces,,,,,,,,,,
5583220000001212257,2025-06-24 09:32:56,2026-01-29 17:13:29,ELEVATOR #41,,NGN 9076.58,Sales,false,,,0.00,0.00,0.00,0.00,,,,,,,,,,goods,2,,,Active,pcs,Pieces,340-190-014,,,,,NGN 9076.58,Cost of Goods Sold,,Inventory Asset,fifo,false,1.00,,1.00,NGN 9076.58,1.00,false,Inventory,true,true,true,190-Surgical Instruments,340-Instruments,Pieces,,,,,,,,,,
5583220000001212730,2025-06-24 09:32:58,2026-01-29 17:13:19,ELEVATOR #4-APEXO-SCHMECKEBIER,,NGN 9076.585,Sales,false,,,0.00,0.00,0.00,0.00,,,,,,,,,,goods,2,,,Active,pcs,Pieces,340-190-010,,,,,NGN 9076.59,Cost of Goods Sold,,Inventory Asset,fifo,false,1.00,,2.00,NGN 9076.59,2.00,false,Inventory,true,true,true,190-Surgical Instruments,340-Instruments,Pieces,,,,,,,,,,
5583220000001213205,2025-06-24 09:32:59,2026-01-29 17:13:35,ELEVATOR #7 POTTS,,NGN 9076.58,Sales,false,,,0.00,0.00,0.00,0.00,,,,,,,,,,goods,2,,,Active,pcs,Pieces,340-190-016,,,,,NGN 9076.58,Cost of Goods Sold,,Inventory Asset,fifo,false,1.00,,1.00,NGN 9076.58,1.00,false,Inventory,true,true,true,190-Surgical Instruments,340-Instruments,Pieces,,,,,,,,,,
5583220000001213680,2025-06-24 09:32:59,2026-01-29 17:14:18,PERIOSTEAL ELEVATOR - ALLEN,,NGN 12699.60,Sales,false,,,0.00,0.00,0.00,0.00,,,,,,,,,,goods,2,,,Active,pcs,Pieces,340-190-036,,,,,NGN 12699.60,Cost of Goods Sold,,Inventory Asset,fifo,false,1.00,,3.00,NGN 12699.60,3.00,false,Inventory,true,true,true,190-Surgical Instruments,340-Instruments,Pieces,,,,,,,,,,
5583220000001214153,2025-06-24 09:33:00,2026-01-29 17:14:26,PERIOTOMES #PT1 POSTERIOR,,NGN 28300.00,Sales,false,,,0.00,0.00,0.00,0.00,,,,,,,,,,goods,2,,,Active,pcs,Pieces,340-190-038,,,,,NGN 11547.02,Cost of Goods Sold,,Inventory Asset,fifo,false,1.00,,1.00,NGN 11547.02,0.00,false,Inventory,true,true,true,190-Surgical Instruments,340-Instruments,Pieces,,,,,,,,,,
5583220000001214626,2025-06-24 09:33:01,2026-01-29 17:17:49,PERIOTOMES #PT2  ANTERIOR,,NGN 28300.00,Sales,false,,,0.00,0.00,0.00,0.00,cm,kg,,,,,,,,goods,2,,,Active,pcs,Pieces,340-190-122,,,,,NGN 11547.02,Cost of Goods Sold,,Inventory Asset,fifo,false,1.00,,3.00,NGN 11547.01,2.00,false,Inventory,true,true,true,190-Surgical Instruments,340-Instruments,Pieces,,,,,,,,,,
5583220000001215099,2025-06-24 09:33:01,2026-01-29 16:55:54,SCHLUGER #9/10 FILE,,NGN 9879.72,Sales,false,,,0.00,0.00,0.00,0.00,,,,,,,,,,goods,2,,,Active,pcs,Pieces,260-150-042,,,,,NGN 9879.72,Cost of Goods Sold,,Inventory Asset,fifo,false,1.00,,1.00,NGN 9879.72,1.00,false,Inventory,true,true,true,150-Files & Reamers,260-Endodontics,Pieces,,,,,,,,,,
5583220000001215572,2025-06-24 09:33:02,2026-01-29 17:16:25,SCISSORS 4 3/4 CURVED (WAGNER),,NGN 1585.11,Sales,false,,,0.00,0.00,0.00,0.00,cm,kg,,,,,,,,goods,2,,,Active,pcs,Pieces,340-190-088,,,,,NGN 1585.11,Cost of Goods Sold,,Inventory Asset,fifo,false,1.00,,1.00,NGN 929.51,1.00,false,Inventory,true,true,true,190-Surgical Instruments,340-Instruments,Pieces,,,,,,,,,,
5583220000001216045,2025-06-24 09:33:02,2026-01-29 17:16:06,TISSUE FORCEPS-SEMKIN-TAYLOR,,NGN 1024.50,Sales,false,,,0.00,0.00,0.00,0.00,,,,,,,,,,goods,2,,,Active,pcs,Pieces,340-190-080,,,,,NGN 1024.50,Cost of Goods Sold,,Inventory Asset,fifo,false,1.00,,1.00,NGN 1024.50,1.00,false,Inventory,true,true,true,190-Surgical Instruments,340-Instruments,Pieces,,,,,,,,,,
5583220000001216518,2025-06-24 09:33:03,2026-01-29 17:14:10,MILLER SURGICAL CURETTE-#12,,NGN 10800.00,Sales,false,,,0.00,0.00,0.00,0.00,,,,,,,,,,goods,2,,,Active,pcs,Pieces,340-190-032,,,,,NGN 4662.06,Cost of Goods Sold,,Inventory Asset,fifo,false,1.00,,1.00,NGN 4662.06,0.00,false,Inventory,true,true,true,190-Surgical Instruments,340-Instruments,Pieces,,,,,,,,,,
5583220000001216991,2025-06-24 09:33:03,2026-01-29 17:17:16,TOOTH FORCEPS N.79,,NGN 10312.125,Sales,false,,,0.00,0.00,0.00,0.00,,,,,,,,,,goods,2,,,Active,Each,,340-190-108,,,,,NGN 10312.13,Cost of Goods Sold,,Inventory Asset,fifo,false,1.00,,2.00,NGN 10312.13,2.00,false,Inventory,true,true,true,190-Surgical Instruments,340-Instruments,Pieces,,,,,,,,,,
5583220000001217464,2025-06-24 09:33:04,2026-01-29 17:17:14,TOOTH FORCEPS N.76,,NGN 22947.20,Sales,false,,,0.00,0.00,0.00,0.00,,,,,,,,,,goods,2,,,Active,Each,,340-190-107,,,,,NGN 22947.20,Cost of Goods Sold,,Inventory Asset,fifo,false,1.00,,2.00,NGN 22947.20,2.00,false,Inventory,true,true,true,190-Surgical Instruments,340-Instruments,Pieces,,,,,,,,,,
5583220000001217937,2025-06-24 09:33:04,2026-01-29 17:14:51,ROOT ELEVATOR COUPLAND 4.2MM,,NGN 12230.69,Sales,false,,,0.00,0.00,0.00,0.00,,,,,,,,,,goods,2,,,Active,pcs,Pieces,340-190-051,,,,,NGN 12230.69,Cost of Goods Sold,,Inventory Asset,fifo,false,1.00,,2.00,NGN 12230.69,1.00,false,Inventory,true,true,true,190-Surgical Instruments,340-Instruments,Pieces,,,,,,,,,,
5583220000001218410,2025-06-24 09:33:05,2026-01-29 17:14:58,ROOT ELEVATOR CRYER 15MM LEFT,,NGN 101300.00,Sales,false,Medesy,MEDESY,0.00,0.00,0.00,0.00,cm,kg,,,,,,,,goods,2,,,Active,pcs,Pieces,340-190-053,,,,,NGN 12816.83,Cost of Goods Sold,,Inventory Asset,fifo,false,1.00,,2.00,NGN 12816.83,2.00,false,Inventory,true,true,true,190-Surgical Instruments,340-Instruments,Pieces,,,,,,,,,,
5583220000001218883,2025-06-24 09:33:05,2026-01-29 17:10:39,MIRRORS N.5 RHODIUM DOUBLE-6PC (4912/5RO),,NGN 80000.00,Sales,false,Medesy,MEDESY,0.00,0.00,0.00,0.00,cm,kg,,,,,,,,goods,2,,,Active,Pack(s),,340-120-007,,,,,NGN 23286.86,Cost of Goods Sold,cm,Inventory Asset,fifo,false,1.00,,5.00,NGN 25203.84,11.00,false,Inventory,true,true,true,120-Diagnostic Instruments,340-Instruments,Pieces,,,,,,,,,,
5583220000001219356,2025-06-24 09:33:06,2026-01-29 17:12:32,AMALGAM CARVER WACD,Amalgam Carver WACD (Ref 608/3). Cleoid-Discoid tip configuration for occlusal carving. Features ergonomic 6mm Dalila handle. Stainless steel.,NGN 3495.38,Sales,false,Medesy,MEDESY,0.025,17.00,1.00,1.00,cm,kg,,,,,,,,goods,2,,,Active,pcs,Pieces,340-180-004,,,,,NGN 3495.38,Cost of Goods Sold,,Inventory Asset,fifo,false,1.00,,2.00,NGN 3495.38,2.00,false,Inventory,true,true,true,180-Restorative Instruments,340-Instruments,Pieces,https://www.medesy.it/en/products/cleoid-or-discoid-amalgam-carver/,Queue for Upload,Surgical Instruments,,,,,,,340-190-003
5583220000001219829,2025-06-24 09:33:06,2026-01-29 17:13:52,EXCAVATORS OVAL SPOON 18W,,NGN 5200.00,Sales,false,,,0.00,0.00,0.00,0.00,,,,,,,,,,goods,2,,,Active,pcs,Pieces,340-190-024,,,,,NGN 5617.13,Cost of Goods Sold,,Inventory Asset,fifo,false,1.00,,2.00,NGN 5617.13,2.00,false,Inventory,true,true,true,190-Surgical Instruments,340-Instruments,Pieces,,,,,,,,,,
5583220000001220302,2025-06-24 09:33:07,2026-01-29 17:13:43,EXCAVATOR SPOON 14 (664/14),,NGN 5324.06,Sales,false,,,0.00,0.00,0.00,0.00,,,,,,,,,,goods,2,,,Active,pcs,Pieces,340-190-019,,,,,NGN 5324.06,Cost of Goods Sold,,Inventory Asset,fifo,false,1.00,,2.00,NGN 5324.06,2.00,false,Inventory,true,true,true,190-Surgical Instruments,340-Instruments,Pieces,,,,,,,,,,
5583220000001220775,2025-06-24 09:33:08,2026-01-29 17:12:53,FILLING INSTRUMENTS MARKLEY 2,,NGN 4171.33,Sales,false,,,0.00,0.00,0.00,0.00,,,,,,,,,,goods,2,,,Active,pcs,Pieces,340-180-013,,,,,NGN 4171.33,Cost of Goods Sold,,Inventory Asset,fifo,false,1.00,,2.00,NGN 4171.33,2.00,false,Inventory,true,true,true,180-Restorative Instruments,340-Instruments,Pieces,,,,,,,,,,
5583220000001221248,2025-06-24 09:33:08,2026-01-29 17:12:38,FILLING INSTRUMENT BALL 18,,NGN 4483.94,Sales,false,,,0.00,0.00,0.00,0.00,,,,,,,,,,goods,2,,,Active,pcs,Pieces,340-180-007,,,,,NGN 4483.94,Cost of Goods Sold,,Inventory Asset,fifo,false,1.00,,2.00,NGN 4483.94,2.00,false,Inventory,true,true,true,180-Restorative Instruments,340-Instruments,Pieces,,,,,,,,,,
5583220000001221721,2025-06-24 09:33:09,2026-01-29 17:17:45,TOOTH FORCEPS WITZEL (2500/221),,NGN 23885.02,Sales,false,,,0.00,0.00,0.00,0.00,cm,kg,,,,,,,,goods,2,,,Active,pcs,Pieces,340-190-120,,,,,NGN 23885.02,Cost of Goods Sold,,Inventory Asset,fifo,false,1.00,,2.00,NGN 23885.02,2.00,false,Inventory,true,true,true,190-Surgical Instruments,340-Instruments,Pieces,,,,,,,,,,
5583220000001222194,2025-06-24 09:33:09,2026-01-29 17:11:57,SCALER HYGENIST H6/H7 (651/11),,NGN 9475.86,Sales,false,,,0.00,0.00,0.00,0.00,,,,,,,,,,goods,2,,,Active,pcs,Pieces,340-170-015,,,,,NGN 9475.86,Cost of Goods Sold,,Inventory Asset,fifo,false,1.00,,7.00,NGN 9475.86,7.00,false,Inventory,true,true,true,170-Periodontal Instruments,340-Instruments,Pieces,,,,,,,,,,
5583220000001222667,2025-06-24 09:33:09,2026-01-29 16:58:00,ENDODONTIC PLUGGER 1/3,,NGN 5148.22,Sales,false,,,0.00,0.00,0.00,0.00,,,,,,,,,,goods,2,,,Active,pcs,Pieces,260-210-001,,,,,NGN 5148.22,Cost of Goods Sold,,Inventory Asset,fifo,false,1.00,,1.00,NGN 5148.22,1.00,false,Inventory,true,true,true,210-Spreaders & Pluggers,260-Endodontics,Pieces,,,,,,,,,,
5583220000001223140,2025-06-24 09:33:10,2026-01-29 16:58:04,ENDODONTIC PLUGGER 5/7,,NGN 5148.22,Sales,false,,,0.00,0.00,0.00,0.00,,,,,,,,,,goods,2,,,Active,pcs,Pieces,260-210-003,,,,,NGN 5148.22,Cost of Goods Sold,,Inventory Asset,fifo,false,1.00,,1.00,NGN 5148.22,1.00,false,Inventory,true,true,true,210-Spreaders & Pluggers,260-Endodontics,Pieces,,,,,,,,,,
5583220000001223613,2025-06-24 09:33:11,2026-01-29 17:15:50,ROOT ELEVTOR WARWICK-JAMES LEFT 2.2MM (796/2),,NGN 10315.01,Sales,false,,,0.00,0.00,0.00,0.00,cm,kg,,,,,,,,goods,2,,,Active,pcs,Pieces,340-190-074,,,,,NGN 12387.00,Cost of Goods Sold,cm,Inventory Asset,fifo,false,1.00,,2.00,NGN 10315.01,1.00,false,Inventory,true,true,true,190-Surgical Instruments,340-Instruments,Pieces,,,,,,,,,,
5583220000001224086,2025-06-24 09:33:11,2026-01-29 17:16:35,TOOTH FORCEPS N.130 (2500/130),,NGN 22947.20,Sales,false,,,0.00,0.00,0.00,0.00,,,,,,,,,,goods,2,,,Active,Each,,340-190-092,,,,,NGN 22947.20,Cost of Goods Sold,,Inventory Asset,fifo,false,1.00,,2.00,NGN 22947.20,2.00,false,Inventory,true,true,true,190-Surgical Instruments,340-Instruments,Pieces,,,,,,,,,,
5583220000001224559,2025-06-24 09:33:11,2026-01-29 17:17:09,TOOTH FORCEPS N.75- A,,NGN 20342.25333,Sales,false,,,0.00,0.00,0.00,0.00,,,,,,,,,,goods,2,,,Active,Each,,340-190-106,,,,,NGN 20342.25,Cost of Goods Sold,,Inventory Asset,fifo,false,1.00,,3.00,NGN 20342.25,3.00,false,Inventory,true,true,true,190-Surgical Instruments,340-Instruments,Pieces,,,,,,,,,,
5583220000001225032,2025-06-24 09:33:12,2026-01-29 17:16:29,TOOTH FORCEPS N.122 (2500/122),,NGN 22947.20,Sales,false,,,0.00,0.00,0.00,0.00,,,,,,,,,,goods,2,,,Active,Each,,340-190-090,,,,,NGN 22947.20,Cost of Goods Sold,,Inventory Asset,fifo,false,1.00,,2.00,NGN 22947.20,2.00,false,Inventory,true,true,true,190-Surgical Instruments,340-Instruments,Pieces,,,,,,,,,,
5583220000001225505,2025-06-24 09:33:12,2026-01-29 17:16:31,TOOTH FORCEPS N.13 (2500/13),,NGN 20547.956,Sales,false,,,0.00,0.00,0.00,0.00,,,,,,,,,,goods,2,,,Active,Each,,340-190-091,,,,,NGN 20547.96,Cost of Goods Sold,,Inventory Asset,fifo,false,1.00,,5.00,NGN 20547.96,5.00,false,Inventory,true,true,true,190-Surgical Instruments,340-Instruments,Pieces,,,,,,,,,,
5583220000001225978,2025-06-24 09:33:13,2026-01-29 17:17:05,TOOTH FORCEPS N.73-S,,NGN 21052.03,Sales,false,,,0.00,0.00,0.00,0.00,,,,,,,,,,goods,2,,,Active,Each,,340-190-104,,,,,NGN 21052.03,Cost of Goods Sold,,Inventory Asset,fifo,false,1.00,,2.00,NGN 21052.03,2.00,false,Inventory,true,true,true,190-Surgical Instruments,340-Instruments,Pieces,,,,,,,,,,
5583220000001226451,2025-06-24 09:33:13,2026-01-28 14:18:33,TOOTH FORCEPS PEDO  N.37,,NGN 22947.20,Sales,true,,,0.00,0.00,0.00,0.00,cm,kg,,,,,,,,goods,2,,,Active,Each,,340-190-109,,,,,NGN 22947.20,Cost of Goods Sold,,Inventory Asset,fifo,false,1.00,,2.00,NGN 22947.20,2.00,false,Inventory,true,true,true,190-Surgical Instruments,340-Instruments,Pieces,,,,,,,,,,
5583220000001226924,2025-06-24 09:33:14,2026-01-29 17:17:29,TOOTH FORCEPS PEDO N.158,,NGN 22947.20,Sales,false,,,0.00,0.00,0.00,0.00,,,,,,,,,,goods,2,,,Active,Each,,340-190-114,,,,,NGN 22947.20,Cost of Goods Sold,,Inventory Asset,fifo,false,1.00,,2.00,NGN 22947.20,2.00,false,Inventory,true,true,true,190-Surgical Instruments,340-Instruments,Pieces,,,,,,,,,,
5583220000001227397,2025-06-24 09:33:14,2026-01-29 17:17:39,TOOTH FORCEPS PEDO N.38,,NGN 22947.20,Sales,false,,,0.00,0.00,0.00,0.00,,,,,,,,,,goods,2,,,Active,Each,,340-190-118,,,,,NGN 22947.20,Cost of Goods Sold,,Inventory Asset,fifo,false,1.00,,2.00,NGN 22947.20,2.00,false,Inventory,true,true,true,190-Surgical Instruments,340-Instruments,Pieces,,,,,,,,,,
5583220000001227870,2025-06-24 09:33:15,2026-01-29 17:17:36,TOOTH FORCEPS PEDO N.22-S,,NGN 22947.20,Sales,false,,,0.00,0.00,0.00,0.00,,,,,,,,,,goods,2,,,Active,Each,,340-190-117,,,,,NGN 22947.20,Cost of Goods Sold,,Inventory Asset,fifo,false,1.00,,1.00,NGN 22947.20,1.00,false,Inventory,true,true,true,190-Surgical Instruments,340-Instruments,Pieces,,,,,,,,,,
5583220000001228343,2025-06-24 09:33:15,2026-01-29 17:13:39,EXCAVATOR N.3 (670/3),,NGN 5470.60,Sales,false,,,0.00,0.00,0.00,0.00,,,,,,,,,,goods,2,,,Active,pcs,Pieces,340-190-018,,,,,NGN 5470.60,Cost of Goods Sold,,Inventory Asset,fifo,false,1.00,,2.00,NGN 5470.60,2.00,false,Inventory,true,true,true,190-Surgical Instruments,340-Instruments,Pieces,,,,,,,,,,
5583220000001228816,2025-06-24 09:33:16,2026-01-29 17:17:35,TOOTH FORCEPS PEDO N.161,,NGN 22947.20,Sales,false,,,0.00,0.00,0.00,0.00,,,,,,,,,,goods,2,,,Active,Each,,340-190-116,,,,,NGN 22974.20,Cost of Goods Sold,,Inventory Asset,fifo,false,1.00,,2.00,NGN 22947.20,2.00,false,Inventory,true,true,true,190-Surgical Instruments,340-Instruments,Pieces,,,,,,,,,,
5583220000001229289,2025-06-24 09:33:16,2026-01-29 17:17:27,TOOTH FORCEPS PEDO N.157,,NGN 21052.03,Sales,false,,,0.00,0.00,0.00,0.00,,,,,,,,,,goods,2,,,Active,Each,,340-190-113,,,,,NGN 21052.03,Cost of Goods Sold,,Inventory Asset,fifo,false,1.00,,2.00,NGN 21052.03,2.00,false,Inventory,true,true,true,190-Surgical Instruments,340-Instruments,Pieces,,,,,,,,,,
5583220000001229762,2025-06-24 09:33:17,2026-01-29 17:13:06,CURETTE SWISS TYPE (639/24),,NGN 1283.28,Sales,false,,,0.00,0.00,0.00,0.00,,,,,,,,,,goods,2,,,Active,pcs,Pieces,340-190-004,,,,,NGN 1283.28,Cost of Goods Sold,,Inventory Asset,fifo,false,1.00,,1.00,NGN 1283.28,1.00,false,Inventory,true,true,true,190-Surgical Instruments,340-Instruments,Pieces,,,,,,,,,,
5583220000001230235,2025-06-24 09:33:17,2026-01-29 17:16:04,SCISSOR BEEBEE TC CURVED 110MM,,NGN 16763.65333,Sales,false,,,0.00,0.00,0.00,0.00,,,,,,,,,,goods,2,,,Active,pcs,Pieces,340-190-079,,,,,NGN 16763.65,Cost of Goods Sold,,Inventory Asset,fifo,false,1.00,,3.00,NGN 16763.65,3.00,false,Inventory,true,true,true,190-Surgical Instruments,340-Instruments,Pieces,,,,,,,,,,
5583220000001230708,2025-06-24 09:33:18,2026-01-29 17:14:12,NEEDLE HOLDER HALSEY TC 130MM,,NGN 16475.28,Sales,false,,,0.00,0.00,0.00,0.00,,,,,,,,,,goods,2,,,Active,pcs,Pieces,340-190-033,,,,,NGN 16475.28,Cost of Goods Sold,,Inventory Asset,fifo,false,1.00,,1.00,NGN 16475.28,1.00,false,Inventory,true,true,true,190-Surgical Instruments,340-Instruments,Pieces,,,,,,,,,,
5583220000001231181,2025-06-24 09:33:18,2026-01-29 17:14:14,NEEDLE HOLDER MATHIEU 170MM,,NGN 10438.90,Sales,false,,,0.00,0.00,0.00,0.00,,,,,,,,,,goods,2,,,Active,pcs,Pieces,340-190-034,,,,,NGN 10438.90,Cost of Goods Sold,,Inventory Asset,fifo,false,1.00,,1.00,NGN 10438.90,1.00,false,Inventory,true,true,true,190-Surgical Instruments,340-Instruments,Pieces,,,,,,,,,,
5583220000001231654,2025-06-24 09:33:19,2026-01-29 17:16:08,SCISSOR IRIS TC 115MM (3511/TC,,NGN 6100.00,Sales,false,,,0.00,0.00,0.00,0.00,,,,,,,,,,goods,2,,,Active,pcs,Pieces,340-190-081,,,,,NGN 40492.19,Cost of Goods Sold,,Inventory Asset,fifo,false,1.00,,2.00,NGN 40492.19,2.00,false,Inventory,true,true,true,190-Surgical Instruments,340-Instruments,Pieces,,,,,,,,,,
5583220000001232127,2025-06-24 09:33:19,2026-01-29 17:16:15,TOOTH FORCEPS N. 190,,NGN 22947.20,Sales,false,,,0.00,0.00,0.00,0.00,,,,,,,,,,goods,2,,,Active,Each,,340-190-084,,,,,NGN 22947.20,Cost of Goods Sold,,Inventory Asset,fifo,false,1.00,,2.00,NGN 22947.20,2.00,false,Inventory,true,true,true,190-Surgical Instruments,340-Instruments,Pieces,,,,,,,,,,
5583220000001232600,2025-06-24 09:33:20,2026-01-29 17:16:23,TOOTH FORCEPS N. 46,,NGN 22947.20,Sales,false,,,0.00,0.00,0.00,0.00,,,,,,,,,,goods,2,,,Active,Each,,340-190-087,,,,,NGN 22947.20,Cost of Goods Sold,,Inventory Asset,fifo,false,1.00,,1.00,NGN 22947.20,1.00,false,Inventory,true,true,true,190-Surgical Instruments,340-Instruments,Pieces,,,,,,,,,,
5583220000001233073,2025-06-24 09:33:20,2026-01-29 17:10:37,MIRRORS DR. COMELLA RODIUM 12p,,NGN 8247.874444,Sales,false,,,0.00,0.00,0.00,0.00,,,,,,,,,,goods,2,,,Active,pcs,Pieces,340-120-006,,,,,NGN 8247.87,Cost of Goods Sold,,Inventory Asset,fifo,false,1.00,,9.00,NGN 8247.87,9.00,false,Inventory,true,true,true,120-Diagnostic Instruments,340-Instruments,Pieces,,,,,,,,,,
5583220000001233546,2025-06-24 09:33:20,2026-01-29 08:58:08,HARDWIRE CUTTER,,NGN 112098.40,Sales,false,,,0.00,0.00,0.00,0.00,,,,,,,,,,goods,2,,,Active,pcs,Pieces,420-110-008,,,,,NGN 112098.40,Cost of Goods Sold,,Inventory Asset,fifo,false,1.00,,1.00,NGN 112098.40,1.00,false,Inventory,true,true,true,110-Accessories,420-Orthodontics,Pieces,,,,,,,,,,
5583220000001234019,2025-06-24 09:33:21,2026-01-29 17:14:16,NEEDLE HOLDER MAYO-HEGAR 180MM (1741/TC),,NGN 18350.00,Sales,false,,,0.00,0.00,0.00,0.00,cm,kg,,,,,,,,goods,2,,,Active,pcs,Pieces,340-190-035,,,,,NGN 20513.25,Cost of Goods Sold,cm,Inventory Asset,fifo,false,1.00,,5.00,NGN 19847.97,4.00,false,Inventory,true,true,true,190-Surgical Instruments,340-Instruments,Pieces,,,,,,,,,,
5583220000001234492,2025-06-24 09:33:21,2026-01-29 17:16:56,TOOTH FORCEPS N.51,,NGN 22947.20,Sales,false,,,0.00,0.00,0.00,0.00,,,,,,,,,,goods,2,,,Active,Each,,340-190-100,,,,,NGN 22947.20,Cost of Goods Sold,,Inventory Asset,fifo,false,1.00,,2.00,NGN 22947.20,2.00,false,Inventory,true,true,true,190-Surgical Instruments,340-Instruments,Pieces,,,,,,,,,,
5583220000001234965,2025-06-24 09:33:22,2026-01-29 17:13:58,FORCEP FOR CROWN & BRIDGES UP,,NGN 41303.01,Sales,false,,,0.00,0.00,0.00,0.00,,,,,,,,,,goods,2,,,Active,pcs,Pieces,340-190-027,,,,,NGN 41303.01,Cost of Goods Sold,,Inventory Asset,fifo,false,1.00,,1.00,NGN 41303.01,1.00,false,Inventory,true,true,true,190-Surgical Instruments,340-Instruments,Pieces,,,,,,,,,,
5583220000001235438,2025-06-24 09:33:22,2026-01-29 17:13:57,FORCEP FOR CROWN & BRIDGES LOW,,NGN 41303.01,Sales,false,,,0.00,0.00,0.00,0.00,,,,,,,,,,goods,2,,,Active,pcs,Pieces,340-190-026,,,,,NGN 41303.01,Cost of Goods Sold,,Inventory Asset,fifo,false,1.00,,1.00,NGN 41303.01,1.00,false,Inventory,true,true,true,190-Surgical Instruments,340-Instruments,Pieces,,,,,,,,,,
5583220000001235911,2025-06-24 09:33:23,2026-01-29 17:14:34,PLIER MONTFORT CROWN SLITTER,,NGN 14105.91,Sales,false,,,0.00,0.00,0.00,0.00,,,,,,,,,,goods,2,,,Active,pcs,Pieces,340-190-043,,,,,NGN 14105.91,Cost of Goods Sold,,Inventory Asset,fifo,false,1.00,,1.00,NGN 14105.91,1.00,false,Inventory,true,true,true,190-Surgical Instruments,340-Instruments,Pieces,,,,,,,,,,
5583220000001236384,2025-06-24 09:33:23,2026-01-29 17:10:28,MIRROR HANDLE OCTAGONAL,,NGN 1934.251111,Sales,false,,,0.00,0.00,0.00,0.00,,,,,,,,,,goods,2,,,Active,pcs,Pieces,340-120-002,,,,,NGN 4556.09,Cost of Goods Sold,,Inventory Asset,fifo,false,1.00,,9.00,NGN 1934.25,40.00,false,Inventory,true,true,true,120-Diagnostic Instruments,340-Instruments,Pieces,,,,,,,,,,
5583220000001236857,2025-06-24 09:33:24,2026-01-29 17:08:40,TWEEZER GERALD OY CURVED 0.6mm,,NGN 11100.00,Sales,false,,,0.00,0.00,0.00,0.00,,,,,,,,,,goods,2,,,Active,pcs,Pieces,340-110-025,,,,,NGN 5780.56,Cost of Goods Sold,,Inventory Asset,fifo,false,1.00,,1.00,NGN 5780.56,1.00,false,Inventory,true,true,true,110-Accessories,340-Instruments,Pieces,,,,,,,,,,
5583220000001237330,2025-06-24 09:33:24,2026-01-29 17:11:48,PROBE DOUBLE WILLIAMS / N.23 (567/23),,NGN 5177.531111,Sales,false,,,0.00,0.00,0.00,0.00,cm,kg,,,,,,,,goods,2,,,Active,pcs,Pieces,340-170-011,,,,,NGN 11033.67,Cost of Goods Sold,cm,Inventory Asset,fifo,false,1.00,,9.00,NGN 5177.53,29.00,false,Inventory,true,true,true,170-Periodontal Instruments,340-Instruments,Pieces,,,,,,,,,,
5583220000001237803,2025-06-24 09:33:25,2026-01-29 17:14:24,PERIOSTEAL ELEVATOR - MOLT-MED,,NGN 12582.36667,Sales,false,,,0.00,0.00,0.00,0.00,,,,,,,,,,goods,2,,,Active,pcs,Pieces,340-190-037,,,,,NGN 12582.37,Cost of Goods Sold,,Inventory Asset,fifo,false,1.00,,3.00,NGN 12582.37,3.00,false,Inventory,true,true,true,190-Surgical Instruments,340-Instruments,Pieces,,,,,,,,,,
5583220000001238276,2025-06-24 09:33:25,2026-01-29 17:17:07,TOOTH FORCEPS N.75,,NGN 22947.20,Sales,false,,,0.00,0.00,0.00,0.00,,,,,,,,,,goods,2,,,Active,Each,,340-190-105,,,,,NGN 22947.20,Cost of Goods Sold,,Inventory Asset,fifo,false,1.00,,2.00,NGN 22947.20,2.00,false,Inventory,true,true,true,190-Surgical Instruments,340-Instruments,Pieces,,,,,,,,,,
5583220000001238749,2025-06-24 09:33:25,2026-01-29 17:16:46,TOOTH FORCEPS N.22,,NGN 22947.20,Sales,false,,,0.00,0.00,0.00,0.00,,,,,,,,,,goods,2,,,Active,Each,,340-190-096,,,,,NGN 22947.20,Cost of Goods Sold,,Inventory Asset,fifo,false,1.00,,2.00,NGN 22947.20,2.00,false,Inventory,true,true,true,190-Surgical Instruments,340-Instruments,Pieces,,,,,,,,,,
5583220000001239222,2025-06-24 09:33:26,2026-01-29 17:02:05,18:1 IMPLANT CONTRA ANGLE,,NGN 71300.51,Sales,false,,,0.00,0.00,0.00,0.00,,,,,,,,,,goods,2,,,Active,pcs,Pieces,280-120-026,,,,,NGN 71300.51,Cost of Goods Sold,,Inventory Asset,fifo,false,1.00,,1.00,NGN 71300.51,1.00,false,Inventory,true,true,true,120-Handpieces,280-Equipment,Pieces,,,,,,,,,,
5583220000001239695,2025-06-24 09:33:26,2026-01-29 17:10:58,ABUTMENT CARRYING FORCEPS,,NGN 227299.11,Sales,false,,,0.00,0.00,0.00,0.00,,,,,,,,,,goods,2,,,Active,pcs,Pieces,340-130-001,,,,,NGN 227299.10,Cost of Goods Sold,,Inventory Asset,fifo,false,1.00,,1.00,NGN 227299.11,1.00,false,Inventory,true,true,true,130-Implant Instruments,340-Instruments,Pieces,,,,,,,,,,
5583220000001240168,2025-06-24 09:33:27,2026-01-29 17:13:03,ANTRALPLASTY ELEVATOR,,NGN 7912.00,Sales,false,,,0.00,0.00,0.00,0.00,,,,,,,,,,goods,2,,,Active,pcs,Pieces,340-190-003,,,,,NGN 7912.00,Cost of Goods Sold,,Inventory Asset,fifo,false,1.00,,1.00,NGN 7912.00,0.00,false,Inventory,true,true,true,190-Surgical Instruments,340-Instruments,Pieces,,,,,,,,,,
5583220000001240641,2025-06-24 09:33:27,2026-01-29 17:02:55,ELECTRIC DRILL UNIT,,NGN 3968714.33,Sales,false,,,0.00,0.00,0.00,0.00,,,,,,,,,,goods,2,,,Active,pcs,Pieces,280-140-011,,,,,NGN 3968714.00,Cost of Goods Sold,,Inventory Asset,fifo,false,1.00,,1.00,NGN 3968714.33,1.00,false,Inventory,true,true,true,140-Small Equipment,280-Equipment,Pieces,,,,,,,,,,
5583220000001241114,2025-06-24 09:33:28,2026-01-29 17:14:02,GINGIVAL & PERIOSTEAL ELEVATOR,,NGN 7912.00,Sales,false,,,0.00,0.00,0.00,0.00,,,,,,,,,,goods,2,,,Active,pcs,Pieces,340-190-028,,,,,NGN 7912.00,Cost of Goods Sold,,Inventory Asset,fifo,false,1.00,,1.00,NGN 7912.00,1.00,false,Inventory,true,true,true,190-Surgical Instruments,340-Instruments,Pieces,,,,,,,,,,
5583220000001241587,2025-06-24 09:33:28,2026-01-29 16:55:52,LATCH REAMER EXTENSION,,NGN 115100.00,Sales,false,Bicon,BICON,0.00,0.00,0.00,0.00,cm,kg,,,,,,,,goods,2,,,Active,pcs,Pieces,260-150-041,,,,,NGN 85237.16,Cost of Goods Sold,,Inventory Asset,fifo,false,1.00,,1.00,NGN 85237.16,0.00,false,Inventory,true,true,true,150-Files & Reamers,260-Endodontics,Pieces,,,,,,,,,,
5583220000001242060,2025-06-24 09:33:29,2026-01-29 17:14:06,LUCAS BONE CURETTE,,NGN 27564.42,Sales,false,,,0.00,0.00,0.00,0.00,,,,,,,,,,goods,2,,,Active,pcs,Pieces,340-190-030,,,,,NGN 27564.42,Cost of Goods Sold,,Inventory Asset,fifo,false,1.00,,1.00,NGN 27564.42,1.00,false,Inventory,true,true,true,190-Surgical Instruments,340-Instruments,Pieces,,,,,,,,,,
5583220000001242533,2025-06-24 09:33:29,2026-01-29 17:02:03,MINI LATCH HEAD,,NGN 22418.15,Sales,false,,,0.00,0.00,0.00,0.00,,,,,,,,,,goods,2,,,Active,pcs,Pieces,280-120-025,,,,,NGN 22418.15,Cost of Goods Sold,,Inventory Asset,fifo,false,1.00,,2.00,NGN 22418.15,2.00,false,Inventory,true,true,true,120-Handpieces,280-Equipment,Pieces,,,,,,,,,,
5583220000001243006,2025-06-24 09:33:29,2026-01-29 17:07:03,PILOT DRILL 2.0,,NGN 20100.745,Sales,false,,,0.00,0.00,0.00,0.00,,,,,,,,,,goods,2,,,Active,pcs,Pieces,320-150-009,,,,,NGN 20375.95,Cost of Goods Sold,,Inventory Asset,fifo,false,1.00,,2.00,NGN 20100.75,0.00,false,Inventory,true,true,true,150-Surgical Kits,320-Implantology,Pieces,,,,,,,,,,
5583220000001243479,2025-06-24 09:33:30,2026-01-29 17:19:52,SILICON DAPPEN DISH,,NGN 15673.82,Sales,false,,,0.00,0.00,0.00,0.00,,,,,,,,,,goods,2,,,Active,pcs,Pieces,380-110-026,,,,,NGN 15673.82,Cost of Goods Sold,,Inventory Asset,fifo,false,1.00,,2.00,NGN 15673.82,2.00,false,Inventory,true,true,true,110-Accessories,380-Lab Products,Pieces,,,,,,,,,,
5583220000001243954,2025-06-24 09:33:31,2026-01-29 17:15:58,STAINLESS STEEL MALLET,,NGN 44670.38,Sales,false,,,0.00,0.00,0.00,0.00,,,,,,,,,,goods,2,,,Active,pcs,Pieces,340-190-077,,,,,NGN 44670.38,Cost of Goods Sold,,Inventory Asset,fifo,false,1.00,,1.00,NGN 44670.38,1.00,false,Inventory,true,true,true,190-Surgical Instruments,340-Instruments,Pieces,,,,,,,,,,
5583220000001244427,2025-06-24 09:33:31,2026-01-29 17:16:13,TISSUE PUNCH 6.5MM,,NGN 9844.00,Sales,false,,,0.00,0.00,0.00,0.00,,,,,,,,,,goods,2,,,Active,pcs,Pieces,340-190-083,,,,,NGN 9844.00,Cost of Goods Sold,,Inventory Asset,fifo,false,1.00,,1.00,NGN 9844.00,0.00,false,Inventory,true,true,true,190-Surgical Instruments,340-Instruments,Pieces,,,,,,,,,,
5583220000001244900,2025-06-24 09:33:32,2026-01-29 17:06:59,ABUTMENT SEATING TIP,,NGN 5586.46,Sales,false,,,0.00,0.00,0.00,0.00,,,,,,,,,,goods,2,,,Active,pcs,Pieces,320-150-007,,,,,NGN 5586.46,Cost of Goods Sold,,Inventory Asset,fifo,false,1.00,,1.00,NGN 5586.46,0.00,false,Inventory,true,true,true,150-Surgical Kits,320-Implantology,Pieces,,,,,,,,,,
5583220000001245373,2025-06-24 09:33:32,2026-01-29 17:06:51,2.5MM STANDARD GUIDE PIN (4),,NGN 14747.15,Sales,false,,,0.00,0.00,0.00,0.00,,,,,,,,,,goods,2,,,Active,pcs,Pieces,320-150-004,,,,,NGN 1474.15,Cost of Goods Sold,,Inventory Asset,fifo,false,1.00,,1.00,NGN 14747.15,0.00,false,Inventory,true,true,true,150-Surgical Kits,320-Implantology,Pieces,,,,,,,,,,
5583220000001245846,2025-06-24 09:33:33,2026-01-29 17:06:41,THREADED ABUT PREP HOLDER,,NGN 48251.18,Sales,false,,,0.00,0.00,0.00,0.00,,,,,,,,,,goods,2,,,Active,pcs,Pieces,320-140-034,,,,,NGN 48588.82,Cost of Goods Sold,,Inventory Asset,fifo,false,1.00,,2.00,NGN 48251.18,1.00,false,Inventory,true,true,true,140-Permanent Abutments,320-Implantology,Pieces,,,,,,,,,,
5583220000001246319,2025-06-24 09:33:33,2026-01-29 17:14:08,HEALING PLUG REMOVAL TOOL MANU,,NGN 42618.395,Sales,false,,,0.00,0.00,0.00,0.00,,,,,,,,,,goods,2,,,Active,pcs,Pieces,340-190-031,,,,,NGN 47374.54,Cost of Goods Sold,,Inventory Asset,fifo,false,1.00,,2.00,NGN 42618.40,1.00,false,Inventory,true,true,true,190-Surgical Instruments,340-Instruments,Pieces,,,,,,,,,,
5583220000001246792,2025-06-24 09:33:34,2026-01-29 17:14:04,HEAL PLUG CUTTER,,NGN 51190.08,Sales,false,,,0.00,0.00,0.00,0.00,,,,,,,,,,goods,2,,,Active,pcs,Pieces,340-190-029,,,,,NGN 51190.08,Cost of Goods Sold,,Inventory Asset,fifo,false,1.00,,1.00,NGN 51190.08,0.00,false,Inventory,true,true,true,190-Surgical Instruments,340-Instruments,Pieces,,,,,,,,,,
5583220000001247265,2025-06-24 09:33:34,2026-01-29 17:07:05,PARALLELING PIN 0*,,NGN 5961.68,Sales,false,,,0.00,0.00,0.00,0.00,,,,,,,,,,goods,2,,,Active,pcs,Pieces,320-150-010,,,,,NGN 24443.96,Cost of Goods Sold,,Inventory Asset,fifo,false,1.00,,1.00,NGN 5961.68,1.00,false,Inventory,true,true,true,150-Surgical Kits,320-Implantology,Pieces,,,,,,,,,,
5583220000001247738,2025-06-24 09:33:35,2026-01-29 17:11:00,ABUTMENT SHOULDER GUAGE,,NGN 8171.98,Sales,false,,,0.00,0.00,0.00,0.00,,,,,,,,,,goods,2,,,Active,pcs,Pieces,340-130-002,,,,,NGN 8171.98,Cost of Goods Sold,,Inventory Asset,fifo,false,1.00,,1.00,NGN 8171.98,1.00,false,Inventory,true,true,true,130-Implant Instruments,340-Instruments,Pieces,,,,,,,,,,
5583220000001248211,2025-06-24 09:33:35,2026-01-29 17:06:49,2.0MM STANDARD GUIDE PIN (4),,NGN 23674.93,Sales,false,,,0.00,0.00,0.00,0.00,,,,,,,,,,goods,2,,,Active,pcs,Pieces,320-150-003,,,,,NGN 23674.93,Cost of Goods Sold,,Inventory Asset,fifo,false,1.00,,1.00,NGN 23674.93,1.00,false,Inventory,true,true,true,150-Surgical Kits,320-Implantology,Pieces,,,,,,,,,,
5583220000001248684,2025-06-24 09:33:36,2026-01-29 17:03:14,UNODENT TORQUE WRENCH NSK,,NGN 38200.00,Sales,false,,,0.00,0.00,0.00,0.00,,,,,,,,,,goods,2,,,Active,pcs,Pieces,280-140-019,,,,,NGN 28278.63,Cost of Goods Sold,,Inventory Asset,fifo,false,1.00,,1.00,NGN 28278.63,1.00,false,Inventory,true,true,true,140-Small Equipment,280-Equipment,Pieces,,,,,,,,,,
5583220000001249157,2025-06-24 09:33:36,2026-01-29 17:04:28,4.0X8MM INTEGRA CP 2.5MM WELL,Integra-CP™ plateau design implant with Calcium Phosphate (CP) blasted surface. Features 1.5° Locking Taper Well for 360° universal abutment positioning and sloping shoulder for bone preservation.,NGN 168300.00,Sales,false,Bicon,BICON,0.02,0.40,0.40,0.80,cm,kg,,,,,,,,goods,2,,,Active,Each,,320-120-006,,,,,NGN 107494.20,Cost of Goods Sold,,Inventory Asset,fifo,false,1.00,BICON,37.00,NGN 123888.32,21.00,false,Inventory,true,true,true,120-Implant Sleeves & Wells,320-Implantology,Pieces,,Published,BICON INTEGRA CP,Well,2.5MM,Size,4.0X8MM,,,320-120-001
5583220000001249630,2025-06-24 09:33:37,2026-01-29 17:04:47,4X11MM INTEGRA CP 2.5MM WELL,Integra-CP™ plateau design implant with Calcium Phosphate (CP) blasted surface. Features 1.5° Locking Taper Well for 360° universal abutment positioning and sloping shoulder for bone preservation.,NGN 168300.00,Sales,false,Bicon,BICON,0.02,0.40,0.40,1.10,cm,kg,,,,,,,,goods,2,,,Active,Each,,320-120-014,,,,,NGN 107494.20,Cost of Goods Sold,,Inventory Asset,fifo,false,1.00,BICON,6.00,NGN 56708.03,10.00,false,Inventory,true,true,true,120-Implant Sleeves & Wells,320-Implantology,Pieces,,Published,BICON INTEGRA CP,Well,2.5MM,Size,4X11MM,,,320-120-002
5583220000001250103,2025-06-24 09:33:37,2026-01-29 17:04:49,4X5MM INTEGRA CP 2.5MM WELL,Integra-CP™ plateau design implant with Calcium Phosphate (CP) blasted surface. Features 1.5° Locking Taper Well for 360° universal abutment positioning and sloping shoulder for bone preservation.,NGN 168300.00,Sales,false,Bicon,BICON,0.02,0.40,0.40,0.50,cm,kg,,,,,,,,goods,2,,,Active,Each,,320-120-015,,,,,NGN 110847.04,Cost of Goods Sold,,Inventory Asset,fifo,false,1.00,BICON,12.00,NGN 57449.62,17.00,false,Inventory,true,true,true,120-Implant Sleeves & Wells,320-Implantology,Pieces,,Published,BICON INTEGRA CP,Well,2.5MM,Size,4X5MM,,,320-120-003
5583220000001250576,2025-06-24 09:33:38,2026-01-29 17:04:34,4.5X11MM INTEGRA CP 2.5MM WELL,Integra-CP™ plateau design implant with Calcium Phosphate (CP) blasted surface. Features 1.5° Locking Taper Well for 360° universal abutment positioning and sloping shoulder for bone preservation.,NGN 168300.00,Sales,true,Bicon,BICON,0.02,0.45,0.45,1.10,cm,kg,,,,,,,,goods,2,,,Active,Each,,320-120-008,,,,,NGN 110847.04,Cost of Goods Sold,,Inventory Asset,fifo,false,1.00,BICON,5.00,NGN 80616.48,5.00,false,Inventory,true,true,true,120-Implant Sleeves & Wells,320-Implantology,Pieces,,Published,BICON INTEGRA CP,Well,2.5MM,Size,4.5X11MM,,,320-120-004
5583220000001251049,2025-06-24 09:33:38,2026-01-29 17:04:43,4.5X8MM INTEGRA CP 2.5MM WELL,Integra-CP™ plateau design implant with Calcium Phosphate (CP) blasted surface. Features 1.5° Locking Taper Well for 360° universal abutment positioning and sloping shoulder for bone preservation.,NGN 168300.00,Sales,false,Bicon,BICON,0.02,0.45,0.45,0.80,cm,kg,,,,,,,,goods,2,,,Active,Each,,320-120-012,,,,,NGN 110809.54,Cost of Goods Sold,,Inventory Asset,fifo,false,1.00,BICON,17.00,NGN 123487.21,12.00,false,Inventory,true,true,true,120-Implant Sleeves & Wells,320-Implantology,Pieces,,Published,BICON INTEGRA CP,Well,2.5MM,Size,4.5X8MM,,,320-120-005
5583220000001251522,2025-06-24 09:33:39,2026-01-29 17:04:26,4.0X6.0MM INTEGRA CP 2.5MM WEL,Integra-CP™ plateau design implant with Calcium Phosphate (CP) blasted surface. Features 1.5° Locking Taper Well for 360° universal abutment positioning and sloping shoulder for bone preservation.,NGN 168300.00,Sales,false,Bicon,BICON,0.02,0.40,0.40,0.60,cm,kg,,,,,,,,goods,2,,,Active,Each,,320-120-005,,,,,NGN 108124.74,Cost of Goods Sold,,Inventory Asset,fifo,false,1.00,BICON,12.00,NGN 114168.55,14.00,false,Inventory,true,true,true,120-Implant Sleeves & Wells,320-Implantology,Pieces,,Published,BICON INTEGRA CP,Well,2.5MM,Size,4.0X6.0MM,,,320-120-006
5583220000001251995,2025-06-24 09:33:39,2026-01-29 17:04:24,3.5X8.0MM INTEGRA CP 2MM WELL,Integra-CP™ plateau design implant with Calcium Phosphate (CP) blasted surface. Features 1.5° Locking Taper Well for 360° universal abutment positioning and sloping shoulder for bone preservation.,NGN 168300.00,Sales,false,Bicon,BICON,0.02,0.35,0.35,0.80,cm,kg,,,,,,,,goods,2,,,Active,Each,,320-120-004,,,,,NGN 108124.74,Cost of Goods Sold,,Inventory Asset,fifo,false,1.00,BICON,2.00,NGN 124521.13,2.00,false,Inventory,true,true,true,120-Implant Sleeves & Wells,320-Implantology,Pieces,,Published,BICON INTEGRA CP,Well,2MM,Size,3.5X8.0MM,,,320-120-007
5583220000001252468,2025-06-24 09:33:40,2026-01-29 17:04:20,3.0X8.0MM INTEGRA CP 2MM WELL,Integra-CP™ plateau design implant with Calcium Phosphate (CP) blasted surface. Features 1.5° Locking Taper Well for 360° universal abutment positioning and sloping shoulder for bone preservation.,NGN 168300.00,Sales,false,Bicon,BICON,0.02,0.30,0.30,0.80,cm,kg,,,,,,,,goods,2,,,Active,Each,,320-120-003,,,,,NGN 110847.04,Cost of Goods Sold,,Inventory Asset,fifo,false,1.00,BICON,5.00,NGN 121003.44,3.00,false,Inventory,true,true,true,120-Implant Sleeves & Wells,320-Implantology,Pieces,,Published,BICON INTEGRA CP,Well,2MM,Size,3.0X8.0MM,,,320-120-008
5583220000001252941,2025-06-24 09:33:40,2026-01-29 17:04:18,3.0X6.0MM INTEGRA CP 2MM WELL,Integra-CP™ plateau design implant with Calcium Phosphate (CP) blasted surface. Features 1.5° Locking Taper Well for 360° universal abutment positioning and sloping shoulder for bone preservation.,NGN 168300.00,Sales,false,Bicon,BICON,0.02,0.30,0.30,0.60,cm,kg,,,,,,,,goods,2,,,Active,Each,,320-120-002,,,,,NGN 110847.04,Cost of Goods Sold,,Inventory Asset,fifo,false,1.00,BICON,3.00,NGN 81472.56,4.00,false,Inventory,true,true,true,120-Implant Sleeves & Wells,320-Implantology,Pieces,,Published,BICON INTEGRA CP,Well,2MM,Size,3.0X6.0MM,,,320-120-009
5583220000001253414,2025-06-24 09:33:41,2026-01-29 17:04:40,4.5X6MM INTEGRA CP 3MM WELL,Integra-CP™ plateau design implant with Calcium Phosphate (CP) blasted surface. Features 1.5° Locking Taper Well for 360° universal abutment positioning and sloping shoulder for bone preservation.,NGN 168300.00,Sales,false,Bicon,BICON,0.02,0.45,0.45,0.60,cm,kg,,,,,,,,goods,2,,,Active,pcs,Pieces,320-120-011,,,,,NGN 107494.20,Cost of Goods Sold,,Inventory Asset,fifo,false,1.00,BICON,18.00,NGN 123968.45,7.00,false,Inventory,true,true,true,120-Implant Sleeves & Wells,320-Implantology,Pieces,,Published,BICON INTEGRA CP,Well,3MM,Size,4.5X6MM,,,320-120-010
5583220000001253887,2025-06-24 09:33:41,2026-01-29 17:04:45,4.5X8MM INTEGRA CP 3MM WELL,Integra-CP™ plateau design implant with Calcium Phosphate (CP) blasted surface. Features 1.5° Locking Taper Well for 360° universal abutment positioning and sloping shoulder for bone preservation.,NGN 168300.00,Sales,false,Bicon,BICON,0.02,0.45,0.45,0.80,cm,kg,,,,,,,,goods,2,,,Active,pcs,Pieces,320-120-013,,,,,NGN 107494.20,Cost of Goods Sold,,Inventory Asset,fifo,false,1.00,BICON,25.00,NGN 123865.98,21.00,false,Inventory,true,true,true,120-Implant Sleeves & Wells,320-Implantology,Pieces,,Published,BICON INTEGRA CP,Well,3MM,Size,4.5X8MM,,,320-120-011
5583220000001254360,2025-06-24 09:33:41,2026-01-29 17:04:36,4.5X11MM INTEGRA CP 3MM WELL,Integra-CP™ plateau design implant with Calcium Phosphate (CP) blasted surface. Features 1.5° Locking Taper Well for 360° universal abutment positioning and sloping shoulder for bone preservation.,NGN 168300.00,Sales,false,Bicon,BICON,0.02,0.45,0.45,1.10,cm,kg,,,,,,,,goods,2,,,Active,pcs,Pieces,320-120-009,,,,,NGN 104983.31,Cost of Goods Sold,,Inventory Asset,fifo,false,1.00,BICON,11.00,NGN 81562.10,7.00,false,Inventory,true,true,true,120-Implant Sleeves & Wells,320-Implantology,Pieces,,Published,BICON INTEGRA CP,Well,3MM,Size,4.5X11MM,,,320-120-012
5583220000001254833,2025-06-24 09:33:42,2026-01-29 17:04:56,5.0X5MM INTEGRA CP 3MM WELL,Integra-CP™ plateau design implant with Calcium Phosphate (CP) blasted surface. Features 1.5° Locking Taper Well for 360° universal abutment positioning and sloping shoulder for bone preservation.,NGN 168300.00,Sales,false,Bicon,BICON,0.02,0.50,0.50,0.50,cm,kg,,,,,,,,goods,2,,,Active,pcs,Pieces,320-120-017,,,,,NGN 115315.09,Cost of Goods Sold,,Inventory Asset,fifo,false,1.00,BICON,15.00,NGN 92870.18,17.00,false,Inventory,true,true,true,120-Implant Sleeves & Wells,320-Implantology,Pieces,,Published,BICON INTEGRA CP,Well,3MM,Size,5.0X5MM,,,320-120-013
5583220000001255306,2025-06-24 09:33:42,2026-01-29 17:04:58,5.0X6MM INTEGRA CP 3MM WELL,Integra-CP™ plateau design implant with Calcium Phosphate (CP) blasted surface. Features 1.5° Locking Taper Well for 360° universal abutment positioning and sloping shoulder for bone preservation.,NGN 168300.00,Sales,false,Bicon,BICON,0.02,0.50,0.50,0.60,cm,kg,,,,,,,,goods,2,,,Active,pcs,Pieces,320-120-018,,,,,NGN 108124.74,Cost of Goods Sold,,Inventory Asset,fifo,false,1.00,BICON,16.00,NGN 61034.51,17.00,false,Inventory,true,true,true,120-Implant Sleeves & Wells,320-Implantology,Pieces,,Published,BICON INTEGRA CP,Well,3MM,Size,5.0X6MM,,,320-120-014
5583220000001255779,2025-06-24 09:33:43,2026-01-30 15:48:57,5.0X8MM INTEGRA CP 3MM WELL,Integra-CP™ plateau design implant with Calcium Phosphate (CP) blasted surface. Features 1.5° Locking Taper Well for 360° universal abutment positioning and sloping shoulder for bone preservation.,NGN 168300.00,Sales,false,Bicon,BICON,0.02,0.50,0.50,0.80,cm,kg,,,,,,,,goods,2,,,Active,pcs,Pieces,320-120-019,,,,,NGN 110847.04,Cost of Goods Sold,,Inventory Asset,fifo,false,1.00,BICON,18.00,NGN 119369.24,4.00,false,Inventory,true,true,true,120-Implant Sleeves & Wells,320-Implantology,Pieces,,Published,BICON INTEGRA CP,Well,3MM,Size,5.0X8MM,,,320-120-015
5583220000001256252,2025-06-24 09:33:43,2026-01-29 17:04:54,5.0X11MM INTEGRA CP 3MM WELL,Integra-CP™ plateau design implant with Calcium Phosphate (CP) blasted surface. Features 1.5° Locking Taper Well for 360° universal abutment positioning and sloping shoulder for bone preservation.,NGN 168300.00,Sales,false,Bicon,BICON,0.02,0.50,0.50,1.10,cm,kg,,,,,,,,goods,2,,,Active,pcs,Pieces,320-120-016,,,,,NGN 115173.12,Cost of Goods Sold,,Inventory Asset,fifo,false,1.00,BICON,6.00,NGN 106158.48,8.00,false,Inventory,true,true,true,120-Implant Sleeves & Wells,320-Implantology,Pieces,,Published,BICON INTEGRA CP,Well,3MM,Size,5.0X11MM,,,320-120-016
5583220000001256725,2025-06-24 09:33:44,2026-01-29 17:05:09,6.0X8MM INTEGRA CP 3MM WELL,Integra-CP™ plateau design implant with Calcium Phosphate (CP) blasted surface. Features 1.5° Locking Taper Well for 360° universal abutment positioning and sloping shoulder for bone preservation.,NGN 168300.00,Sales,false,Bicon,BICON,0.02,0.60,0.60,0.80,cm,kg,,,,,,,,goods,2,,,Active,Each,,320-120-022,,,,,NGN 131426.32,Cost of Goods Sold,,Inventory Asset,fifo,false,1.00,BICON,4.00,NGN 97684.79,4.00,false,Inventory,true,true,true,120-Implant Sleeves & Wells,320-Implantology,Pieces,,Published,BICON INTEGRA CP,Well,3MM,Size,6.0X8MM,,,320-120-017
5583220000001257198,2025-06-24 09:33:44,2026-01-29 17:05:05,6.0X5.0MM INTEGRA CP 3MM WELL,Integra-CP™ plateau design implant with Calcium Phosphate (CP) blasted surface. Features 1.5° Locking Taper Well for 360° universal abutment positioning and sloping shoulder for bone preservation.,NGN 168300.00,Sales,false,Bicon,BICON,0.02,0.60,0.60,0.50,cm,kg,,,,,,,,goods,2,,,Active,Each,,320-120-020,,,,,NGN 104983.31,Cost of Goods Sold,,Inventory Asset,fifo,false,1.00,BICON,5.00,NGN 78584.37,5.00,false,Inventory,true,true,true,120-Implant Sleeves & Wells,320-Implantology,Pieces,,Published,BICON INTEGRA CP,Well,3MM,Size,6.0X5.0MM,,,320-120-018
5583220000001257671,2025-06-24 09:33:45,2026-01-29 17:05:07,6.0X6.0MM INTEGRA CP 3MM WELL,Integra-CP™ plateau design implant with Calcium Phosphate (CP) blasted surface. Features 1.5° Locking Taper Well for 360° universal abutment positioning and sloping shoulder for bone preservation.,NGN 168300.00,Sales,false,Bicon,BICON,0.02,0.60,0.60,0.60,cm,kg,,,,,,,,goods,2,,,Active,Each,,320-120-021,,,,,NGN 41670.95,Cost of Goods Sold,,Inventory Asset,fifo,false,1.00,BICON,4.00,NGN 40999.71,3.00,false,Inventory,true,true,true,120-Implant Sleeves & Wells,320-Implantology,Pieces,,Published,BICON INTEGRA CP,Well,3MM,Size,6.0X6.0MM,,,320-120-019
5583220000001258144,2025-06-24 09:33:45,2026-01-29 17:04:38,4.5X5.0MM INTEGRA CP 3MM WELL,Integra-CP™ plateau design implant with Calcium Phosphate (CP) blasted surface. Features 1.5° Locking Taper Well for 360° universal abutment positioning and sloping shoulder for bone preservation.,NGN 168300.00,Sales,false,Bicon,BICON,0.02,0.45,0.45,0.50,cm,kg,,,,,,,,goods,2,,,Active,Each,,320-120-010,,,,,NGN 110809.54,Cost of Goods Sold,,Inventory Asset,fifo,false,1.00,BICON,12.00,NGN 121706.95,11.00,false,Inventory,true,true,true,120-Implant Sleeves & Wells,320-Implantology,Pieces,,Published,BICON INTEGRA CP,Well,3MM,Size,4.5X5.0MM,,,320-120-020
5583220000001258617,2025-06-24 09:33:46,2026-01-29 17:23:22,LAB BUR-GOLDIES 63-B/XC,,NGN 54900.00,Sales,false,,,0.00,0.00,0.00,0.00,,,,,,,,,,goods,2,,,Active,pcs,Pieces,380-180-001,,,,,NGN 40492.06,Cost of Goods Sold,,Inventory Asset,fifo,false,1.00,,3.00,NGN 34769.98,3.00,false,Inventory,true,true,true,180-Lab Burs,380-Lab Products,Pieces,,,,,,,,,,
5583220000001259090,2025-06-24 09:33:46,2026-01-29 17:23:26,LAB BUR-GOLDIES 82-T,,NGN 49700.00,Sales,false,,,0.00,0.00,0.00,0.00,,,,,,,,,,goods,2,,,Active,pcs,Pieces,380-180-002,,,,,NGN 36962.49,Cost of Goods Sold,,Inventory Asset,fifo,false,1.00,,3.00,NGN 31739.18,4.00,false,Inventory,true,true,true,180-Lab Burs,380-Lab Products,Pieces,,,,,,,,,,
5583220000001259563,2025-06-24 09:33:47,2026-01-29 16:59:54,ORING SET FOR VACUVESTOR-#4020,,NGN 3876.45,Sales,false,,,0.00,0.00,0.00,0.00,,,,,,,,,,goods,2,,,Active,pcs,Pieces,280-110-045,,,,,NGN 3876.45,Cost of Goods Sold,,Inventory Asset,fifo,false,1.00,,1.00,NGN 3876.45,1.00,false,Inventory,true,true,true,110-Dental Units & Accessories,280-Equipment,Pieces,,,,,,,,,,
5583220000001260036,2025-06-24 09:33:47,2026-01-29 09:01:11,ALUMINUM OXIDE WHITE (20LB),,NGN 50000.00,Sales,false,,,0.00,0.00,0.00,0.00,cm,kg,,,,,,,,goods,2,,,Active,pcs,Pieces,520-170-001,,,,,NGN 10595.91,Cost of Goods Sold,,Inventory Asset,fifo,false,1.00,,1.00,NGN 10595.91,1.00,false,Inventory,true,true,true,170-Finishing & Polishing Kits,520-Restorative,Pieces,,,,,,,,,,
5583220000001260509,2025-06-24 09:33:47,2026-01-29 09:01:11,BROWNIE POLISHER SHAPE WH6,,NGN 1415.099583,Sales,false,,,0.00,0.00,0.00,0.00,,,,,,,,,,goods,2,,,Active,pcs,Pieces,520-170-002,,,,,NGN 1415.10,Cost of Goods Sold,,Inventory Asset,fifo,false,1.00,,24.00,NGN 1415.10,24.00,false,Inventory,true,true,true,170-Finishing & Polishing Kits,520-Restorative,Pieces,,,,,,,,,,
5583220000001260982,2025-06-24 09:33:48,2026-01-29 17:23:20,CASTING RING 1 3/4X55MM-#4090,,NGN 9300.00,Sales,false,,,0.00,0.00,0.00,0.00,cm,kg,,,,,,,,goods,2,,,Active,pcs,Pieces,380-170-001,,,,,NGN 3758.00,Cost of Goods Sold,,Inventory Asset,fifo,false,1.00,,1.00,NGN 3758.00,1.00,false,Inventory,true,true,true,170-Investment Materials,380-Lab Products,Pieces,,,,,,,,,,
5583220000001261455,2025-06-24 09:33:48,2026-01-29 09:01:09,GREENIE POLISHER SHAPE PC2,,NGN 3700.00,Sales,false,,,0.00,0.00,0.00,0.00,,,,,,,,,,goods,2,,,Active,pcs,Pieces,520-170-012,,,,,NGN 503.96,Cost of Goods Sold,,Inventory Asset,fifo,false,1.00,,24.00,NGN 503.96,24.00,false,Inventory,true,true,true,170-Finishing & Polishing Kits,520-Restorative,Pieces,,,,,,,,,,
5583220000001261928,2025-06-24 09:33:49,2026-01-29 17:20:17,HEATLESS WHEELS-DEDECO,,NGN 10820.00,Sales,false,,,0.00,0.00,0.00,0.00,,,,,,,,,,goods,2,,,Active,pcs,Pieces,380-110-036,,,,,NGN 4685.45,Cost of Goods Sold,,Inventory Asset,fifo,false,1.00,,1.00,NGN 4685.45,1.00,false,Inventory,true,true,true,110-Accessories,380-Lab Products,Pieces,,,,,,,,,,
5583220000001262401,2025-06-24 09:33:49,2026-01-29 17:19:29,LAB PANS - ASSORTED,,NGN 6600.00,Sales,false,,,0.00,0.00,0.00,0.00,,,,,,,,,,goods,2,,,Active,pcs,Pieces,380-110-017,,,,,NGN 4844.99,Cost of Goods Sold,,Inventory Asset,fifo,false,1.00,,8.00,NGN 4160.61,24.00,false,Inventory,true,true,true,110-Accessories,380-Lab Products,Pieces,,,,,,,,,,
5583220000001262874,2025-06-24 09:33:49,2026-01-29 17:10:24,LAB SAW BLADES,,NGN 5700.00,Sales,false,,,0.00,0.00,0.00,0.00,,,,,,,,,,goods,2,,,Active,pcs,Pieces,340-110-069,,,,,NGN 1576.00,Cost of Goods Sold,,Inventory Asset,fifo,false,1.00,,4.00,NGN 1576.00,4.00,false,Inventory,true,true,true,110-Accessories,340-Instruments,Pieces,,,,,,,,,,
5583220000001263347,2025-06-24 09:33:50,2026-01-29 17:01:40,MICROMOTOR HANDPIECE,,NGN 119091.00,Sales,false,,,0.00,0.00,0.00,0.00,,,,,,,,,,goods,2,,,Active,pcs,Pieces,280-120-015,,,,,NGN 119091.00,Cost of Goods Sold,,Inventory Asset,fifo,false,1.00,,2.00,NGN 119091.00,2.00,false,Inventory,true,true,true,120-Handpieces,280-Equipment,Pieces,,,,,,,,,,
5583220000001263820,2025-06-24 09:33:50,2026-01-29 17:19:39,MIXING TRAY RENFERT(1058-0000),,NGN 2453.00,Sales,false,,,0.00,0.00,0.00,0.00,,,,,,,,,,goods,2,,,Active,pcs,Pieces,380-110-021,,,,,NGN 2453.00,Cost of Goods Sold,,Inventory Asset,fifo,false,1.00,,1.00,NGN 2453.00,1.00,false,Inventory,true,true,true,110-Accessories,380-Lab Products,Pieces,,,,,,,,,,
5583220000001264293,2025-06-24 09:33:51,2026-01-29 17:11:13,PK THOMAS INSTRUMENT KIT,,NGN 24200.00,Sales,false,,,0.00,0.00,0.00,0.00,,,,,,,,,,goods,2,,,Active,pcs,Pieces,340-140-003,,,,,NGN 12672.00,Cost of Goods Sold,,Inventory Asset,fifo,false,1.00,,1.00,NGN 12672.00,1.00,false,Inventory,true,true,true,140-Laboratory Instruments,340-Instruments,Pieces,,,,,,,,,,
5583220000001264766,2025-06-24 09:33:51,2026-01-29 17:19:42,PORCELAIN BRUSH TAKANISHI,,NGN 4853.00,Sales,false,,,0.00,0.00,0.00,0.00,,,,,,,,,,goods,2,,,Active,pcs,Pieces,380-110-022,,,,,NGN 4853.00,Cost of Goods Sold,,Inventory Asset,fifo,false,1.00,,2.00,NGN 4853.00,2.00,false,Inventory,true,true,true,110-Accessories,380-Lab Products,Pieces,,,,,,,,,,
5583220000001265239,2025-06-24 09:33:51,2026-01-29 17:21:04,THERMOFORMING MAT CLR SUR-0.04,,NGN 59300.00,Sales,false,Pearson Dental,PEARSON DENTAL,0.00,0.00,0.00,0.00,cm,kg,,,,,,,,goods,2,,,Active,Pack(s),,380-120-007,,,,,NGN 34804.87,Cost of Goods Sold,,Inventory Asset,fifo,false,1.00,,12.00,NGN 33293.70,17.00,false,Inventory,true,true,true,120-Acrylics & Resins,380-Lab Products,Pieces,,,,,,,,,,
5583220000001265712,2025-06-24 09:33:52,2026-01-29 17:21:08,THERMOFORMING MAT CLR SUR-0.06,,NGN 49400.00,Sales,false,Pearson Dental,PEARSON DENTAL,0.00,0.00,0.00,0.00,cm,kg,,,,,,,,goods,2,,,Active,Pack(s),,380-120-008,,,,,NGN 28533.26,Cost of Goods Sold,,Inventory Asset,fifo,false,1.00,,10.00,NGN 26253.67,7.00,false,Inventory,true,true,true,120-Acrylics & Resins,380-Lab Products,Pieces,,,,,,,,,,
5583220000001266185,2025-06-24 09:33:52,2026-01-29 17:21:12,THERMOFORMING MAT CLR TEM-0.02,,NGN 67900.00,Sales,false,Pearson Dental,PEARSON DENTAL,0.00,0.00,0.00,0.00,cm,kg,,,,,,,,goods,2,,,Active,Pack(s),,380-120-010,,,,,NGN 43422.23,Cost of Goods Sold,,Inventory Asset,fifo,false,1.00,,2.00,NGN 43422.24,1.00,false,Inventory,true,true,true,120-Acrylics & Resins,380-Lab Products,Pieces,,,,,,,,,,
5583220000001266658,2025-06-24 09:33:53,2026-01-29 17:20:08,TRU-FIT DIE SPACER,,NGN 7394.00,Sales,false,,,0.00,0.00,0.00,0.00,,,,,,,,,,goods,2,,,Active,pcs,Pieces,380-110-032,,,,,NGN 7394.00,Cost of Goods Sold,,Inventory Asset,fifo,false,1.00,,2.00,NGN 7394.00,2.00,false,Inventory,true,true,true,110-Accessories,380-Lab Products,Pieces,,,,,,,,,,
5583220000001267131,2025-06-24 09:33:53,2026-01-29 17:21:10,THERMOFORMING MAT CLR SUR-0.08,,NGN 54300.00,Sales,false,Pearson Dental,PEARSON DENTAL,0.00,0.00,0.00,0.00,cm,kg,,,,,,,,goods,2,,,Active,Pack(s),,380-120-009,,,,,NGN 40158.06,Cost of Goods Sold,,Inventory Asset,fifo,false,1.00,,2.00,NGN 40158.06,1.00,false,Inventory,true,true,true,120-Acrylics & Resins,380-Lab Products,Pieces,,,,,,,,,,
5583220000001267604,2025-06-24 09:33:54,2026-01-29 17:19:02,DENTURE BAGS (500 ROLL),,NGN 32000.00,Sales,false,,,0.00,0.00,0.00,0.00,,,,,,,,,,goods,2,,,Active,pcs,Pieces,380-110-006,,,,,NGN 18345.83,Cost of Goods Sold,,Inventory Asset,fifo,false,1.00,,8.00,NGN 18345.83,8.00,false,Inventory,true,true,true,110-Accessories,380-Lab Products,Pieces,,,,,,,,,,
5583220000001268077,2025-06-24 09:33:54,2026-01-26 12:47:16,DENTAL STONE - Secondary,,NGN 40000.01,Sales,false,,,0.00,0.00,0.00,0.00,cm,kg,,,,,,,,goods,2,,,Inactive,pcs,Pieces,null,,,,,NGN 29629.63704,Cost of Goods Sold,cm,Inventory Asset,fifo,false,1.00,,2.00,NGN 40000.01,0.00,false,Inventory,true,true,true,,,Pieces,,,,,,,,,,
5583220000001268550,2025-06-24 09:33:54,2026-01-29 17:21:30,CLEAR SPLINT BIOCRYL 1MM/125MM ROUND (25/PK),,NGN 56000.00,Sales,false,,,0.00,0.00,0.00,0.00,cm,kg,,,,,,,,goods,2,,,Active,pcs,Pieces,380-120-017,,,,,NGN 41153.56,Cost of Goods Sold,,Inventory Asset,fifo,false,1.00,,1.00,NGN 42205.90,3.00,false,Inventory,true,true,true,120-Acrylics & Resins,380-Lab Products,Pieces,,,,,,,,,,
5583220000001269023,2025-06-24 09:33:55,2026-01-29 17:21:32,CLEAR SPLINT BIOCRYL 2MM/125MM ROUND (10/PK),,NGN 49500.00,Sales,false,,,0.00,0.00,0.00,0.00,cm,kg,,,,,,,,goods,2,,,Active,pcs,Pieces,380-120-018,,,,,NGN 36392.01,Cost of Goods Sold,,Inventory Asset,fifo,false,1.00,,2.00,NGN 37294.03,2.00,false,Inventory,true,true,true,120-Acrylics & Resins,380-Lab Products,Pieces,,,,,,,,,,
5583220000001269496,2025-06-24 09:33:55,2026-01-29 17:21:26,CLEAR SPLINT BIOCRYL 1.5MM/125,,NGN 46700.00,Sales,false,,,0.00,0.00,0.00,0.00,cm,kg,,,,,,,,goods,2,,,Active,pcs,Pieces,380-120-016,,,,,NGN 34351.34,Cost of Goods Sold,,Inventory Asset,fifo,false,1.00,,1.00,NGN 32431.30,3.00,false,Inventory,true,true,true,120-Acrylics & Resins,380-Lab Products,Pieces,,,,,,,,,,
5583220000001269969,2025-06-24 09:33:56,2026-01-29 17:19:31,MIXING BOWL -DENTSPLY,,NGN 6500.00,Sales,false,,,0.00,0.00,0.00,0.00,cm,kg,,,,,,,,goods,2,,,Active,pcs,Pieces,380-110-018,,,,,NGN 2343.29,Cost of Goods Sold,,Inventory Asset,fifo,false,1.00,,2.00,NGN 2343.29,2.00,false,Inventory,true,true,true,110-Accessories,380-Lab Products,Pieces,,,,,,,,,,
5583220000001270442,2025-06-24 09:33:56,2026-01-29 17:19:33,MIXING BOWL 100 215/1,,NGN 609.02,Sales,false,,,0.00,0.00,0.00,0.00,,,,,,,,,,goods,2,,,Active,pcs,Pieces,380-110-019,,,,,NGN 609.02,Cost of Goods Sold,,Inventory Asset,fifo,false,1.00,,1.00,NGN 609.02,1.00,false,Inventory,true,true,true,110-Accessories,380-Lab Products,Pieces,,,,,,,,,,
5583220000001270915,2025-06-24 09:33:57,2026-01-29 17:02:59,MICROMOTORS RL01-2 BREUSHLESS,,NGN 162000.00,Sales,false,,,0.00,0.00,0.00,0.00,,,,,,,,,,goods,2,,,Active,pcs,Pieces,280-140-013,,,,,NGN 106532.00,Cost of Goods Sold,,Inventory Asset,fifo,false,1.00,,2.00,NGN 106531.97,1.00,false,Inventory,true,true,true,140-Small Equipment,280-Equipment,Pieces,,,,,,,,,,
5583220000001271388,2025-06-24 09:33:57,2026-01-29 09:01:09,PUMICE #4 FINE (25LB) FINE,,NGN 45100.00,Sales,false,,,0.00,0.00,0.00,0.00,,,,,,,,,,goods,2,,,Active,pcs,Pieces,520-170-014,,,,,NGN 23905.83,Cost of Goods Sold,,Inventory Asset,fifo,false,1.00,,1.00,NGN 23905.83,0.00,false,Inventory,true,true,true,170-Finishing & Polishing Kits,520-Restorative,Pieces,,,,,,,,,,
5583220000001271861,2025-06-24 09:33:57,2026-01-29 16:47:49,ORO-GUARD FILM (SMALL) (5/PK),,NGN 1002.18205,Sales,false,,,0.00,0.00,0.00,0.00,,,,,,,,,,goods,2,,,Active,pcs,Pieces,200-110-010,,,,,NGN 1002.18,Cost of Goods Sold,,Inventory Asset,fifo,false,1.00,,239.00,NGN 1002.18,239.00,false,Inventory,true,true,true,110-Barrier Products,200-Disposable Products,Pieces,,,,,,,,,,
5583220000001272334,2025-06-24 09:33:58,2026-01-29 16:47:47,ORO-GUARD FILM (MEDIUM) (5/PK),,NGN 1002.182122,Sales,false,,,0.00,0.00,0.00,0.00,,,,,,,,,,goods,2,,,Active,pcs,Pieces,200-110-009,,,,,NGN 1002.18,Cost of Goods Sold,,Inventory Asset,fifo,false,1.00,,245.00,NGN 1002.18,245.00,false,Inventory,true,true,true,110-Barrier Products,200-Disposable Products,Pieces,,,,,,,,,,
5583220000001272807,2025-06-24 09:33:58,2026-01-29 16:47:43,ORO-GUARD FILM (LARGE) (5/PK),,NGN 1002.18211,Sales,false,,,0.00,0.00,0.00,0.00,,,,,,,,,,goods,2,,,Active,pcs,Pieces,200-110-008,,,,,NGN 1002.18,Cost of Goods Sold,,Inventory Asset,fifo,false,1.00,,237.00,NGN 1002.18,237.00,false,Inventory,true,true,true,110-Barrier Products,200-Disposable Products,Pieces,,,,,,,,,,
5583220000001273280,2025-06-24 09:33:59,2026-01-29 17:18:48,WATERBATH DIAL THERMOMETER,,NGN 33700.00,Sales,false,,,0.00,0.00,0.00,0.00,,,,,,,,,,goods,2,,,Active,pcs,Pieces,360-130-010,,,,,NGN 24938.91,Cost of Goods Sold,,Inventory Asset,fifo,false,1.00,,1.00,NGN 24938.91,1.00,false,Inventory,true,true,true,130-Janitorial Equipment,360-Janitorial Supplies,Pieces,,,,,,,,,,
5583220000001273753,2025-06-24 09:33:59,2026-01-29 08:58:09,CLEAR MOUTHGUARD MAT. 3MM/125M,,NGN 43479.38,Sales,false,,,0.00,0.00,0.00,0.00,,,,,,,,,,goods,2,,,Active,pcs,Pieces,420-110-001,,,,,NGN 45688.62,Cost of Goods Sold,,Inventory Asset,fifo,false,1.00,,1.00,NGN 43479.38,2.00,false,Inventory,true,true,true,110-Accessories,420-Orthodontics,Pieces,,,,,,,,,,
5583220000001274226,2025-06-24 09:33:59,2026-01-29 17:02:15,RL 35 ARTICULATOR (L),,NGN 11800.00,Sales,false,,,0.00,0.00,0.00,0.00,,,,,,,,,,goods,2,,,Active,pcs,Pieces,280-130-004,,,,,NGN 8188.99,Cost of Goods Sold,,Inventory Asset,fifo,false,1.00,,1.00,NGN 8188.99,1.00,false,Inventory,true,true,true,130-Lab Equipment,280-Equipment,Pieces,,,,,,,,,,
5583220000001274699,2025-06-24 09:34:00,2026-01-29 17:02:17,RL 35 ARTICULATOR (M),,NGN 10000.00,Sales,false,,,0.00,0.00,0.00,0.00,,,,,,,,,,goods,2,,,Active,pcs,Pieces,280-130-005,,,,,NGN 6942.84,Cost of Goods Sold,,Inventory Asset,fifo,false,1.00,,2.00,NGN 6942.84,2.00,false,Inventory,true,true,true,130-Lab Equipment,280-Equipment,Pieces,,,,,,,,,,
5583220000001275172,2025-06-24 09:34:01,2026-01-29 17:02:19,RL 35 ARTICULATOR (S),,NGN 7700.00,Sales,false,,,0.00,0.00,0.00,0.00,,,,,,,,,,goods,2,,,Active,pcs,Pieces,280-130-006,,,,,NGN 5340.65,Cost of Goods Sold,,Inventory Asset,fifo,false,1.00,,2.00,NGN 5340.65,2.00,false,Inventory,true,true,true,130-Lab Equipment,280-Equipment,Pieces,,,,,,,,,,
5583220000001275645,2025-06-24 09:34:01,2026-01-29 08:58:56,MATRIX BAND-ADULT UNIVERSAL,,NGN 17000.00,Sales,false,,,0.00,0.00,0.00,0.00,,,,,,,,,,goods,2,,,Active,pcs,Pieces,520-190-018,,,,,NGN 11957.73,Cost of Goods Sold,,Inventory Asset,fifo,false,1.00,,44.00,NGN 9704.68,22.00,false,Inventory,true,true,true,190-Matrix Systems,520-Restorative,Pieces,,,,,,,,,,
5583220000001276118,2025-06-24 09:34:02,2026-01-29 08:58:56,MATRIX BAND-TOFFLEMIRE-PD,,NGN 6800.00,Sales,false,,,0.00,0.00,0.00,0.00,,,,,,,,,,goods,2,,,Active,pcs,Pieces,520-190-020,,,,,NGN 2667.60,Cost of Goods Sold,,Inventory Asset,fifo,false,1.00,,1.00,NGN 2667.60,1.00,false,Inventory,true,true,true,190-Matrix Systems,520-Restorative,Pieces,,,,,,,,,,
5583220000001276593,2025-06-24 09:34:02,2026-01-29 08:58:56,MATRIX BAND-MOD NARROW,,NGN 4200.00,Sales,false,,,0.00,0.00,0.00,0.00,,,,,,,,,,goods,2,,,Active,pcs,Pieces,520-190-019,,,,,NGN 606.00,Cost of Goods Sold,,Inventory Asset,fifo,false,1.00,,6.00,NGN 606.00,6.00,false,Inventory,true,true,true,190-Matrix Systems,520-Restorative,Pieces,,,,,,,,,,
5583220000001277066,2025-06-24 09:34:03,2026-01-29 08:56:52,TOFFLEMIRE RETAINER(UNIV)-GETZ,,NGN 26700.00,Sales,false,,,0.00,0.00,0.00,0.00,,,,,,,,,,goods,2,,,Active,pcs,Pieces,520-190-033,,,,,NGN 17513.58,Cost of Goods Sold,,Inventory Asset,fifo,false,1.00,,4.00,NGN 17513.58,4.00,false,Inventory,true,true,true,190-Matrix Systems,520-Restorative,Pieces,,,,,,,,,,
5583220000001277539,2025-06-24 09:34:05,2026-01-29 08:56:52,WIZARD WEDGES -500PK,,NGN 116800.00,Sales,false,,,0.00,0.00,0.00,0.00,,,,,,,,,,goods,2,,,Active,pcs,Pieces,520-190-034,,,,,NGN 86445.07,Cost of Goods Sold,,Inventory Asset,fifo,false,1.00,,1.00,NGN 86445.07,0.00,false,Inventory,true,true,true,190-Matrix Systems,520-Restorative,Pieces,,,,,,,,,,
5583220000001278012,2025-06-24 09:34:06,2026-01-29 08:58:56,MATRIX RETAINER TOFF (4975),,NGN 1948.59,Sales,false,,,0.00,0.00,0.00,0.00,,,,,,,,,,goods,2,,,Active,pcs,Pieces,520-190-022,,,,,NGN 1948.59,Cost of Goods Sold,,Inventory Asset,fifo,false,1.00,,1.00,NGN 1948.59,1.00,false,Inventory,true,true,true,190-Matrix Systems,520-Restorative,Pieces,,,,,,,,,,
5583220000001278485,2025-06-24 09:34:06,2026-01-29 08:58:55,MATRIX TOFFLEMIRE (4979/12),,NGN 304.00,Sales,false,,,0.00,0.00,0.00,0.00,,,,,,,,,,goods,2,,,Active,pcs,Pieces,520-190-024,,,,,NGN 304.00,Cost of Goods Sold,,Inventory Asset,fifo,false,1.00,,3.00,NGN 304.00,3.00,false,Inventory,true,true,true,190-Matrix Systems,520-Restorative,Pieces,,,,,,,,,,
5583220000001278958,2025-06-24 09:34:06,2026-01-29 08:58:55,MATRIX TOFFLEMIRE (4979/13),,NGN 304.00,Sales,false,,,0.00,0.00,0.00,0.00,,,,,,,,,,goods,2,,,Active,pcs,Pieces,520-190-025,,,,,NGN 304.00,Cost of Goods Sold,,Inventory Asset,fifo,false,1.00,,2.00,NGN 304.00,2.00,false,Inventory,true,true,true,190-Matrix Systems,520-Restorative,Pieces,,,,,,,,,,
5583220000001279431,2025-06-24 09:34:07,2026-01-29 08:58:55,MATRIX TOFFLEMIRE (4979/11),,NGN 304.00,Sales,false,,,0.00,0.00,0.00,0.00,,,,,,,,,,goods,2,,,Active,pcs,Pieces,520-190-023,,,,,NGN 304.00,Cost of Goods Sold,,Inventory Asset,fifo,false,1.00,,2.00,NGN 304.00,2.00,false,Inventory,true,true,true,190-Matrix Systems,520-Restorative,Pieces,,,,,,,,,,
5583220000001279904,2025-06-24 09:34:07,2026-01-29 08:58:56,MATRIX NYSTROM (4979/10),,NGN 304.00,Sales,false,,,0.00,0.00,0.00,0.00,,,,,,,,,,goods,2,,,Active,pcs,Pieces,520-190-021,,,,,NGN 304.00,Cost of Goods Sold,,Inventory Asset,fifo,false,1.00,,1.00,NGN 304.00,1.00,false,Inventory,true,true,true,190-Matrix Systems,520-Restorative,Pieces,,,,,,,,,,
5583220000001280377,2025-06-24 09:34:08,2026-01-29 08:56:53,PREMOLAR TOFFLEMIRE MATRIX,,NGN 5000.00,Sales,false,,,0.00,0.00,0.00,0.00,,,,,,,,,,goods,2,,,Active,pcs,Pieces,520-190-028,,,,,NGN 3636.96,Cost of Goods Sold,,Inventory Asset,fifo,false,1.00,,12.00,NGN 3557.37,12.00,false,Inventory,true,true,true,190-Matrix Systems,520-Restorative,Pieces,,,,,,,,,,
5583220000001280850,2025-06-24 09:34:08,2026-01-29 08:58:55,MOLAR TOFFLEMIRE MATRIX,,NGN 4700.00,Sales,false,,,0.00,0.00,0.00,0.00,,,,,,,,,,goods,2,,,Active,pcs,Pieces,520-190-027,,,,,NGN 2945.41,Cost of Goods Sold,,Inventory Asset,fifo,false,1.00,,13.00,NGN 2945.41,12.00,false,Inventory,true,true,true,190-Matrix Systems,520-Restorative,Pieces,,,,,,,,,,
5583220000001281323,2025-06-24 09:34:09,2026-01-29 08:58:56,DSC MATRIX U THIN #1 .001 (12),,NGN 4800.00,Sales,false,,,0.00,0.00,0.00,0.00,,,,,,,,,,goods,2,,,Active,pcs,Pieces,520-190-017,,,,,NGN 1145.01,Cost of Goods Sold,,Inventory Asset,fifo,false,1.00,,1.00,NGN 1145.01,1.00,false,Inventory,true,true,true,190-Matrix Systems,520-Restorative,Pieces,,,,,,,,,,
5583220000001281796,2025-06-24 09:34:09,2026-01-29 08:58:55,PLASTIC SOLID WEDGE MEDIUM,,NGN 9000.00,Sales,false,,,0.00,0.00,0.00,0.00,,,,,,,,,,goods,2,,,Active,pcs,Pieces,520-190-026,,,,,NGN 3312.02,Cost of Goods Sold,,Inventory Asset,fifo,false,1.00,,1.00,NGN 3312.02,1.00,false,Inventory,true,true,true,190-Matrix Systems,520-Restorative,Pieces,,,,,,,,,,
5583220000001282269,2025-06-24 09:34:09,2026-01-29 16:56:30,FORMOCRESOL,,NGN 107300.00,Sales,false,,,0.00,0.00,0.00,0.00,,,,,,,,,,goods,2,,,Active,pcs,Pieces,260-170-003,,,,,NGN 79474.24,Cost of Goods Sold,,Inventory Asset,fifo,false,1.00,,2.00,NGN 79474.24,1.00,false,Inventory,true,true,true,170-Intracanal Medicaments,260-Endodontics,Pieces,,,,,,,,,,
5583220000001282742,2025-06-24 09:34:10,2026-01-29 16:53:15,ALCOHOL PAD (100PK),,NGN 610.00,Sales,false,,,0.00,0.00,0.00,0.00,,,,,,,,,,goods,2,,,Active,pcs,Pieces,200-230-003,,,,,NGN 610.00,Cost of Goods Sold,,Inventory Asset,fifo,false,1.00,,20.00,NGN 610.00,0.00,false,Inventory,true,true,true,230-Wipes,200-Disposable Products,Pieces,,,,,,,,,,
5583220000001283215,2025-06-24 09:34:11,2026-01-29 17:02:49,COMPRESSOR OIL - BAMBI,,NGN 90800.00,Sales,false,,,0.00,0.00,0.00,0.00,cm,kg,,,,,,,,goods,2,,,Active,pcs,Pieces,280-140-009,,,,,NGN 67204.03,Cost of Goods Sold,,Inventory Asset,fifo,false,1.00,,1.00,NGN 76775.02,5.00,false,Inventory,true,true,true,140-Small Equipment,280-Equipment,Pieces,,,,,,,,,,
5583220000001283688,2025-06-24 09:34:11,2026-01-29 08:45:38,RUBBER LF MOUTH PROP GRAY LRG,,NGN 14600.00,Sales,false,,,0.00,0.00,0.00,0.00,,,,,,,,,,goods,2,,,Active,pcs,Pieces,600-140-001,,,,,NGN 8538.88,Cost of Goods Sold,,Inventory Asset,fifo,false,1.00,,5.00,NGN 7852.78,4.00,false,Inventory,true,true,true,140-Retractors & Mouth Props,600-Surgical Products,Pieces,,,,,,,,,,
5583220000001284161,2025-06-24 09:34:11,2026-01-29 08:45:37,RUBBER LF MOUTH PROP GRAY MED.,,NGN 14600.00,Sales,false,,,0.00,0.00,0.00,0.00,,,,,,,,,,goods,2,,,Active,pcs,Pieces,600-140-002,,,,,NGN 8538.87,Cost of Goods Sold,,Inventory Asset,fifo,false,1.00,,6.00,NGN 8538.88,5.00,false,Inventory,true,true,true,140-Retractors & Mouth Props,600-Surgical Products,Pieces,,,,,,,,,,
5583220000001284634,2025-06-24 09:34:12,2026-01-29 08:45:37,RUBBER LF MOUTH PROP GRAY SM.,,NGN 14600.00,Sales,false,,,0.00,0.00,0.00,0.00,,,,,,,,,,goods,2,,,Active,pcs,Pieces,600-140-003,,,,,NGN 5108.39,Cost of Goods Sold,,Inventory Asset,fifo,false,1.00,,4.00,NGN 5108.39,3.00,false,Inventory,true,true,true,140-Retractors & Mouth Props,600-Surgical Products,Pieces,,,,,,,,,,
5583220000001285107,2025-06-24 09:34:12,2026-01-29 17:19:12,DAPPEN DISH 1ST GRADE CLEAR,,NGN 6650.00,Sales,false,,,0.00,0.00,0.00,0.00,cm,kg,,,,,,,,goods,2,,,Active,pcs,Pieces,380-110-011,,,,,NGN 2067.62,Cost of Goods Sold,,Inventory Asset,fifo,false,1.00,,4.00,NGN 2067.62,4.00,false,Inventory,true,true,true,110-Accessories,380-Lab Products,Pieces,,,,,,,,,,
5583220000001285580,2025-06-24 09:34:13,2026-01-29 17:19:10,DAPPEN DISH 1ST GRADE BLUE,,NGN 6650.00,Sales,false,,,0.00,0.00,0.00,0.00,,,,,,,,,,goods,2,,,Active,pcs,Pieces,380-110-010,,,,,NGN 3976.46,Cost of Goods Sold,,Inventory Asset,fifo,false,1.00,,4.00,NGN 3582.14,3.00,false,Inventory,true,true,true,110-Accessories,380-Lab Products,Pieces,,,,,,,,,,
5583220000001286053,2025-06-24 09:34:13,2026-01-29 17:19:08,DAPPEN DISH 1ST GRADE AMBER,,NGN 6650.00,Sales,false,,,0.00,0.00,0.00,0.00,,,,,,,,,,goods,2,,,Active,pcs,Pieces,380-110-009,,,,,NGN 4765.09,Cost of Goods Sold,,Inventory Asset,fifo,false,1.00,,4.00,NGN 3582.14,3.00,false,Inventory,true,true,true,110-Accessories,380-Lab Products,Pieces,,,,,,,,,,
5583220000001286526,2025-06-24 09:34:13,2026-01-29 17:19:14,DAPPEN DISH 1ST GRADE GREEN,,NGN 6650.00,Sales,false,,,0.00,0.00,0.00,0.00,,,,,,,,,,goods,2,,,Active,pcs,Pieces,380-110-012,,,,,NGN 1348.62,Cost of Goods Sold,,Inventory Asset,fifo,false,1.00,,1.00,NGN 1348.62,1.00,false,Inventory,true,true,true,110-Accessories,380-Lab Products,Pieces,,,,,,,,,,
5583220000001286999,2025-06-24 09:34:14,2026-01-29 16:57:02,ISOFOLAN 0.10/125MM ROUND (100,,NGN 123700.00,Sales,false,,,0.00,0.00,0.00,0.00,,,,,,,,,,goods,2,,,Active,pcs,Pieces,260-200-003,,,,,NGN 90980.03,Cost of Goods Sold,,Inventory Asset,fifo,false,1.00,,1.00,NGN 94697.84,2.00,false,Inventory,true,true,true,200-Rubber Dam Systems,260-Endodontics,Pieces,,,,,,,,,,
5583220000001287472,2025-06-24 09:34:14,2026-01-29 17:19:17,DAPPEN DISH PREMIUM QUALITY,,NGN 3670.02,Sales,false,,,0.00,0.00,0.00,0.00,,,,,,,,,,goods,2,,,Active,pcs,Pieces,380-110-013,,,,,NGN 3670.02,Cost of Goods Sold,,Inventory Asset,fifo,false,1.00,,2.00,NGN 3670.02,2.00,false,Inventory,true,true,true,110-Accessories,380-Lab Products,Pieces,,,,,,,,,,
5583220000001287945,2025-06-24 09:34:16,2026-01-29 17:18:50,CHROMA DENTURE BOXES ASSTORTED,,NGN 1900.00,Sales,false,,,0.00,0.00,0.00,0.00,,,,,,,,,,goods,2,,,Active,pcs,Pieces,380-110-001,,,,,NGN 1332.62,Cost of Goods Sold,,Inventory Asset,fifo,false,1.00,,22.00,NGN 1274.76,28.00,false,Inventory,true,true,true,110-Accessories,380-Lab Products,Pieces,,,,,,,,,,
5583220000001288418,2025-06-24 09:34:17,2026-01-28 14:13:30,"STERILIZING FORCEPS 8""",,NGN 1761.22,Sales,false,,,0.00,0.00,0.00,0.00,cm,kg,,,,,,,,goods,2,,,Active,pcs,Pieces,340-190-078,,,,,NGN 1761.22,Cost of Goods Sold,,Inventory Asset,fifo,false,1.00,,3.00,NGN 1761.22,3.00,false,Inventory,true,true,true,190-Surgical Instruments,340-Instruments,Pieces,,,,,,,,,,
5583220000001288891,2025-06-24 09:34:18,2026-01-29 17:03:05,SONIC DENTURE SPA,,NGN 12050.00,Sales,false,,,0.00,0.00,0.00,0.00,,,,,,,,,,goods,2,,,Active,pcs,Pieces,280-140-015,,,,,NGN 5419.45,Cost of Goods Sold,,Inventory Asset,fifo,false,1.00,,10.00,NGN 5419.45,10.00,false,Inventory,true,true,true,140-Small Equipment,280-Equipment,Pieces,,,,,,,,,,
5583220000001289364,2025-06-24 09:34:19,2026-01-29 17:18:44,TRIGGER SPRAY 500ML/1LT BOTTLE,,NGN 4570.00,Sales,false,,,0.00,0.00,0.00,0.00,,,,,,,,,,goods,2,,,Active,pcs,Pieces,360-130-009,,,,,NGN 939.65,Cost of Goods Sold,,Inventory Asset,fifo,false,1.00,,4.00,NGN 939.65,4.00,false,Inventory,true,true,true,130-Janitorial Equipment,360-Janitorial Supplies,Pieces,,,,,,,,,,
5583220000001289837,2025-06-24 09:34:20,2026-01-29 08:58:07,RETAINER CASES -CHROMA 2000,,NGN 1500.00,Sales,false,,,0.00,0.00,0.00,0.00,cm,kg,,,,,,,,goods,2,,,Active,pcs,Pieces,420-110-014,,,,,NGN 1088.74,Cost of Goods Sold,,Inventory Asset,fifo,false,1.00,,94.00,NGN 1041.47,146.00,false,Inventory,true,true,true,110-Accessories,420-Orthodontics,Pieces,,,,,,,,,,
5583220000001290310,2025-06-24 09:34:21,2026-01-29 17:25:40,NURADIANCE RETAINER CASE RECT.,,NGN 1200.00,Sales,false,,,0.00,0.00,0.00,0.00,,,,,,,,,,goods,2,,,Active,pcs,Pieces,420-110-027,,,,,NGN 569.70,Cost of Goods Sold,,Inventory Asset,fifo,false,1.00,,20.00,NGN 569.70,2.00,false,Inventory,true,true,true,110-Accessories,420-Orthodontics,Pieces,,,,,,,,,,
5583220000001290783,2025-06-24 09:34:23,2026-01-29 12:17:54,RETAINER BOX LOCKING ASSORTED,,NGN 1600.00,Sales,false,,,0.00,0.00,0.00,0.00,,,,,,,,,,goods,2,,,Active,pcs,Pieces,420-110-020,,,,,NGN 958.96,Cost of Goods Sold,,Inventory Asset,fifo,false,1.00,,35.00,NGN 891.50,55.00,false,Inventory,true,true,true,110-Accessories,420-Orthodontics,Pieces,,,,,,,,,,
5583220000001291256,2025-06-24 09:34:24,2026-01-29 08:55:54,PROPHY MATE NEO FLASH,,NGN 108500.00,Sales,false,,,0.00,0.00,0.00,0.00,cm,kg,,,,,,,,goods,2,,,Active,pcs,Pieces,480-140-010,,,,,NGN 80297.81,Cost of Goods Sold,,Inventory Asset,fifo,false,1.00,,5.00,NGN 20492.12,5.00,false,Inventory,true,true,true,140-Prophylaxis Pastes & Cups,480-Preventive Products,Pieces,,,,,,,,,,
5583220000001291729,2025-06-24 09:34:25,2026-01-29 16:52:23,TRAY PLASTIC - BLUE 979/BL,,NGN 4629.61,Sales,false,,,0.00,0.00,0.00,0.00,,,,,,,,,,goods,2,,,Active,pcs,Pieces,200-200-018,,,,,NGN 4629.61,Cost of Goods Sold,,Inventory Asset,fifo,false,1.00,,1.00,NGN 4629.61,1.00,false,Inventory,true,true,true,200-Plastic Cup & Tray,200-Disposable Products,Pieces,,,,,,,,,,
5583220000001292202,2025-06-24 09:34:26,2026-01-29 16:52:25,TRAY PLASTIC - GREEN 979/G,,NGN 10599.28,Sales,false,,,0.00,0.00,0.00,0.00,,,,,,,,,,goods,2,,,Active,pcs,Pieces,200-200-019,,,,,NGN 10599.28,Cost of Goods Sold,,Inventory Asset,fifo,false,1.00,,1.00,NGN 10599.28,1.00,false,Inventory,true,true,true,200-Plastic Cup & Tray,200-Disposable Products,Pieces,,,,,,,,,,
5583220000001292675,2025-06-24 09:34:27,2026-01-29 16:52:29,TRAY PLASTIC - WHITE 979/W,,NGN 10599.28,Sales,false,,,0.00,0.00,0.00,0.00,,,,,,,,,,goods,2,,,Active,pcs,Pieces,200-200-020,,,,,NGN 10599.28,Cost of Goods Sold,,Inventory Asset,fifo,false,1.00,,1.00,NGN 10599.28,1.00,false,Inventory,true,true,true,200-Plastic Cup & Tray,200-Disposable Products,Pieces,,,,,,,,,,
5583220000001293148,2025-06-24 09:34:29,2026-01-29 17:01:38,MICROLUX TRANSILLUMINATOR,,NGN 142579.905,Sales,false,,,0.00,0.00,0.00,0.00,,,,,,,,,,goods,2,,,Active,pcs,Pieces,280-120-014,,,,,NGN 142579.90,Cost of Goods Sold,,Inventory Asset,fifo,false,1.00,,2.00,NGN 142579.91,2.00,false,Inventory,true,true,true,120-Handpieces,280-Equipment,Pieces,,,,,,,,,,
5583220000001293621,2025-06-24 09:34:30,2026-01-29 17:01:13,ADDENT-MICROLUX DL LIGHTGUIDE,,NGN 65974.355,Sales,false,,,0.00,0.00,0.00,0.00,,,,,,,,,,goods,2,,,Active,pcs,Pieces,280-120-003,,,,,NGN 65974.36,Cost of Goods Sold,,Inventory Asset,fifo,false,1.00,,2.00,NGN 65974.36,2.00,false,Inventory,true,true,true,120-Handpieces,280-Equipment,Pieces,,,,,,,,,,
5583220000001294094,2025-06-24 09:34:31,2026-01-29 17:18:38,LONG HANDLED SCRUBBING BRUSH,,NGN 8400.00,Sales,false,,,0.00,0.00,0.00,0.00,,,,,,,,,,goods,2,,,Active,pcs,Pieces,360-130-006,,,,,NGN 6214.65,Cost of Goods Sold,,Inventory Asset,fifo,false,1.00,,4.00,NGN 5454.60,0.00,false,Inventory,true,true,true,130-Janitorial Equipment,360-Janitorial Supplies,Pieces,,,,,,,,,,
5583220000001294567,2025-06-24 09:34:31,2026-01-29 08:58:07,RETAINER CASES - APPLIANCE BOX,,NGN 1900.00,Sales,false,,,0.00,0.00,0.00,0.00,,,,,,,,,,goods,2,,,Active,pcs,Pieces,420-110-013,,,,,NGN 1373.32,Cost of Goods Sold,,Inventory Asset,fifo,false,1.00,,100.00,NGN 1373.32,100.00,false,Inventory,true,true,true,110-Accessories,420-Orthodontics,Pieces,,,,,,,,,,
5583220000001295040,2025-06-24 09:34:32,2026-01-29 17:10:47,SHIMSTOCK TEST FOIL,,NGN 4672.07,Sales,false,,,0.00,0.00,0.00,0.00,,,,,,,,,,goods,2,,,Active,pcs,Pieces,340-120-010,,,,,NGN 4672.07,Cost of Goods Sold,,Inventory Asset,fifo,false,1.00,,1.00,NGN 4672.07,1.00,false,Inventory,true,true,true,120-Diagnostic Instruments,340-Instruments,Pieces,,,,,,,,,,
5583220000001295513,2025-06-24 09:34:32,2026-01-29 09:01:09,FELT WHEEL SOFT 1''X 1/8''(12),,NGN 1000.82,Sales,false,,,0.00,0.00,0.00,0.00,,,,,,,,,,goods,2,,,Active,pcs,Pieces,520-170-010,,,,,NGN 1000.82,Cost of Goods Sold,,Inventory Asset,fifo,false,1.00,,1.00,NGN 1000.82,1.00,false,Inventory,true,true,true,170-Finishing & Polishing Kits,520-Restorative,Pieces,,,,,,,,,,
5583220000001295986,2025-06-24 09:34:33,2026-01-29 17:23:34,PHOTO PAPER(MATT)170GSM,,NGN 6800.00,Sales,false,,,0.00,0.00,0.00,0.00,,,,,,,,,,goods,2,,,Active,pcs,Pieces,400-110-001,,,,,NGN 2232.60,Cost of Goods Sold,,Inventory Asset,fifo,false,1.00,,7.00,NGN 2232.60,7.00,false,Inventory,true,true,true,110-Printer Supplies,400-Office Products,Pieces,,,,,,,,,,
5583220000001296459,2025-06-24 09:34:33,2026-01-26 12:44:37,4.0X6.5MM 0* 2.5MM WELL,,NGN 116900.00,Sales,false,Bicon,BICON,0.00,0.00,0.00,0.00,cm,kg,,,,,,,,goods,2,,,Inactive,pcs,Pieces,null,,,,,NGN 74142.68,Cost of Goods Sold,,Inventory Asset,fifo,false,1.00,BICON,20.00,NGN 85385.92,1.00,false,Inventory,true,true,true,,,Pieces,,,,,,,,,,
5583220000001296932,2025-06-24 09:34:34,2026-01-29 17:05:38,4.0X6.5MM 15* 2.5MM WELL,Bicon dental abutments utilize a screwless 1.5-degree locking taper connection for a secure bacterial seal and 360-degree universal positioning.,NGN 116900.00,Sales,false,Bicon,BICON,0.00,0.00,0.00,0.00,cm,kg,,,,,,,,goods,2,,,Active,pcs,Pieces,320-140-009,,,,,NGN 73710.31,Cost of Goods Sold,,Inventory Asset,fifo,false,1.00,BICON,14.00,NGN 85468.87,8.00,false,Inventory,true,true,true,140-Permanent Abutments,320-Implantology,Pieces,,Published,Bicon Permanent,Well,2.5MM,Size,4.0X6.5MM,Degree,15°,320-122-002
5583220000001297405,2025-06-24 09:34:34,2026-01-29 17:05:24,4.0X10MM 0* 2.5MM WELL,Bicon dental abutments utilize a screwless 1.5-degree locking taper connection for a secure bacterial seal and 360-degree universal positioning.,NGN 116900.00,Sales,false,Bicon,BICON,0.00,0.00,0.00,0.00,cm,kg,,,,,,,,goods,2,,,Active,pcs,Pieces,320-140-003,,,,,NGN 73710.31,Cost of Goods Sold,,Inventory Asset,fifo,false,1.00,BICON,12.00,NGN 77361.66,17.00,false,Inventory,true,true,true,140-Permanent Abutments,320-Implantology,Pieces,,Published,Bicon Permanent,Well,2.5MM,Size,4.0X10MM,Degree,0°,320-122-003
5583220000001297878,2025-06-24 09:34:34,2026-01-29 17:05:29,4.0X10MM 15* 2.5MM WELL,Bicon dental abutments utilize a screwless 1.5-degree locking taper connection for a secure bacterial seal and 360-degree universal positioning.,NGN 116900.00,Sales,false,Bicon,BICON,0.00,0.00,0.00,0.00,cm,kg,,,,,,,,goods,2,,,Active,pcs,Pieces,320-140-005,,,,,NGN 73710.31,Cost of Goods Sold,,Inventory Asset,fifo,false,1.00,BICON,10.00,NGN 77203.46,10.00,false,Inventory,true,true,true,140-Permanent Abutments,320-Implantology,Pieces,,Published,Bicon Permanent,Well,2.5MM,Size,4.0X10MM,Degree,15°,320-122-004
5583220000001298351,2025-06-24 09:34:35,2026-01-29 17:06:18,5.0X6.5MM 25* 2.5MM WELL,Bicon dental abutments utilize a screwless 1.5-degree locking taper connection for a secure bacterial seal and 360-degree universal positioning.,NGN 149850.00,Sales,false,Bicon,BICON,0.00,0.00,0.00,0.00,,,,,,,,,,goods,2,,,Active,pcs,Pieces,320-140-025,,,,,NGN 108124.74,Cost of Goods Sold,,Inventory Asset,fifo,false,1.00,BICON,3.00,NGN 82295.52,4.00,false,Inventory,true,true,true,140-Permanent Abutments,320-Implantology,Pieces,,Published,Bicon Permanent,Well,2.5MM,Size,5.0X6.5MM,Degree,25°,320-122-005
5583220000001298824,2025-06-24 09:34:35,2026-01-29 17:05:49,5.0X10MM 0* 2.5MM WELL,Bicon dental abutments utilize a screwless 1.5-degree locking taper connection for a secure bacterial seal and 360-degree universal positioning.,NGN 116900.00,Sales,false,Bicon,BICON,0.00,0.00,0.00,0.00,,,,,,,,,,goods,2,,,Active,pcs,Pieces,320-140-013,,,,,NGN 75983.69,Cost of Goods Sold,,Inventory Asset,fifo,false,1.00,BICON,5.00,NGN 84969.86,6.00,false,Inventory,true,true,true,140-Permanent Abutments,320-Implantology,Pieces,,Published,Bicon Permanent,Well,2.5MM,Size,5.0X10MM,Degree,0°,320-122-006
5583220000001299297,2025-06-24 09:34:36,2026-01-29 17:05:54,5.0X10MM 15* 2.5MM WELL,Bicon dental abutments utilize a screwless 1.5-degree locking taper connection for a secure bacterial seal and 360-degree universal positioning.,NGN 116900.00,Sales,false,Bicon,BICON,0.00,0.00,0.00,0.00,,,,,,,,,,goods,2,,,Active,pcs,Pieces,320-140-015,,,,,NGN 74142.68,Cost of Goods Sold,,Inventory Asset,fifo,false,1.00,BICON,4.00,NGN 84845.11,2.00,false,Inventory,true,true,true,140-Permanent Abutments,320-Implantology,Pieces,,Published,Bicon Permanent,Well,2.5MM,Size,5.0X10MM,Degree,15°,320-122-007
5583220000001299770,2025-06-24 09:34:36,2026-01-29 17:06:08,5.0X6.5MM 0* 2.5MM WELL,Bicon dental abutments utilize a screwless 1.5-degree locking taper connection for a secure bacterial seal and 360-degree universal positioning.,NGN 116900.00,Sales,false,Bicon,BICON,0.00,0.00,0.00,0.00,cm,kg,,,,,,,,goods,2,,,Active,pcs,Pieces,320-140-021,,,,,NGN 74142.68,Cost of Goods Sold,,Inventory Asset,fifo,false,1.00,BICON,12.00,NGN 85936.07,14.00,false,Inventory,true,true,true,140-Permanent Abutments,320-Implantology,Pieces,,Published,Bicon Permanent,Well,2.5MM,Size,5.0X6.5MM,Degree,0°,320-122-008
5583220000001300243,2025-06-24 09:34:37,2026-01-29 17:06:13,5.0X6.5MM 15* 2.5MM WELL,Bicon dental abutments utilize a screwless 1.5-degree locking taper connection for a secure bacterial seal and 360-degree universal positioning.,NGN 116900.00,Sales,false,Bicon,BICON,0.00,0.00,0.00,0.00,cm,kg,,,,,,,,goods,2,,,Active,pcs,Pieces,320-140-023,,,,,NGN 73710.31,Cost of Goods Sold,,Inventory Asset,fifo,false,1.00,BICON,12.00,NGN 85936.06,12.00,false,Inventory,true,true,true,140-Permanent Abutments,320-Implantology,Pieces,,Published,Bicon Permanent,Well,2.5MM,Size,5.0X6.5MM,Degree,15°,320-122-009
5583220000001300716,2025-06-24 09:34:37,2026-01-29 17:05:47,4.0X6.5MM 25* 2.5MM WELL,Bicon dental abutments utilize a screwless 1.5-degree locking taper connection for a secure bacterial seal and 360-degree universal positioning.,NGN 149850.00,Sales,false,Bicon,BICON,0.00,0.00,0.00,0.00,,,,,,,,,,goods,2,,,Active,pcs,Pieces,320-140-012,,,,,NGN 107494.20,Cost of Goods Sold,,Inventory Asset,fifo,false,1.00,BICON,3.00,NGN 103468.82,5.00,false,Inventory,true,true,true,140-Permanent Abutments,320-Implantology,Pieces,,Published,Bicon Permanent,Well,2.5MM,Size,4.0X6.5MM,Degree,25°,320-122-010
5583220000001301189,2025-06-24 09:34:37,2026-01-29 17:05:34,4.0X6.5MM 0* 2MM WELL,Bicon dental abutments utilize a screwless 1.5-degree locking taper connection for a secure bacterial seal and 360-degree universal positioning.,NGN 116900.00,Sales,false,Bicon,BICON,0.00,0.00,0.00,0.00,,,,,,,,,,goods,2,,,Active,pcs,Pieces,320-140-007,,,,,NGN 74495.89,Cost of Goods Sold,,Inventory Asset,fifo,false,1.00,BICON,3.00,NGN 78944.86,3.00,false,Inventory,true,true,true,140-Permanent Abutments,320-Implantology,Pieces,,Published,Bicon Permanent,Well,2MM,Size,4.0X6.5MM,Degree,0°,320-122-011
5583220000001301662,2025-06-24 09:34:38,2026-01-29 17:05:41,4.0X6.5MM 15* 2MM WELL,Bicon dental abutments utilize a screwless 1.5-degree locking taper connection for a secure bacterial seal and 360-degree universal positioning.,NGN 116900.00,Sales,false,Bicon,BICON,0.00,0.00,0.00,0.00,,,,,,,,,,goods,2,,,Active,pcs,Pieces,320-140-010,,,,,NGN 74495.89,Cost of Goods Sold,,Inventory Asset,fifo,false,1.00,BICON,3.00,NGN 54534.67,4.00,false,Inventory,true,true,true,140-Permanent Abutments,320-Implantology,Pieces,,Published,Bicon Permanent,Well,2MM,Size,4.0X6.5MM,Degree,15°,320-122-012
5583220000001302135,2025-06-24 09:34:38,2026-01-29 17:05:19,4.0X10.0MM 0* 2MM WELL,Bicon dental abutments utilize a screwless 1.5-degree locking taper connection for a secure bacterial seal and 360-degree universal positioning.,NGN 116900.00,Sales,false,Bicon,BICON,0.00,0.00,0.00,0.00,,,,,,,,,,goods,2,,,Active,pcs,Pieces,320-140-001,,,,,NGN 79727.44,Cost of Goods Sold,,Inventory Asset,fifo,false,1.00,BICON,3.00,NGN 54534.67,3.00,false,Inventory,true,true,true,140-Permanent Abutments,320-Implantology,Pieces,,Published,Bicon Permanent,Well,2MM,Size,4.0X10.0MM,Degree,0°,320-122-013
5583220000001302608,2025-06-24 09:34:39,2026-01-29 17:05:22,4.0X10.0MM 15* 2MM WELL,Bicon dental abutments utilize a screwless 1.5-degree locking taper connection for a secure bacterial seal and 360-degree universal positioning.,NGN 116900.00,Sales,false,Bicon,BICON,0.00,0.00,0.00,0.00,cm,kg,,,,,,,,goods,2,,,Active,pcs,Pieces,320-140-002,,,,,NGN 61876.95,Cost of Goods Sold,,Inventory Asset,fifo,false,1.00,BICON,4.00,NGN 61876.95,3.00,false,Inventory,true,true,true,140-Permanent Abutments,320-Implantology,Pieces,,Published,Bicon Permanent,Well,2MM,Size,4.0X10.0MM,Degree,15°,320-122-014
5583220000001303081,2025-06-24 09:34:39,2026-01-29 17:05:36,4.0X6.5MM 0* 3MM WELL,Bicon dental abutments utilize a screwless 1.5-degree locking taper connection for a secure bacterial seal and 360-degree universal positioning.,NGN 116900.00,Sales,false,Bicon,BICON,0.00,0.00,0.00,0.00,cm,kg,,,,,,,,goods,2,,,Active,pcs,Pieces,320-140-008,,,,,NGN 76009.40,Cost of Goods Sold,,Inventory Asset,fifo,false,1.00,BICON,19.00,NGN 75904.24,10.00,false,Inventory,true,true,true,140-Permanent Abutments,320-Implantology,Pieces,,Published,Bicon Permanent,Well,3MM,Size,4.0X6.5MM,Degree,0°,320-122-015
5583220000001303554,2025-06-24 09:34:39,2026-01-29 17:05:45,4.0X6.5MM 15* 3MM WELL,Bicon dental abutments utilize a screwless 1.5-degree locking taper connection for a secure bacterial seal and 360-degree universal positioning.,NGN 116900.00,Sales,false,Bicon,BICON,0.00,0.00,0.00,0.00,cm,kg,,,,,,,,goods,2,,,Active,pcs,Pieces,320-140-011,,,,,NGN 73710.31,Cost of Goods Sold,,Inventory Asset,fifo,false,1.00,BICON,13.00,NGN 73569.40,11.00,false,Inventory,true,true,true,140-Permanent Abutments,320-Implantology,Pieces,,Published,Bicon Permanent,Well,3MM,Size,4.0X6.5MM,Degree,15°,320-122-016
5583220000001304027,2025-06-24 09:34:40,2026-01-29 17:05:27,4.0X10MM 0* 3MM WELL,Bicon dental abutments utilize a screwless 1.5-degree locking taper connection for a secure bacterial seal and 360-degree universal positioning.,NGN 116900.00,Sales,false,Bicon,BICON,0.00,0.00,0.00,0.00,cm,kg,,,,,,,,goods,2,,,Active,pcs,Pieces,320-140-004,,,,,NGN 73710.31,Cost of Goods Sold,,Inventory Asset,fifo,false,1.00,BICON,10.00,NGN 63052.12,13.00,false,Inventory,true,true,true,140-Permanent Abutments,320-Implantology,Pieces,,Published,Bicon Permanent,Well,3MM,Size,4.0X10MM,Degree,0°,320-122-017
5583220000001304500,2025-06-24 09:34:40,2026-01-29 17:05:32,4.0X10MM 15* 3MM WELL,Bicon dental abutments utilize a screwless 1.5-degree locking taper connection for a secure bacterial seal and 360-degree universal positioning.,NGN 116900.00,Sales,false,Bicon,BICON,0.00,0.00,0.00,0.00,cm,kg,,,,,,,,goods,2,,,Active,pcs,Pieces,320-140-006,,,,,NGN 73710.31,Cost of Goods Sold,,Inventory Asset,fifo,false,1.00,BICON,8.00,NGN 53859.97,12.00,false,Inventory,true,true,true,140-Permanent Abutments,320-Implantology,Pieces,,Published,Bicon Permanent,Well,3MM,Size,4.0X10MM,Degree,15°,320-122-018
5583220000001304973,2025-06-24 09:34:41,2026-01-29 17:05:51,5.0X10MM 0* 3MM WELL,Bicon dental abutments utilize a screwless 1.5-degree locking taper connection for a secure bacterial seal and 360-degree universal positioning.,NGN 116900.00,Sales,false,Bicon,BICON,0.00,0.00,0.00,0.00,,,,,,,,,,goods,2,,,Active,pcs,Pieces,320-140-014,,,,,NGN 73600.21,Cost of Goods Sold,,Inventory Asset,fifo,false,1.00,BICON,10.00,NGN 67047.82,8.00,false,Inventory,true,true,true,140-Permanent Abutments,320-Implantology,Pieces,,Published,Bicon Permanent,Well,3MM,Size,5.0X10MM,Degree,0°,320-122-019
5583220000001305446,2025-06-24 09:34:41,2026-01-29 17:05:56,5.0X10MM 15* 3MM WELL,Bicon dental abutments utilize a screwless 1.5-degree locking taper connection for a secure bacterial seal and 360-degree universal positioning.,NGN 116900.00,Sales,false,Bicon,BICON,0.00,0.00,0.00,0.00,cm,kg,,,,,,,,goods,2,,,Active,pcs,Pieces,320-140-016,,,,,NGN 71988.55,Cost of Goods Sold,,Inventory Asset,fifo,false,1.00,BICON,6.00,NGN 56829.61,4.00,false,Inventory,true,true,true,140-Permanent Abutments,320-Implantology,Pieces,,Published,Bicon Permanent,Well,3MM,Size,5.0X10MM,Degree,15°,320-122-020
5583220000001305919,2025-06-24 09:34:42,2026-01-29 17:05:58,5.0X12MM 0* 3MM WELL,Bicon dental abutments utilize a screwless 1.5-degree locking taper connection for a secure bacterial seal and 360-degree universal positioning.,NGN 116900.00,Sales,false,Bicon,BICON,0.00,0.00,0.00,0.00,,,,,,,,,,goods,2,,,Active,pcs,Pieces,320-140-017,,,,,NGN 73710.31,Cost of Goods Sold,,Inventory Asset,fifo,false,1.00,BICON,5.00,NGN 57287.89,6.00,false,Inventory,true,true,true,140-Permanent Abutments,320-Implantology,Pieces,,Published,Bicon Permanent,Well,3MM,Size,5.0X12MM,Degree,0°,320-122-021
5583220000001306392,2025-06-24 09:34:42,2026-01-29 17:06:00,5.0X12MM 15* 3MM WELL,Bicon dental abutments utilize a screwless 1.5-degree locking taper connection for a secure bacterial seal and 360-degree universal positioning.,NGN 116900.00,Sales,false,Bicon,BICON,0.00,0.00,0.00,0.00,,,,,,,,,,goods,2,,,Active,pcs,Pieces,320-140-018,,,,,NGN 73710.31,Cost of Goods Sold,,Inventory Asset,fifo,false,1.00,BICON,5.00,NGN 56289.86,5.00,false,Inventory,true,true,true,140-Permanent Abutments,320-Implantology,Pieces,,Published,Bicon Permanent,Well,3MM,Size,5.0X12MM,Degree,15°,320-122-022
5583220000001306865,2025-06-24 09:34:42,2026-01-29 17:06:03,5.0X5.0MM 0* 3MM WELL,Bicon dental abutments utilize a screwless 1.5-degree locking taper connection for a secure bacterial seal and 360-degree universal positioning.,NGN 116900.00,Sales,false,Bicon,BICON,0.00,0.00,0.00,0.00,,,,,,,,,,goods,2,,,Active,pcs,Pieces,320-140-019,,,,,NGN 73710.31,Cost of Goods Sold,,Inventory Asset,fifo,false,1.00,BICON,14.00,NGN 85421.47,7.00,false,Inventory,true,true,true,140-Permanent Abutments,320-Implantology,Pieces,,Published,Bicon Permanent,Well,3MM,Size,5.0X5.0MM,Degree,0°,320-122-023
5583220000001307338,2025-06-24 09:34:43,2026-01-29 17:06:06,5.0X5.0MM 15* 3MM WELL,Bicon dental abutments utilize a screwless 1.5-degree locking taper connection for a secure bacterial seal and 360-degree universal positioning.,NGN 116900.00,Sales,false,Bicon,BICON,0.00,0.00,0.00,0.00,,,,,,,,,,goods,2,,,Active,pcs,Pieces,320-140-020,,,,,NGN 75983.69,Cost of Goods Sold,,Inventory Asset,fifo,false,1.00,BICON,9.00,NGN 82434.86,10.00,false,Inventory,true,true,true,140-Permanent Abutments,320-Implantology,Pieces,,Published,Bicon Permanent,Well,3MM,Size,5.0X5.0MM,Degree,15°,320-122-024
5583220000001307811,2025-06-24 09:34:43,2026-01-29 17:06:10,5.0X6.5MM 0* 3MM WELL,Bicon dental abutments utilize a screwless 1.5-degree locking taper connection for a secure bacterial seal and 360-degree universal positioning.,NGN 116900.00,Sales,false,Bicon,BICON,0.00,0.00,0.00,0.00,cm,kg,,,,,,,,goods,2,,,Active,pcs,Pieces,320-140-022,,,,,NGN 73710.31,Cost of Goods Sold,,Inventory Asset,fifo,false,1.00,BICON,12.00,NGN 85929.15,5.00,false,Inventory,true,true,true,140-Permanent Abutments,320-Implantology,Pieces,,Published,Bicon Permanent,Well,3MM,Size,5.0X6.5MM,Degree,0°,320-122-025
5583220000001308284,2025-06-24 09:34:44,2026-01-29 17:06:15,5.0X6.5MM 15* 3MM WELL,Bicon dental abutments utilize a screwless 1.5-degree locking taper connection for a secure bacterial seal and 360-degree universal positioning.,NGN 116900.00,Sales,false,Bicon,BICON,0.00,0.00,0.00,0.00,cm,kg,,,,,,,,goods,2,,,Active,pcs,Pieces,320-140-024,,,,,NGN 73710.31,Cost of Goods Sold,,Inventory Asset,fifo,false,1.00,BICON,10.00,NGN 85788.66,9.00,false,Inventory,true,true,true,140-Permanent Abutments,320-Implantology,Pieces,,Published,Bicon Permanent,Well,3MM,Size,5.0X6.5MM,Degree,15°,320-122-026
5583220000001308757,2025-06-24 09:34:44,2026-01-29 17:06:22,5.0X6.5MM 25* 3MM WELL,Bicon dental abutments utilize a screwless 1.5-degree locking taper connection for a secure bacterial seal and 360-degree universal positioning.,NGN 149850.00,Sales,false,Bicon,BICON,0.00,0.00,0.00,0.00,cm,kg,,,,,,,,goods,2,,,Active,pcs,Pieces,320-140-026,,,,,NGN 107494.20,Cost of Goods Sold,,Inventory Asset,fifo,false,1.00,BICON,3.00,NGN 111536.25,2.00,false,Inventory,true,true,true,140-Permanent Abutments,320-Implantology,Pieces,,Published,Bicon Permanent,Well,3MM,Size,5.0X6.5MM,Degree,25°,320-122-027
5583220000001309230,2025-06-24 09:34:45,2026-01-29 17:06:24,6.5X5.0MM 0* 3MM WELL,Bicon dental abutments utilize a screwless 1.5-degree locking taper connection for a secure bacterial seal and 360-degree universal positioning.,NGN 116900.00,Sales,false,Bicon,BICON,0.00,0.00,0.00,0.00,,,,,,,,,,goods,2,,,Active,pcs,Pieces,320-140-027,,,,,NGN 61815.07685,Cost of Goods Sold,,Inventory Asset,fifo,false,1.00,BICON,16.00,NGN 83450.35,0.00,false,Inventory,true,true,true,140-Permanent Abutments,320-Implantology,Pieces,,Published,Bicon Permanent,Well,3MM,Size,6.5X5.0MM,Degree,0°,320-122-028
5583220000001309703,2025-06-24 09:34:45,2026-01-29 17:06:26,6.5X5.0MM 15* 3MM WELL,Bicon dental abutments utilize a screwless 1.5-degree locking taper connection for a secure bacterial seal and 360-degree universal positioning.,NGN 116900.00,Sales,false,Bicon,BICON,0.00,0.00,0.00,0.00,,,,,,,,,,goods,2,,,Active,pcs,Pieces,320-140-028,,,,,NGN 62789.2101,Cost of Goods Sold,,Inventory Asset,fifo,false,1.00,BICON,11.00,NGN 84765.43,8.00,false,Inventory,true,true,true,140-Permanent Abutments,320-Implantology,Pieces,,Published,Bicon Permanent,Well,3MM,Size,6.5X5.0MM,Degree,15°,320-122-029
5583220000001310176,2025-06-24 09:34:46,2026-01-29 17:06:28,6.5X6.5MM 0* 3MM WELL,Bicon dental abutments utilize a screwless 1.5-degree locking taper connection for a secure bacterial seal and 360-degree universal positioning.,NGN 116900.00,Sales,false,Bicon,BICON,0.00,0.00,0.00,0.00,,,,,,,,,,goods,2,,,Active,pcs,Pieces,320-140-029,,,,,NGN 63279.5537,Cost of Goods Sold,,Inventory Asset,fifo,false,1.00,BICON,4.00,NGN 85427.40,9.00,false,Inventory,true,true,true,140-Permanent Abutments,320-Implantology,Pieces,,Published,Bicon Permanent,Well,3MM,Size,6.5X6.5MM,Degree,0°,320-122-030
5583220000001310649,2025-06-24 09:34:46,2026-01-29 17:06:31,6.5X6.5MM 15* 3MM WELL,Bicon dental abutments utilize a screwless 1.5-degree locking taper connection for a secure bacterial seal and 360-degree universal positioning.,NGN 116900.00,Sales,false,Bicon,BICON,0.00,0.00,0.00,0.00,,,,,,,,,,goods,2,,,Active,pcs,Pieces,320-140-030,,,,,NGN 63279.54815,Cost of Goods Sold,,Inventory Asset,fifo,false,1.00,BICON,4.00,NGN 85427.39,6.00,false,Inventory,true,true,true,140-Permanent Abutments,320-Implantology,Pieces,,Published,Bicon Permanent,Well,3MM,Size,6.5X6.5MM,Degree,15°,320-122-031
5583220000001311122,2025-06-24 09:34:47,2026-01-29 17:06:34,7.5X8.0MM 0* 3MM WELL,Bicon dental abutments utilize a screwless 1.5-degree locking taper connection for a secure bacterial seal and 360-degree universal positioning.,NGN 116900.00,Sales,false,Bicon,BICON,0.00,0.00,0.00,0.00,,,,,,,,,,goods,2,,,Active,pcs,Pieces,320-140-031,,,,,NGN 55672.20,Cost of Goods Sold,,Inventory Asset,fifo,false,1.00,BICON,3.00,NGN 75157.47,3.00,false,Inventory,true,true,true,140-Permanent Abutments,320-Implantology,Pieces,,Published,Bicon Permanent,Well,3MM,Size,7.5X8.0MM,Degree,0°,320-122-032
5583220000001311595,2025-06-24 09:34:48,2026-01-29 17:06:36,7.5X8.0MM 15* 3MM WELL,Bicon dental abutments utilize a screwless 1.5-degree locking taper connection for a secure bacterial seal and 360-degree universal positioning.,NGN 116900.00,Sales,false,Bicon,BICON,0.00,0.00,0.00,0.00,,,,,,,,,,goods,2,,,Active,pcs,Pieces,320-140-032,,,,,NGN 27990.33333,Cost of Goods Sold,,Inventory Asset,fifo,false,1.00,BICON,3.00,NGN 37786.95,3.00,false,Inventory,true,true,true,140-Permanent Abutments,320-Implantology,Pieces,,Published,Bicon Permanent,Well,3MM,Size,7.5X8.0MM,Degree,15°,320-122-033
5583220000001312068,2025-06-24 09:34:48,2026-01-29 08:56:52,FILPIN-0.6MM (BLUE),,NGN 40000.00,Sales,false,Filhol Dental,FILHOL DENTAL,0.00,0.00,0.00,0.00,cm,kg,,,,,,,,goods,2,,,Active,Pack(s),,520-200-001,,,,,NGN 14169.62,Cost of Goods Sold,,Inventory Asset,fifo,false,1.00,,3.00,NGN 14169.62,3.00,false,Inventory,true,true,true,200-Pins & Posts,520-Restorative,Pieces,,,,,,,,,,
5583220000001312541,2025-06-24 09:34:48,2026-01-29 08:56:51,FILPIN-0.76MM (GREEN),,NGN 40000.00,Sales,false,,,0.00,0.00,0.00,0.00,cm,kg,,,,,,,,goods,2,,,Active,pcs,Pieces,520-200-002,,,,,NGN 14169.62,Cost of Goods Sold,,Inventory Asset,fifo,false,1.00,,5.00,NGN 14169.62,5.00,false,Inventory,true,true,true,200-Pins & Posts,520-Restorative,Pieces,,,,,,,,,,
5583220000001313014,2025-06-24 09:34:49,2026-01-29 08:56:51,FILPIN-DRILLL KIT BLUE,,NGN 25000.00,Sales,false,Filhol Dental,FILHOL DENTAL,0.00,0.00,0.00,0.00,cm,kg,,,,,,,,goods,2,,,Active,Pack(s),,520-200-003,,,,,NGN 4255.62,Cost of Goods Sold,,Inventory Asset,fifo,false,1.00,,7.00,NGN 4190.43,4.00,false,Inventory,true,true,true,200-Pins & Posts,520-Restorative,Pieces,,,,,,,,,,
5583220000001313487,2025-06-24 09:34:49,2026-01-29 08:56:51,FILPIN-DRILLL KIT GREEN,,NGN 25000.00,Sales,false,Filhol Dental,FILHOL DENTAL,0.00,0.00,0.00,0.00,cm,kg,,,,,,,,goods,2,,,Active,Pack(s),,520-200-004,,,,,NGN 4217.98,Cost of Goods Sold,,Inventory Asset,fifo,false,1.00,,10.00,NGN 4217.98,10.00,false,Inventory,true,true,true,200-Pins & Posts,520-Restorative,Pieces,,,,,,,,,,
5583220000001313960,2025-06-24 09:34:50,2026-01-29 08:56:50,PARA POST XP-SS12 (EP7444)-#4,,NGN 47127.74,Sales,false,,,0.00,0.00,0.00,0.00,,,,,,,,,,goods,2,,,Active,pcs,Pieces,520-200-008,,,,,NGN 34909.43704,Cost of Goods Sold,,Inventory Asset,fifo,false,1.00,,3.00,NGN 47127.74,2.00,false,Inventory,true,true,true,200-Pins & Posts,520-Restorative,Pieces,,,,,,,,,,
5583220000001314433,2025-06-24 09:34:50,2026-01-29 08:56:50,SCREW POSTS-CROSS KEY-PD,,NGN 10848.00,Sales,false,,,0.00,0.00,0.00,0.00,,,,,,,,,,goods,2,,,Active,pcs,Pieces,520-200-010,,,,,NGN 8035.555556,Cost of Goods Sold,,Inventory Asset,fifo,false,1.00,,12.00,NGN 10848.00,12.00,false,Inventory,true,true,true,200-Pins & Posts,520-Restorative,Pieces,,,,,,,,,,
5583220000001314906,2025-06-24 09:34:50,2026-01-29 08:56:49,SCREW POSTS-PD,,NGN 24272.68333,Sales,false,,,0.00,0.00,0.00,0.00,,,,,,,,,,goods,2,,,Active,pcs,Pieces,520-200-012,,,,,NGN 17979.76543,Cost of Goods Sold,,Inventory Asset,fifo,false,1.00,,3.00,NGN 24272.68,3.00,false,Inventory,true,true,true,200-Pins & Posts,520-Restorative,Pieces,,,,,,,,,,
5583220000001315379,2025-06-24 09:34:51,2026-01-29 08:56:49,SCREW POSTS-SOCKET WRENCH -PD,,NGN 10848.00,Sales,false,,,0.00,0.00,0.00,0.00,,,,,,,,,,goods,2,,,Active,pcs,Pieces,520-200-013,,,,,NGN 8035.555556,Cost of Goods Sold,,Inventory Asset,fifo,false,1.00,,12.00,NGN 10848.00,12.00,false,Inventory,true,true,true,200-Pins & Posts,520-Restorative,Pieces,,,,,,,,,,
5583220000001315852,2025-06-24 09:34:51,2026-01-29 08:56:50,PARA POST(EP7445)-SIZE 5,,NGN 13962.4625,Sales,false,,,0.00,0.00,0.00,0.00,,,,,,,,,,goods,2,,,Active,pcs,Pieces,520-200-009,,,,,NGN 10342.56481,Cost of Goods Sold,,Inventory Asset,fifo,false,1.00,,4.00,NGN 13962.46,4.00,false,Inventory,true,true,true,200-Pins & Posts,520-Restorative,Pieces,,,,,,,,,,
5583220000001316325,2025-06-24 09:34:52,2026-01-29 08:56:51,FILPOST STARTER PACK 2 X 6 POS,,NGN 62360.00,Sales,false,Filhol Dental,FILHOL DENTAL,0.00,0.00,0.00,0.00,cm,kg,,,,,,,,goods,2,,,Active,Pack(s),,520-200-006,,,,,NGN 43964.69,Cost of Goods Sold,,Inventory Asset,fifo,false,1.00,,1.00,NGN 43964.69,1.00,false,Inventory,true,true,true,200-Pins & Posts,520-Restorative,Pieces,,,,,,,,,,
5583220000001316798,2025-06-24 09:34:52,2026-01-26 12:48:01,FILPOST-1.3MMX17.5MM -RED (PEARSON),,NGN 336700.00,Sales,false,Filhol Dental,FILHOL DENTAL,0.00,0.00,0.00,0.00,cm,kg,,,,,,,,goods,2,,,Inactive,Pack(s),,null,,,,,NGN 248797.34,Cost of Goods Sold,,Inventory Asset,fifo,false,1.00,,5.00,NGN 225336.40,5.00,false,Inventory,true,true,true,,,Pieces,,,,,,,,,,
5583220000001317271,2025-06-24 09:34:53,2026-01-29 08:56:50,PIN BENDER FOR FILPIN,,NGN 60500.00,Sales,false,,,0.00,0.00,0.00,0.00,,,,,,,,,,goods,2,,,Active,pcs,Pieces,520-200-011,,,,,NGN 31517.60741,Cost of Goods Sold,,Inventory Asset,fifo,false,1.00,,1.00,NGN 42548.77,1.00,false,Inventory,true,true,true,200-Pins & Posts,520-Restorative,Pieces,,,,,,,,,,
5583220000001317744,2025-06-24 09:34:53,2026-01-29 08:56:50,FILPOST-1.65MM X 22MM -BLUE (PEAROSN),,NGN 336700.00,Sales,false,Filhol Dental,FILHOL DENTAL,0.00,0.00,0.00,0.00,cm,kg,,,,,,,,goods,2,,,Active,Pack(s),,520-200-007,,,,,NGN 248794.34,Cost of Goods Sold,,Inventory Asset,fifo,false,1.00,,4.00,NGN 206348.64,7.00,false,Inventory,true,true,true,200-Pins & Posts,520-Restorative,Pieces,,,,,,,,,,
5583220000001318217,2025-06-24 09:34:53,2026-01-29 17:01:00,GENERATOR CPU PCB-10009814,,NGN 137234.33,Sales,false,,,0.00,0.00,0.00,0.00,,,,,,,,,,goods,2,,,Active,pcs,Pieces,280-110-073,,,,,NGN 101655.0593,Cost of Goods Sold,,Inventory Asset,fifo,false,1.00,,1.00,NGN 137234.33,1.00,false,Inventory,true,true,true,110-Dental Units & Accessories,280-Equipment,Pieces,,,,,,,,,,
5583220000001318690,2025-06-24 09:34:54,2026-01-29 17:25:54,PLAK SMACKER STICKERS,,NGN 276.64,Sales,false,,,0.00,0.00,0.00,0.00,,,,,,,,,,goods,2,,,Active,pcs,Pieces,440-120-003,,,,,NGN 204.918519,Cost of Goods Sold,,Inventory Asset,fifo,false,1.00,,1.00,NGN 276.64,1.00,false,Inventory,true,true,true,120-Children,440-Patient Giveaways,Pieces,,,,,,,,,,
5583220000001319163,2025-06-24 09:34:54,2026-01-29 17:25:56,TOY CHEST,,NGN 13700.00,Sales,false,,,0.00,0.00,0.00,0.00,,,,,,,,,,goods,2,,,Active,pcs,Pieces,440-120-004,,,,,NGN 54200.55556,Cost of Goods Sold,,Inventory Asset,fifo,false,1.00,,1.00,NGN 73170.75,1.00,false,Inventory,true,true,true,120-Children,440-Patient Giveaways,Pieces,,,,,,,,,,
5583220000001319636,2025-06-24 09:34:55,2026-01-29 17:25:58,TOY CHEST REFILL 200PK,,NGN 85000.00,Sales,false,,,0.00,0.00,0.00,0.00,,,,,,,,,,goods,2,,,Active,pcs,Pieces,440-120-005,,,,,NGN 46566.51111,Cost of Goods Sold,,Inventory Asset,fifo,false,1.00,,2.00,NGN 62864.79,2.00,false,Inventory,true,true,true,120-Children,440-Patient Giveaways,Pieces,,,,,,,,,,
5583220000001320109,2025-06-24 09:34:55,2026-01-29 17:04:08,CASTOR WHEELS - 50MM,,NGN 4200.00,Sales,false,,,0.00,0.00,0.00,0.00,cm,kg,,,,,,,,goods,2,,,Active,pcs,Pieces,300-120-001,,,,,NGN 670.00,Cost of Goods Sold,,Inventory Asset,fifo,false,1.00,,14.00,NGN 670.00,14.00,false,Inventory,true,true,true,120-Office Furniture,300-Furniture,Pieces,,,,,,,,,,
5583220000001320582,2025-06-24 09:34:55,2026-01-29 17:23:49,YEARLY LABEL 2012,,NGN 5200.00,Sales,false,,,0.00,0.00,0.00,0.00,,,,,,,,,,goods,2,,,Active,pcs,Pieces,400-130-001,,,,,NGN 482.962963,Cost of Goods Sold,,Inventory Asset,fifo,false,1.00,,2.00,NGN 652.00,2.00,false,Inventory,true,true,true,130-Stationery,400-Office Products,Pieces,,,,,,,,,,
5583220000001321055,2025-06-24 09:34:56,2026-01-29 08:58:09,LEAFLET DISPENSER-3 TIER 1/3 A,,NGN 1912.015,Sales,false,,,0.00,0.00,0.00,0.00,,,,,,,,,,goods,2,,,Active,pcs,Pieces,400-140-004,,,,,NGN 1416.307407,Cost of Goods Sold,,Inventory Asset,fifo,false,1.00,,2.00,NGN 1912.02,2.00,false,Inventory,true,true,true,140-Storage & Organization,400-Office Products,Pieces,,,,,,,,,,
5583220000001321528,2025-06-24 09:34:56,2026-01-29 17:23:51,YEARLY LABEL 2014,,NGN 6400.00,Sales,false,,,0.00,0.00,0.00,0.00,,,,,,,,,,goods,2,,,Active,pcs,Pieces,400-130-002,,,,,NGN 1922.478519,Cost of Goods Sold,,Inventory Asset,fifo,false,1.00,,5.00,NGN 2595.35,5.00,false,Inventory,true,true,true,130-Stationery,400-Office Products,Pieces,,,,,,,,,,
5583220000001322001,2025-06-24 09:34:57,2026-01-29 17:25:49,EXCELLENT TOYS REFILL (144),,NGN 13020.14,Sales,false,,,0.00,0.00,0.00,0.00,,,,,,,,,,goods,2,,,Active,pcs,Pieces,440-120-002,,,,,NGN 9644.548148,Cost of Goods Sold,,Inventory Asset,fifo,false,1.00,,1.00,NGN 13020.14,1.00,false,Inventory,true,true,true,120-Children,440-Patient Giveaways,Pieces,,,,,,,,,,
5583220000001322474,2025-06-24 09:34:57,2026-01-29 17:23:53,YEARLY LABEL 2015,,NGN 6400.00,Sales,false,,,0.00,0.00,0.00,0.00,,,,,,,,,,goods,2,,,Active,pcs,Pieces,400-130-003,,,,,NGN 1959.928395,Cost of Goods Sold,,Inventory Asset,fifo,false,1.00,,6.00,NGN 2645.90,6.00,false,Inventory,true,true,true,130-Stationery,400-Office Products,Pieces,,,,,,,,,,
5583220000001322947,2025-06-24 09:34:58,2026-01-29 17:23:57,YEARLY LABEL 2016,,NGN 6400.00,Sales,false,,,0.00,0.00,0.00,0.00,,,,,,,,,,goods,2,,,Active,pcs,Pieces,400-130-004,,,,,NGN 5020.997884,Cost of Goods Sold,,Inventory Asset,fifo,false,1.00,,7.00,NGN 6778.35,7.00,false,Inventory,true,true,true,130-Stationery,400-Office Products,Pieces,,,,,,,,,,
5583220000001323420,2025-06-24 09:34:58,2026-01-29 08:58:09,REXEL BUDGET POCKET,,NGN 3051.111111,Sales,false,,,0.00,0.00,0.00,0.00,,,,,,,,,,goods,2,,,Active,pcs,Pieces,400-140-005,,,,,NGN 2260.082305,Cost of Goods Sold,,Inventory Asset,fifo,false,1.00,,9.00,NGN 3051.11,9.00,false,Inventory,true,true,true,140-Storage & Organization,400-Office Products,Pieces,,,,,,,,,,
5583220000001323893,2025-06-24 09:34:58,2026-01-29 17:24:01,YEARLY LABEL 2018,,NGN 6400.00,Sales,false,,,0.00,0.00,0.00,0.00,,,,,,,,,,goods,2,,,Active,pcs,Pieces,400-130-006,,,,,NGN 4180.42963,Cost of Goods Sold,,Inventory Asset,fifo,false,1.00,,5.00,NGN 5643.58,5.00,false,Inventory,true,true,true,130-Stationery,400-Office Products,Pieces,,,,,,,,,,
5583220000001324366,2025-06-24 09:34:59,2026-01-29 17:24:03,YEARLY LABEL 2019,,NGN 10000.00,Sales,false,,,0.00,0.00,0.00,0.00,,,,,,,,,,goods,2,,,Active,pcs,Pieces,400-130-007,,,,,NGN 3033.288889,Cost of Goods Sold,,Inventory Asset,fifo,false,1.00,,2.00,NGN 4094.94,2.00,false,Inventory,true,true,true,130-Stationery,400-Office Products,Pieces,,,,,,,,,,
5583220000001324839,2025-06-24 09:34:59,2026-01-29 17:24:07,YEARLY LABEL 2020,,NGN 10000.00,Sales,false,,,0.00,0.00,0.00,0.00,cm,kg,,,,,,,,goods,2,,,Active,pcs,Pieces,400-130-008,,,,,NGN 3169.739506,Cost of Goods Sold,,Inventory Asset,fifo,false,1.00,,6.00,NGN 4279.15,6.00,false,Inventory,true,true,true,130-Stationery,400-Office Products,Pieces,,,,,,,,,,
5583220000001325312,2025-06-24 09:35:00,2026-01-29 17:24:09,YEARLY LABEL 2021,,NGN 26000.00,Sales,false,,,0.00,0.00,0.00,0.00,,,,,,,,,,goods,2,,,Active,pcs,Pieces,400-130-009,,,,,NGN 7505.086111,Cost of Goods Sold,,Inventory Asset,fifo,false,1.00,,8.00,NGN 10131.87,8.00,false,Inventory,true,true,true,130-Stationery,400-Office Products,Pieces,,,,,,,,,,
5583220000001325785,2025-06-24 09:35:01,2026-01-29 17:24:11,YEARLY LABEL 2022,,NGN 26000.00,Sales,false,,,0.00,0.00,0.00,0.00,,,,,,,,,,goods,2,,,Active,pcs,Pieces,400-130-010,,,,,NGN 5539.164815,Cost of Goods Sold,,Inventory Asset,fifo,false,1.00,,8.00,NGN 7477.87,8.00,false,Inventory,true,true,true,130-Stationery,400-Office Products,Pieces,,,,,,,,,,
5583220000001326258,2025-06-24 09:35:01,2026-01-29 17:24:13,YEARLY LABEL 2023,,NGN 26000.00,Sales,false,,,0.00,0.00,0.00,0.00,,,,,,,,,,goods,2,,,Active,pcs,Pieces,400-130-011,,,,,NGN 11369.72963,Cost of Goods Sold,,Inventory Asset,fifo,false,1.00,,6.00,NGN 15349.14,6.00,false,Inventory,true,true,true,130-Stationery,400-Office Products,Pieces,,,,,,,,,,
5583220000001326731,2025-06-24 09:35:01,2026-01-29 17:24:17,YEARLY LABEL 2024,,NGN 26000.00,Sales,false,,,0.00,0.00,0.00,0.00,cm,kg,,,,,,,,goods,2,,,Active,pcs,Pieces,400-130-012,,,,,NGN 11974.07407,Cost of Goods Sold,,Inventory Asset,fifo,false,1.00,,11.00,NGN 16165.00,11.00,false,Inventory,true,true,true,130-Stationery,400-Office Products,Pieces,,,,,,,,,,
5583220000001327204,2025-06-24 09:35:02,2026-01-29 17:10:56,TOOTH-SHAPED MIRROR WHITE,,NGN 19696.275,Sales,false,,,0.00,0.00,0.00,0.00,,,,,,,,,,goods,2,,,Active,pcs,Pieces,340-120-014,,,,,NGN 14589.83333,Cost of Goods Sold,,Inventory Asset,fifo,false,1.00,,2.00,NGN 19696.28,2.00,false,Inventory,true,true,true,120-Diagnostic Instruments,340-Instruments,Pieces,,,,,,,,,,
5583220000001327677,2025-06-24 09:35:03,2026-01-29 17:10:54,TOOTH-SHAPED MIRROR ORANGE,,NGN 18659.24333,Sales,false,,,0.00,0.00,0.00,0.00,,,,,,,,,,goods,2,,,Active,pcs,Pieces,340-120-013,,,,,NGN 13821.66173,Cost of Goods Sold,,Inventory Asset,fifo,false,1.00,,3.00,NGN 18659.24,3.00,false,Inventory,true,true,true,120-Diagnostic Instruments,340-Instruments,Pieces,,,,,,,,,,
5583220000001328150,2025-06-24 09:35:04,2026-01-29 17:10:49,TOOTH-SHAPED MIRROR BLUE,,NGN 19696.27,Sales,false,,,0.00,0.00,0.00,0.00,,,,,,,,,,goods,2,,,Active,pcs,Pieces,340-120-011,,,,,NGN 14589.82963,Cost of Goods Sold,,Inventory Asset,fifo,false,1.00,,2.00,NGN 19696.27,2.00,false,Inventory,true,true,true,120-Diagnostic Instruments,340-Instruments,Pieces,,,,,,,,,,
5583220000001328623,2025-06-24 09:35:05,2026-01-29 17:10:52,TOOTH-SHAPED MIRROR GREEN,,NGN 18659.24333,Sales,false,,,0.00,0.00,0.00,0.00,,,,,,,,,,goods,2,,,Active,pcs,Pieces,340-120-012,,,,,NGN 13821.66173,Cost of Goods Sold,,Inventory Asset,fifo,false,1.00,,3.00,NGN 18659.24,3.00,false,Inventory,true,true,true,120-Diagnostic Instruments,340-Instruments,Pieces,,,,,,,,,,
5583220000001329096,2025-06-24 09:35:06,2026-01-29 17:24:18,YEARLY LABEL 2025,,NGN 26000.00,Sales,false,,,0.00,0.00,0.00,0.00,cm,kg,,,,,,,,goods,2,,,Active,pcs,Pieces,400-130-013,,,,,NGN 11813.11111,Cost of Goods Sold,,Inventory Asset,fifo,false,1.00,,15.00,NGN 15947.70,0.00,false,Inventory,true,true,true,130-Stationery,400-Office Products,Pieces,,,,,,,,,,
5583220000001329569,2025-06-24 09:35:07,2026-01-29 17:23:59,YEARLY LABEL 2017,,NGN 6400.00,Sales,false,,,0.00,0.00,0.00,0.00,,,,,,,,,,goods,2,,,Active,pcs,Pieces,400-130-005,,,,,NGN 5418.518519,Cost of Goods Sold,,Inventory Asset,fifo,false,1.00,,6.00,NGN 7315.00,6.00,false,Inventory,true,true,true,130-Stationery,400-Office Products,Pieces,,,,,,,,,,
5583220000001330042,2025-06-24 09:35:08,2026-01-29 17:27:56,BREATH RX MOUTH RINSE,"Philips Sonicare BreathRx mouth rinse is a professional-strength, alcohol-free formula that destroys bad breath bacteria and neutralizes odors at the source.",NGN 11505.99,Sales,false,Philips,Philips Oral Healthcare,0.00,0.00,0.00,0.00,,,,,,,,,,goods,2,,,Active,pcs,Pieces,480-130-002,,,,,NGN 8522.95,Cost of Goods Sold,,Inventory Asset,fifo,false,1.00,,424.00,NGN 11505.99,0.00,false,Inventory,true,true,true,130-Mouthwashes,480-Preventive Products,Pieces,https://www.usa.philips.com,Queue for Upload,Philips Oral Hygiene,,,,,,,460-150-001
5583220000001330515,2025-06-24 09:35:09,2026-01-29 08:55:57,TEPE INTERDENTAL BRUSHES 0.4MM- PINK (10 X 8pcs),,NGN 83370.00,Sales,false,Tepe,TEPE,0.00,0.00,0.00,0.00,cm,kg,,,,,,,,goods,2,,,Active,Pack(s),,480-110-018,,,,,NGN 79983.00,Cost of Goods Sold,,Inventory Asset,fifo,false,1.00,,8.00,NGN 40249.24,8.00,false,Inventory,true,true,true,110-Floss & Interdental Aids,480-Preventive Products,Pieces,,,,,,,,,,
5583220000001330988,2025-06-24 09:35:10,2026-01-29 08:55:57,TEPE INTERDENTAL BRUSHES 0.45- ORANGE (10 X 8pcs),,NGN 83370.00,Sales,false,Tepe,TEPE,0.00,0.00,0.00,0.00,cm,kg,,,,,,,,goods,2,,,Active,Pack(s),,480-110-017,,,,,NGN 46199.82,Cost of Goods Sold,cm,Inventory Asset,fifo,false,1.00,,13.00,NGN 32650.46,9.00,false,Inventory,true,true,true,110-Floss & Interdental Aids,480-Preventive Products,Pieces,,,,,,,,,,
5583220000001331461,2025-06-24 09:35:11,2026-01-29 08:55:57,TEPE INTERDENTAL BRUSHES 0.5MM- RED (10 X 8pcs),,NGN 83370.00,Sales,false,Tepe,TEPE,0.00,0.00,0.00,0.00,cm,kg,,,,,,,,goods,2,,,Active,Pack(s),,480-110-019,,,,,NGN 79983.00,Cost of Goods Sold,,Inventory Asset,fifo,false,1.00,,5.00,NGN 46199.83,5.00,false,Inventory,true,true,true,110-Floss & Interdental Aids,480-Preventive Products,Pieces,,,,,,,,,,
5583220000001331934,2025-06-24 09:35:12,2026-01-29 08:55:57,TEPE INTERDENTAL BRUSHES 0.6MM- BLUE (10 X 8pcs),,NGN 83370.00,Sales,false,Tepe,TEPE,0.00,0.00,0.00,0.00,cm,kg,,,,,,,,goods,2,,,Active,Pack(s),,480-110-020,,,,,NGN 65794.85,Cost of Goods Sold,,Inventory Asset,fifo,false,1.00,,2.00,NGN 22342.40,5.00,false,Inventory,true,true,true,110-Floss & Interdental Aids,480-Preventive Products,Pieces,,,,,,,,,,
5583220000001333407,2025-06-24 09:35:13,2026-01-29 08:55:56,TEPE INTERDENTAL BRUSHES 0.7MM- YELLOW (10 X 8pcs),,NGN 83370.00,Sales,false,Tepe,TEPE,0.00,0.00,0.00,0.00,cm,kg,,,,,,,,goods,2,,,Active,Pack(s),,480-110-021,,,,,NGN 79983.00,Cost of Goods Sold,,Inventory Asset,fifo,false,1.00,,2.00,NGN 46199.83,4.00,false,Inventory,true,true,true,110-Floss & Interdental Aids,480-Preventive Products,Pieces,,,,,,,,,,
5583220000001333880,2025-06-24 09:35:15,2026-01-29 08:55:56,TEPE INTERDENTAL BRUSHES 0.8MM- GREEN (10 X 8pcs),,NGN 83370.00,Sales,false,Tepe,TEPE,0.00,0.00,0.00,0.00,cm,kg,,,,,,,,goods,2,,,Active,Pack(s),,480-110-022,,,,,NGN 17745.02,Cost of Goods Sold,,Inventory Asset,fifo,false,1.00,,6.00,NGN 18083.94,4.00,false,Inventory,true,true,true,110-Floss & Interdental Aids,480-Preventive Products,Pieces,,,,,,,,,,
5583220000001334353,2025-06-24 09:35:16,2026-01-30 13:42:16,LISTERINE COOLMINT FLOSS 5YRD,,NGN 1200.00,Sales,false,,,0.00,0.00,0.00,0.00,cm,kg,,,,,,,,goods,2,,,Active,pcs,Pieces,480-110-006,,,,,NGN 664.67,Cost of Goods Sold,,Inventory Asset,fifo,false,1.00,,810.00,NGN 664.67,1777.00,false,Inventory,true,true,true,110-Floss & Interdental Aids,480-Preventive Products,Pieces,,,,,,,,,,
5583220000001334826,2025-06-24 09:35:17,2026-01-29 08:51:02,BREATH RX WHITENING TOOTH PAST,,NGN 10423.59835,Sales,false,,,0.00,0.00,0.00,0.00,,,,,,,,,,goods,2,,,Active,pcs,Pieces,480-160-001,,,,,NGN 7721.183964,Cost of Goods Sold,,Inventory Asset,fifo,false,1.00,,370.00,NGN 10423.60,0.00,false,Inventory,true,true,true,160-Toothpastes,480-Preventive Products,Pieces,,,,,,,,,,
5583220000001335299,2025-06-24 09:35:18,2026-01-29 17:26:27,LISTERINE ULTRA CLEAN FLOSS,,NGN 174.545158,Sales,false,,,0.00,0.00,0.00,0.00,,,,,,,,,,goods,2,,,Active,pcs,Pieces,480-110-007,,,,,NGN 129.29271,Cost of Goods Sold,,Inventory Asset,fifo,false,1.00,,190.00,NGN 174.55,190.00,false,Inventory,true,true,true,110-Floss & Interdental Aids,480-Preventive Products,Pieces,,,,,,,,,,
5583220000001335772,2025-06-24 09:35:19,2026-01-29 08:55:54,ADULT POWER TOOTHBRUSH,,NGN 13300.00,Sales,false,Philips,,0.00,0.00,0.00,0.00,cm,kg,,,,,,,,goods,2,,,Active,pcs,Pieces,480-150-001,,,,,NGN 9782.99083,Cost of Goods Sold,,Inventory Asset,fifo,false,1.00,,25.00,NGN 7166.82,22.00,false,Inventory,true,true,true,150-Toothbrushes & Tongue Cleaners,480-Preventive Products,Pieces,https://www.usa.philips.com,,BreathRx,,,,,,,460-190-001
5583220000001336245,2025-06-24 09:35:20,2026-01-29 09:03:10,REACH TOTAL CARE TOOTHBRUSH,,NGN 3750.00,Sales,false,,,0.00,0.00,0.00,0.00,cm,kg,,,,,,,,goods,2,,,Active,pcs,Pieces,480-150-024,,,,,NGN 2997.75,Cost of Goods Sold,,Inventory Asset,fifo,false,1.00,,282.00,NGN 2516.49,674.00,false,Inventory,true,true,true,150-Toothbrushes & Tongue Cleaners,480-Preventive Products,Pieces,,,,,,,,,,
5583220000001336718,2025-06-24 09:35:21,2026-01-29 08:58:05,GLITTER RETAINER CASE,,NGN 1800.00,Sales,false,,,0.00,0.00,0.00,0.00,cm,kg,,,,,,,,goods,2,,,Active,pcs,Pieces,420-110-026,,,,,NGN 1322.94,Cost of Goods Sold,,Inventory Asset,fifo,false,1.00,,313.00,NGN 1020.15,435.00,false,Inventory,true,true,true,110-Accessories,420-Orthodontics,Pieces,,,,,,,,,,
5583220000001337191,2025-06-24 09:35:22,2026-01-29 17:18:05,DENTEK COMFORT CLEAN BACK,,NGN 900.00,Sales,false,,,0.00,0.00,0.00,0.00,cm,kg,,,,,,,,goods,2,,,Active,pcs,Pieces,360-120-001,,,,,NGN 629.58,Cost of Goods Sold,,Inventory Asset,fifo,false,1.00,,2.00,NGN 132.86,146.00,false,Inventory,true,true,true,120-Cleaning Chemicals,360-Janitorial Supplies,Pieces,,,,,,,,,,
5583220000001337664,2025-06-24 09:35:23,2026-01-29 09:03:09,BRUSHING TIMER (2-MINUTE),,NGN 1600.00,Sales,false,,,0.00,0.00,0.00,0.00,cm,kg,,,,,,,,goods,2,,,Active,pcs,Pieces,480-150-027,,,,,NGN 1147.704773,Cost of Goods Sold,,Inventory Asset,fifo,false,1.00,,68.00,NGN 1147.71,72.00,false,Inventory,true,true,true,150-Toothbrushes & Tongue Cleaners,480-Preventive Products,Pieces,,,,,,,,,,
5583220000001338137,2025-06-24 09:35:24,2026-01-29 08:51:03,REACH BARBIE TOOTHBRUSH,,NGN 2500.00,Sales,false,,,0.00,0.00,0.00,0.00,,,,,,,,,,goods,2,,,Active,pcs,Pieces,480-150-053,,,,,NGN 524.996296,Cost of Goods Sold,,Inventory Asset,fifo,false,1.00,,36.00,NGN 708.75,17.00,false,Inventory,true,true,true,150-Toothbrushes & Tongue Cleaners,480-Preventive Products,Pieces,,,,,,,,,,
5583220000001338610,2025-06-24 09:35:25,2026-01-29 08:53:12,CHG ORAL RINSE 0.12% (16oz),,NGN 21200.00,Sales,false,,,0.00,0.00,0.00,0.00,cm,kg,,,,,,,,goods,2,,,Active,Bottle(s),,480-130-001,,,,,NGN 14946.24,Cost of Goods Sold,cm,Inventory Asset,fifo,false,1.00,,19.00,NGN 14297.29,143.00,false,Inventory,true,true,true,130-Mouthwashes,480-Preventive Products,Pieces,,,,,,,,,,
5583220000001339083,2025-06-24 09:35:27,2026-01-29 09:03:09,CLUB CUTIE TIMER TOOTHBRUSH,,NGN 4750.00,Sales,false,,,0.00,0.00,0.00,0.00,cm,kg,,,,,,,,goods,2,,,Active,pcs,Pieces,480-150-029,,,,,NGN 1014.687778,Cost of Goods Sold,,Inventory Asset,fifo,false,1.00,,9.00,NGN 1014.69,9.00,false,Inventory,true,true,true,150-Toothbrushes & Tongue Cleaners,480-Preventive Products,Pieces,,,,,,,,,,
5583220000001339556,2025-06-24 09:35:28,2026-01-29 17:26:20,BREATH RX TONGUE SCRAPPER,"The Philips BreathRx Tongue Scraper is a slim, ergonomic tool designed to gently remove odor-causing bacteria and debris from the tongue's surface for improved oral hygiene.",NGN 20000.00,Sales,false,Philips,Philips Oral Healthcare,0.00,0.00,0.00,0.00,cm,kg,,,,,,,,goods,2,,,Active,pcs,Pieces,480-110-004,,,,,NGN 7512.077105,Cost of Goods Sold,,Inventory Asset,fifo,false,1.00,,38.00,NGN 7512.08,37.00,false,Inventory,true,true,true,110-Floss & Interdental Aids,480-Preventive Products,Pieces,https://www.usa.philips.com,Queue for Upload,Philips Oral Hygiene,,,,,,,460-110-001
5583220000001340029,2025-06-24 09:35:29,2026-01-29 08:53:11,"UNODENT MOUTH WASH TABLET PINK- THYMOL (1,000/BOTTLE)",,NGN 22400.00,Sales,false,UnoDent,UNODENT,0.00,0.00,0.00,0.00,cm,kg,,,,,,,,goods,2,,,Active,Bottle(s),,480-130-006,,,,,NGN 16548.99,Cost of Goods Sold,,Inventory Asset,fifo,false,1.00,,16.00,NGN 15745.21,8.00,false,Inventory,true,true,true,130-Mouthwashes,480-Preventive Products,Pieces,,,,,,,,,,
5583220000001340502,2025-06-24 09:35:30,2026-01-29 08:51:04,ANIMAL FRIENDS TIMER,,NGN 5100.00,Sales,false,,,0.00,0.00,0.00,0.00,cm,kg,,,,,,,,goods,2,,,Active,pcs,Pieces,480-150-051,,,,,NGN 1524.624,Cost of Goods Sold,,Inventory Asset,fifo,false,1.00,,20.00,NGN 1524.62,20.00,false,Inventory,true,true,true,150-Toothbrushes & Tongue Cleaners,480-Preventive Products,Pieces,,,,,,,,,,
5583220000001340975,2025-06-24 09:35:31,2026-01-29 08:55:53,DUAL CONTROL TOOTHBRUSH,,NGN 380.00,Sales,false,,,0.00,0.00,0.00,0.00,cm,kg,,,,,,,,goods,2,,,Active,pcs,Pieces,480-150-005,,,,,NGN 200.248865,Cost of Goods Sold,,Inventory Asset,fifo,false,1.00,,62.00,NGN 270.34,62.00,false,Inventory,true,true,true,150-Toothbrushes & Tongue Cleaners,480-Preventive Products,Pieces,,,,,,,,,,
5583220000001341448,2025-06-24 09:35:32,2026-01-29 08:51:04,ANGRY BIRDS TURBO POWER,,NGN 5500.00,Sales,false,,,0.00,0.00,0.00,0.00,cm,kg,,,,,,,,goods,2,,,Active,pcs,Pieces,480-150-050,,,,,NGN 1302.146,Cost of Goods Sold,,Inventory Asset,fifo,false,1.00,,5.00,NGN 1302.15,5.00,false,Inventory,true,true,true,150-Toothbrushes & Tongue Cleaners,480-Preventive Products,Pieces,,,,,,,,,,
5583220000001341921,2025-06-24 09:35:33,2026-01-29 17:26:33,MINT FLAVOURED FLOSS-MIXED,,NGN 840.00,Sales,false,,,0.00,0.00,0.00,0.00,,,,,,,,,,goods,2,,,Active,pcs,Pieces,480-110-009,,,,,NGN 326.974603,Cost of Goods Sold,,Inventory Asset,fifo,false,1.00,,42.00,NGN 441.42,0.00,false,Inventory,true,true,true,110-Floss & Interdental Aids,480-Preventive Products,Pieces,,,,,,,,,,
5583220000001342394,2025-06-24 09:35:34,2026-01-29 17:28:58,ORAL B SENSITIVE HEAD TWIN PK,,NGN 11910.00,Sales,false,,,0.00,0.00,0.00,0.00,,,,,,,,,,goods,2,,,Active,pcs,Pieces,480-150-009,,,,,NGN 4855.230556,Cost of Goods Sold,,Inventory Asset,fifo,false,1.00,,8.00,NGN 6554.56,4.00,false,Inventory,true,true,true,150-Toothbrushes & Tongue Cleaners,480-Preventive Products,Pieces,,,,,,,,,,
5583220000001342867,2025-06-24 09:35:34,2026-01-29 17:25:16,RETAINER CASES- MEDESEY GREEN,"Practical plastic orthodontic prosthesis holders, available in 4 different bright colors. They are sold in packages of 10 pcs. Useful for not losing the prosthesis: From younger patients to adults, extra safety so you don’t lose your braces. Made of plastic, easy to clean.",NGN 1500.00,Sales,false,Medesy,MEDESY,0.00,0.00,0.00,0.00,cm,kg,,,,,,,,goods,2,,,Active,pcs,Pieces,420-110-016,,,,,NGN 202.857316,Cost of Goods Sold,,Inventory Asset,fifo,false,1.00,,122.00,NGN 273.86,95.00,false,Inventory,true,true,true,110-Accessories,420-Orthodontics,Pieces,https://www.medesy.it/en/products/plastic-prosthesis-carrier/,Queue for Upload,MEDESY RETAINER CASE,Color,Green,,,,,420-110-001
5583220000001343340,2025-06-24 09:35:35,2026-01-29 17:25:14,RETAINER CASES- MEDESEY BLUE,"Practical plastic orthodontic prosthesis holders, available in 4 different bright colors. They are sold in packages of 10 pcs. Useful for not losing the prosthesis: From younger patients to adults, extra safety so you don’t lose your braces. Made of plastic, easy to clean.",NGN 1500.00,Sales,false,Medesy,MEDESY,0.00,0.00,0.00,0.00,cm,kg,,,,,,,,goods,2,,,Active,pcs,Pieces,420-110-015,,,,,NGN 202.857267,Cost of Goods Sold,,Inventory Asset,fifo,false,1.00,,119.00,NGN 273.86,85.00,false,Inventory,true,true,true,110-Accessories,420-Orthodontics,Pieces,https://www.medesy.it/en/products/plastic-prosthesis-carrier/,Queue for Upload,MEDESY RETAINER CASE,Color,Blue,,,,,420-110-002
5583220000001343813,2025-06-24 09:35:35,2026-01-29 17:26:29,MINT FLAVOURED FLOSS- WHITE,,NGN 840.00,Sales,false,Plak Smacker,PLAK SMACKER,0.00,0.00,0.00,0.00,cm,kg,,,,,,,,goods,2,,,Active,pcs,Pieces,480-110-008,,,,,NGN 248.70,Cost of Goods Sold,,Inventory Asset,fifo,false,1.00,,231.00,NGN 248.70,164.00,false,Inventory,true,true,true,110-Floss & Interdental Aids,480-Preventive Products,Pieces,,,,,,,,,,
5583220000001344286,2025-06-24 09:35:35,2026-01-29 08:51:03,REACH ADVANCE SOFT COMPACT,,NGN 3750.00,Sales,false,Reach,REACH,0.00,0.00,0.00,0.00,cm,kg,,,,,,,,goods,2,,,Active,pcs,Pieces,480-150-054,,,,,NGN 578.03,Cost of Goods Sold,,Inventory Asset,fifo,false,1.00,,746.00,NGN 578.03,504.00,false,Inventory,true,true,true,150-Toothbrushes & Tongue Cleaners,480-Preventive Products,Pieces,,,,,,,,,,
5583220000001344759,2025-06-24 09:35:36,2026-01-29 09:03:08,CRAYOLA PIP-SQUEAKS TOOTHBRUSH,,NGN 3900.00,Sales,false,,,0.00,0.00,0.00,0.00,,,,,,,,,,goods,2,,,Active,pcs,Pieces,480-150-033,,,,,NGN 491.562963,Cost of Goods Sold,,Inventory Asset,fifo,false,1.00,,5.00,NGN 663.61,17.00,false,Inventory,true,true,true,150-Toothbrushes & Tongue Cleaners,480-Preventive Products,Pieces,,,,,,,,,,
5583220000001345232,2025-06-24 09:35:36,2026-01-29 09:03:07,GUM CRAYOLA TIMER LIGHT,,NGN 2100.00,Sales,false,,,0.00,0.00,0.00,0.00,,,,,,,,,,goods,2,,,Active,pcs,Pieces,480-150-036,,,,,NGN 1112.378214,Cost of Goods Sold,,Inventory Asset,fifo,false,1.00,,17.00,NGN 1501.71,17.00,false,Inventory,true,true,true,150-Toothbrushes & Tongue Cleaners,480-Preventive Products,Pieces,,,,,,,,,,
5583220000001345705,2025-06-24 09:35:37,2026-01-29 17:28:56,ORAL B REFILL SENSI ULTRA THIN,,NGN 14000.00,Sales,false,,,0.00,0.00,0.00,0.00,,,,,,,,,,goods,2,,,Active,pcs,Pieces,480-150-008,,,,,NGN 4879.933333,Cost of Goods Sold,,Inventory Asset,fifo,false,1.00,,6.00,NGN 6587.91,4.00,false,Inventory,true,true,true,150-Toothbrushes & Tongue Cleaners,480-Preventive Products,Pieces,,,,,,,,,,
5583220000001346178,2025-06-24 09:35:37,2026-01-29 08:51:03,TONGUE CLEANER ASST.COLORS,,NGN 800.00,Sales,false,,,0.00,0.00,0.00,0.00,,,,,,,,,,goods,2,,,Active,pcs,Pieces,480-150-055,,,,,NGN 301.964021,Cost of Goods Sold,,Inventory Asset,fifo,false,1.00,,21.00,NGN 407.65,82.00,false,Inventory,true,true,true,150-Toothbrushes & Tongue Cleaners,480-Preventive Products,Pieces,,,,,,,,,,
5583220000001346651,2025-06-24 09:35:37,2026-01-29 08:55:56,TEPE INTERDENTAL BULK PACK- YELLOW,,NGN 10980.00,Sales,false,Tepe,TEPE,0.00,0.00,0.00,0.00,cm,kg,,,,,,,,goods,2,,,Active,Pack(s),,480-110-023,,,,,NGN 6503.63,Cost of Goods Sold,,Inventory Asset,fifo,false,1.00,,3.00,NGN 6503.63,2.00,false,Inventory,true,true,true,110-Floss & Interdental Aids,480-Preventive Products,Pieces,,,,,,,,,,
5583220000001347124,2025-06-24 09:35:38,2026-01-29 17:29:00,ORAL B STAGES 3+ PRINCESS &,,NGN 4200.00,Sales,false,,,0.00,0.00,0.00,0.00,cm,kg,,,,,,,,goods,2,,,Active,pcs,Pieces,480-150-010,,,,,NGN 621.554074,Cost of Goods Sold,,Inventory Asset,fifo,false,1.00,,5.00,NGN 839.10,0.00,false,Inventory,true,true,true,150-Toothbrushes & Tongue Cleaners,480-Preventive Products,Pieces,,,,,,,,,,
5583220000001347597,2025-06-24 09:35:38,2026-01-29 12:17:54,DEEP DELUXE ORTHO BOX,,NGN 1500.00,Sales,false,,,0.00,0.00,0.00,0.00,cm,kg,,,,,,,,goods,2,,,Active,pcs,Pieces,420-110-006,,,,,NGN 803.79,Cost of Goods Sold,,Inventory Asset,fifo,false,1.00,,16.00,NGN 803.78,0.00,false,Inventory,true,true,true,110-Accessories,420-Orthodontics,Pieces,,,,,,,,,,
5583220000001348070,2025-06-24 09:35:39,2026-01-29 09:03:09,BRUSHING TIMER (3-MINUTE),,NGN 1600.00,Sales,false,,,0.00,0.00,0.00,0.00,cm,kg,,,,,,,,goods,2,,,Active,pcs,Pieces,480-150-028,,,,,NGN 578.753429,Cost of Goods Sold,,Inventory Asset,fifo,false,1.00,,140.00,NGN 578.75,57.00,false,Inventory,true,true,true,150-Toothbrushes & Tongue Cleaners,480-Preventive Products,Pieces,,,,,,,,,,
5583220000001348543,2025-06-24 09:35:39,2026-01-29 09:03:06,OCEAN PALS SUPER SOFT BRUSH,,NGN 1000.00,Sales,false,,,0.00,0.00,0.00,0.00,,,,,,,,,,goods,2,,,Active,pcs,Pieces,480-150-039,,,,,NGN 390.608167,Cost of Goods Sold,,Inventory Asset,fifo,false,1.00,,117.00,NGN 527.32,116.00,false,Inventory,true,true,true,150-Toothbrushes & Tongue Cleaners,480-Preventive Products,Pieces,,,,,,,,,,
5583220000001349016,2025-06-24 09:35:40,2026-01-29 16:53:21,ZIP POUCH SURVIVAL KIT,,NGN 12200.00,Sales,false,,,0.00,0.00,0.00,0.00,cm,kg,,,,,,,,goods,2,,,Active,pcs,Pieces,240-110-001,,,,,NGN 8971.53,Cost of Goods Sold,,Inventory Asset,fifo,false,1.00,,20.00,NGN 9746.79,48.00,false,Inventory,true,true,true,110-First Aid Kits,240-Emergency,Pieces,,,,,,,,,,
5583220000001349489,2025-06-24 09:35:40,2026-01-29 09:03:10,TRAVEL V-TRIM TOOTHBRUSH,,NGN 3970.00,Sales,false,,,0.00,0.00,0.00,0.00,,,,,,,,,,goods,2,,,Active,pcs,Pieces,480-150-025,,,,,NGN 565.190947,Cost of Goods Sold,,Inventory Asset,fifo,false,1.00,,72.00,NGN 763.01,72.00,false,Inventory,true,true,true,150-Toothbrushes & Tongue Cleaners,480-Preventive Products,Pieces,,,,,,,,,,
5583220000001349962,2025-06-24 09:35:41,2026-01-29 17:25:18,RETAINER CASES- MEDESEY PINK,"Practical plastic orthodontic prosthesis holders, available in 4 different bright colors. They are sold in packages of 10 pcs. Useful for not losing the prosthesis: From younger patients to adults, extra safety so you don’t lose your braces. Made of plastic, easy to clean.",NGN 1500.00,Sales,false,Medesy,MEDESY,0.00,0.00,0.00,0.00,cm,kg,,,,,,,,goods,2,,,Active,pcs,Pieces,420-110-017,,,,,NGN 202.857244,Cost of Goods Sold,,Inventory Asset,fifo,false,1.00,,125.00,NGN 273.86,97.00,false,Inventory,true,true,true,110-Accessories,420-Orthodontics,Pieces,https://www.medesy.it/en/products/plastic-prosthesis-carrier/,Queue for Upload,MEDESY RETAINER CASE,Color,Pink,,,,,420-110-003
5583220000001350435,2025-06-24 09:35:41,2026-01-29 17:25:20,RETAINER CASES- MEDESEY YELLOW,"Practical plastic orthodontic prosthesis holders, available in 4 different bright colors. They are sold in packages of 10 pcs. Useful for not losing the prosthesis: From younger patients to adults, extra safety so you don’t lose your braces. Made of plastic, easy to clean.",NGN 1500.00,Sales,false,Medesy,MEDESY,0.00,0.00,0.00,0.00,cm,kg,,,,,,,,goods,2,,,Active,pcs,Pieces,420-110-018,,,,,NGN 202.857239,Cost of Goods Sold,,Inventory Asset,fifo,false,1.00,,121.00,NGN 273.86,95.00,false,Inventory,true,true,true,110-Accessories,420-Orthodontics,Pieces,https://www.medesy.it/en/products/plastic-prosthesis-carrier/,Queue for Upload,MEDESY RETAINER CASE,Color,Yellow,,,,,420-110-004
5583220000001350908,2025-06-24 09:35:41,2026-01-30 08:22:24,GENGIGEL MOUTH RINSE,,NGN 27610.00,Sales,false,,,0.00,0.00,0.00,0.00,cm,kg,,,,,,,,goods,2,,,Active,pcs,Pieces,480-130-003,,,,,NGN 17890.57,Cost of Goods Sold,,Inventory Asset,fifo,false,1.00,,12.00,NGN 15207.49,130.00,false,Inventory,true,true,true,130-Mouthwashes,480-Preventive Products,Pieces,,,,,,,,,,
5583220000001351381,2025-06-24 09:35:42,2026-01-29 09:03:06,LION KING TURBO POWER T/BRUSH,,NGN 3800.00,Sales,false,,,0.00,0.00,0.00,0.00,,,,,,,,,,goods,2,,,Active,pcs,Pieces,480-150-038,,,,,NGN 1926.459877,Cost of Goods Sold,,Inventory Asset,fifo,false,1.00,,36.00,NGN 2600.72,22.00,false,Inventory,true,true,true,150-Toothbrushes & Tongue Cleaners,480-Preventive Products,Pieces,,,,,,,,,,
5583220000001351854,2025-06-24 09:35:42,2026-01-29 08:51:04,ORAL-B STAGES 4 GALAXY,,NGN 4600.00,Sales,false,,,0.00,0.00,0.00,0.00,,,,,,,,,,goods,2,,,Active,pcs,Pieces,480-150-048,,,,,NGN 1590.232997,Cost of Goods Sold,,Inventory Asset,fifo,false,1.00,,33.00,NGN 2146.81,10.00,false,Inventory,true,true,true,150-Toothbrushes & Tongue Cleaners,480-Preventive Products,Pieces,,,,,,,,,,
5583220000001352327,2025-06-24 09:35:43,2026-01-26 12:51:03,ORAL-B STAGES 3 MARVEL (SPIDER secondary,,NGN 2172.070833,Sales,false,,,0.00,0.00,0.00,0.00,cm,kg,,,,,,,,goods,2,,,Inactive,pcs,Pieces,null,,,,,NGN 1608.941358,Cost of Goods Sold,cm,Inventory Asset,fifo,false,1.00,,12.00,NGN 2172.07,0.00,false,Inventory,true,true,true,,,Pieces,,,,,,,,,,
5583220000001352800,2025-06-24 09:35:43,2026-01-29 08:51:04,BATMAN TURBO POWER TOOTHBRUSH,,NGN 6000.00,Sales,false,,,0.00,0.00,0.00,0.00,cm,kg,,,,,,,,goods,2,,,Active,pcs,Pieces,480-150-052,,,,,NGN 4195.87125,Cost of Goods Sold,,Inventory Asset,fifo,false,1.00,,34.00,NGN 4195.87,16.00,false,Inventory,true,true,true,150-Toothbrushes & Tongue Cleaners,480-Preventive Products,Pieces,,,,,,,,,,
5583220000001353273,2025-06-24 09:35:44,2026-01-29 09:03:07,KIDS T/BRUSHES 29 TUFT STAGE 2,,NGN 1500.00,Sales,false,ORALINE,ORALINE,0.00,0.00,0.00,0.00,cm,kg,,,,,,,,goods,2,,,Active,pcs,Pieces,480-150-037,,,,,NGN 997.09,Cost of Goods Sold,,Inventory Asset,fifo,false,1.00,,8.00,NGN 756.52,9.00,false,Inventory,true,true,true,150-Toothbrushes & Tongue Cleaners,480-Preventive Products,Pieces,,,,,,,,,,
5583220000001353746,2025-06-24 09:35:44,2026-01-29 08:55:55,PROPHY BRUSH-NYLON TYPE,,NGN 29100.00,Sales,false,UnoDent,UNODENT,0.00,0.00,0.00,0.00,cm,kg,,,,,,,,goods,2,,,Active,Pack(s),,480-140-005,,,,,NGN 21526.29,Cost of Goods Sold,,Inventory Asset,fifo,false,1.00,,205.00,NGN 13028.92,196.00,false,Inventory,true,true,true,140-Prophylaxis Pastes & Cups,480-Preventive Products,Pieces,,,,,,,,,,
5583220000001354219,2025-06-24 09:35:44,2026-01-29 08:53:15,STIMUDENT,,NGN 4000.00,Sales,false,,,0.00,0.00,0.00,0.00,,,,,,,,,,goods,2,,,Active,pcs,Pieces,480-110-028,,,,,NGN 43.703704,Cost of Goods Sold,,Inventory Asset,fifo,false,1.00,,141.00,NGN 59.00,141.00,false,Inventory,true,true,true,110-Floss & Interdental Aids,480-Preventive Products,Pieces,,,,,,,,,,
5583220000001354692,2025-06-24 09:35:45,2026-01-29 08:55:54,COLGATE MICROSINIC TOOTHBRUSH,,NGN 26500.00,Sales,false,Colgate,COLGATE,0.00,0.00,0.00,0.00,cm,kg,,,,,,,,goods,2,,,Active,pcs,Pieces,480-150-002,,,,,NGN 17531.11,Cost of Goods Sold,,Inventory Asset,fifo,false,1.00,,10.00,NGN 17531.11,9.00,false,Inventory,true,true,true,150-Toothbrushes & Tongue Cleaners,480-Preventive Products,Pieces,,,,,,,,,,
5583220000001355165,2025-06-24 09:35:46,2026-01-29 09:03:08,CRAYOLA KIDS POWER TOOTHBRUSH,,NGN 17300.00,Sales,false,,,0.00,0.00,0.00,0.00,,,,,,,,,,goods,2,,,Active,pcs,Pieces,480-150-032,,,,,NGN 6434.929393,Cost of Goods Sold,,Inventory Asset,fifo,false,1.00,,47.00,NGN 8687.15,64.00,false,Inventory,true,true,true,150-Toothbrushes & Tongue Cleaners,480-Preventive Products,Pieces,,,,,,,,,,
5583220000001355638,2025-06-24 09:35:46,2026-01-29 17:29:02,ORAL B STAGES TOTHBRUSH 1,,NGN 3700.00,Sales,false,,,0.00,0.00,0.00,0.00,,,,,,,,,,goods,2,,,Active,pcs,Pieces,480-150-011,,,,,NGN 393.789543,Cost of Goods Sold,,Inventory Asset,fifo,false,1.00,,17.00,NGN 531.62,5.00,false,Inventory,true,true,true,150-Toothbrushes & Tongue Cleaners,480-Preventive Products,Pieces,,,,,,,,,,
5583220000001356111,2025-06-24 09:35:47,2026-01-29 08:58:07,ORTHO TOOTHBRUSH-RUBBER GRIP,,NGN 2500.00,Sales,false,,,0.00,0.00,0.00,0.00,cm,kg,,,,,,,,goods,2,,,Active,pcs,Pieces,420-110-010,,,,,NGN 1682.76,Cost of Goods Sold,,Inventory Asset,fifo,false,1.00,,326.00,NGN 1690.96,256.00,false,Inventory,true,true,true,110-Accessories,420-Orthodontics,Pieces,,,,,,,,,,
5583220000001356584,2025-06-24 09:35:47,2026-01-29 08:51:01,TOOTHPASTE-DINO,,NGN 4800.00,Sales,false,,,0.00,0.00,0.00,0.00,cm,kg,,,,,,,,goods,2,,,Active,pcs,Pieces,480-160-003,,,,,NGN 3521.27,Cost of Goods Sold,,Inventory Asset,fifo,false,1.00,,20.00,NGN 3863.91,28.00,false,Inventory,true,true,true,160-Toothpastes,480-Preventive Products,Pieces,,,,,,,,,,
5583220000001357057,2025-06-24 09:35:48,2026-01-28 14:16:47,TOOTHPASTE-SHARK,,NGN 4800.00,Sales,false,,,0.00,0.00,0.00,0.00,cm,kg,,,,,,,,goods,2,,,Active,pcs,Pieces,480-160-005,,,,,NGN 3521.27,Cost of Goods Sold,,Inventory Asset,fifo,false,1.00,,19.00,NGN 3863.91,29.00,false,Inventory,true,true,true,160-Toothpastes,480-Preventive Products,Pieces,,,,,,,,,,
5583220000001357530,2025-06-24 09:35:48,2026-01-29 17:26:23,BRIDGE AID FLOSS THREADER,"BridgeAid Floss Threaders are designed to easily thread dental floss under bridges, orthodontic braces, and permanent retainers. Features a flexible loop for hard-to-reach areas.",NGN 300.00,Sales,false,BridgeAid,FlossAid Corp,0.00,0.00,0.00,0.00,cm,kg,,,,,,,,goods,2,,,Active,pcs,Pieces,480-110-005,,,,,NGN 151.31754,Cost of Goods Sold,,Inventory Asset,fifo,false,1.00,,126.00,NGN 151.32,111.00,false,Inventory,true,true,true,110-Floss & Interdental Aids,480-Preventive Products,Pieces,,Published,BridgeAid Floss Threaders,,,,,,,460-120-001
5583220000001358003,2025-06-24 09:35:49,2026-01-29 17:26:35,ORAL B SUPER FLOSS,,NGN 769.091765,Sales,false,,,0.00,0.00,0.00,0.00,,,,,,,,,,goods,2,,,Active,pcs,Pieces,480-110-010,,,,,NGN 569.697604,Cost of Goods Sold,,Inventory Asset,fifo,false,1.00,,17.00,NGN 769.09,17.00,false,Inventory,true,true,true,110-Floss & Interdental Aids,480-Preventive Products,Pieces,,,,,,,,,,
5583220000001358476,2025-06-24 09:35:49,2026-01-29 08:53:11,"UNODENT MOUTH WASH TABLETS-GREEN MINT (1,000/BOTTLE)",,NGN 22400.00,Sales,false,UnoDent,UNODENT,0.00,0.00,0.00,0.00,cm,kg,,,,,,,,goods,2,,,Active,Bottle(s),,480-130-007,,,,,NGN 16548.99,Cost of Goods Sold,,Inventory Asset,fifo,false,1.00,,11.00,NGN 15474.06,16.00,false,Inventory,true,true,true,130-Mouthwashes,480-Preventive Products,Pieces,,,,,,,,,,
5583220000001358949,2025-06-24 09:35:50,2026-01-29 08:53:11,"UNODENT MOUTH WASH TABLETS-ORANGE (1,000/BOTTLE)",,NGN 22400.00,Sales,false,UnoDent,UNODENT,0.00,0.00,0.00,0.00,cm,kg,,,,,,,,goods,2,,,Active,Bottle(s),,480-130-008,,,,,NGN 16548.99,Cost of Goods Sold,,Inventory Asset,fifo,false,1.00,,4.00,NGN 16062.27,11.00,false,Inventory,true,true,true,130-Mouthwashes,480-Preventive Products,Pieces,,,,,,,,,,
5583220000001359422,2025-06-24 09:35:50,2026-01-29 08:55:54,JUNIOR CUP NYLON BRUSH SCREW,,NGN 44600.00,Sales,false,,,0.00,0.00,0.00,0.00,cm,kg,,,,,,,,goods,2,,,Active,pcs,Pieces,480-140-011,,,,,NGN 32992.98,Cost of Goods Sold,,Inventory Asset,fifo,false,1.00,,14.00,NGN 17716.04,30.00,false,Inventory,true,true,true,140-Prophylaxis Pastes & Cups,480-Preventive Products,Pieces,,,,,,,,,,
5583220000001359895,2025-06-24 09:35:51,2026-01-29 08:17:12,2-IN-1 FLOSS & INTERDENT BRUSH- WHITE (15/PK),"Oratek 2-in-1 Floss & Interdental Brush. All-in-one design combines flosser and interdental brush. Removes plaque from tight spaces, braces, and bridges. 15 pieces per pack.",NGN 6300.00,Sales,false,OraTek,Oratek,0.00,0.00,0.00,0.00,cm,kg,,,,,,,,goods,2,,,Active,pcs,Pieces,480-110-003,,,,,NGN 1504.87875,Cost of Goods Sold,,Inventory Asset,fifo,false,1.00,,26.00,NGN 1504.87,21.00,false,Inventory,true,true,true,110-Floss & Interdental Aids,480-Preventive Products,Pieces,https://www.pearsondental.com/catalog/img/G52-0002.jpg,Published,ORATEK FLOSS & BRUSH,Color,White,,,,,460-120-002
5583220000001360368,2025-06-24 09:35:51,2026-01-29 08:17:11,2-IN-1 FLOSS & INTERDENT BRUSH- BLUE (15/PK),"Oratek 2-in-1 Floss & Interdental Brush. All-in-one design combines flosser and interdental brush. Removes plaque from tight spaces, braces, and bridges. 15 pieces per pack.",NGN 6300.00,Sales,false,OraTek,Oratek,0.00,0.00,0.00,0.00,cm,kg,,,,,,,,goods,2,,,Active,pcs,Pieces,480-110-002,,,,,NGN 4612.12,Cost of Goods Sold,,Inventory Asset,fifo,false,1.00,,11.00,NGN 3499.34,19.00,false,Inventory,true,true,true,110-Floss & Interdental Aids,480-Preventive Products,Pieces,https://www.pearsondental.com/catalog/img/G52-0002.jpg,Published,ORATEK FLOSS & BRUSH,Color,Blue,,,,,460-120-003
5583220000001360841,2025-06-24 09:35:51,2026-01-30 08:22:24,TUNG BRUSH,,NGN 6200.00,Sales,false,,,0.00,0.00,0.00,0.00,cm,kg,,,,,,,,goods,2,,,Active,pcs,Pieces,480-150-026,,,,,NGN 4404.61,Cost of Goods Sold,,Inventory Asset,fifo,false,1.00,,118.00,NGN 4491.65,85.00,false,Inventory,true,true,true,150-Toothbrushes & Tongue Cleaners,480-Preventive Products,Pieces,,,,,,,,,,
5583220000001361314,2025-06-24 09:35:52,2026-01-30 08:22:24,TUNG-GEL W/30Z GEL,,NGN 7300.00,Sales,false,,,0.00,0.00,0.00,0.00,cm,kg,,,,,,,,goods,2,,,Active,pcs,Pieces,480-160-004,,,,,NGN 5257.60,Cost of Goods Sold,cm,Inventory Asset,fifo,false,1.00,,57.00,NGN 5361.48,130.00,false,Inventory,true,true,true,160-Toothpastes,480-Preventive Products,Pieces,,,,,,,,,,
5583220000001361787,2025-06-24 09:35:52,2026-01-29 08:53:10,PDT PROPHY PASTE MEDIUM ASST,,NGN 77700.00,Sales,false,PacDent,PACDENT,0.00,0.00,0.00,0.00,cm,kg,,,,,,,,goods,2,,,Active,Pack(s),,480-140-002,,,,,NGN 56419.43,Cost of Goods Sold,,Inventory Asset,fifo,false,1.00,,5.00,NGN 50830.38,8.00,false,Inventory,true,true,true,140-Prophylaxis Pastes & Cups,480-Preventive Products,Pieces,,,,,,,,,,
5583220000001362260,2025-06-24 09:35:53,2026-01-29 17:03:30,INSTR SELECTN BOARD-E6000109,,NGN 14637.00,Sales,false,,,0.00,0.00,0.00,0.00,,,,,,,,,,goods,2,,,Active,pcs,Pieces,280-150-002,,,,,NGN 10842.22222,Cost of Goods Sold,,Inventory Asset,fifo,false,1.00,,1.00,NGN 14637.00,0.00,false,Inventory,true,true,true,150-Software,280-Equipment,Pieces,,,,,,,,,,
5583220000001362733,2025-06-24 09:35:54,2026-01-29 17:03:38,STAB SUPPLY PC BOARD-E6000113,,NGN 12300.00,Sales,false,,,0.00,0.00,0.00,0.00,,,,,,,,,,goods,2,,,Active,pcs,Pieces,280-150-005,,,,,NGN 9111.111111,Cost of Goods Sold,,Inventory Asset,fifo,false,1.00,,1.00,NGN 12300.00,0.00,false,Inventory,true,true,true,150-Software,280-Equipment,Pieces,,,,,,,,,,
5583220000001363206,2025-06-24 09:35:55,2026-01-29 17:01:44,PIEZOSTERIL 3 HANDPIECE,,NGN 101400.00,Sales,false,Castellini,CASTELLINI,0.00,0.00,0.00,0.00,cm,kg,,,,,,,,goods,2,,,Active,pcs,Pieces,280-120-016,,,,,NGN 58969.00,Cost of Goods Sold,,Inventory Asset,fifo,false,1.00,,1.00,NGN 58969.00,1.00,false,Inventory,true,true,true,120-Handpieces,280-Equipment,Pieces,,,,,,,,,,
5583220000001363679,2025-06-24 09:35:55,2026-01-29 17:19:37,MIXING STICKS,,NGN 4550.00,Sales,false,,,0.00,0.00,0.00,0.00,,,,,,,,,,goods,2,,,Active,pcs,Pieces,380-110-020,,,,,NGN 679.903704,Cost of Goods Sold,,Inventory Asset,fifo,false,1.00,,2.00,NGN 917.87,2.00,false,Inventory,true,true,true,110-Accessories,380-Lab Products,Pieces,,,,,,,,,,
5583220000001364152,2025-06-24 09:35:56,2026-01-29 17:18:58,ALGINATE SPATULAS ASSTED COLOR,,NGN 12100.00,Sales,false,,,0.00,0.00,0.00,0.00,cm,kg,,,,,,,,goods,2,,,Active,pcs,Pieces,380-110-004,,,,,NGN 5777.333333,Cost of Goods Sold,,Inventory Asset,fifo,false,1.00,,3.00,NGN 5777.33,3.00,false,Inventory,true,true,true,110-Accessories,380-Lab Products,Pieces,,,,,,,,,,
5583220000001364625,2025-06-24 09:35:56,2026-01-29 08:49:05,PANAVIA SA CEMENT PLUS AM A2 (4.6ML),,NGN 419200.00,Sales,false,,,0.00,0.00,0.00,0.00,cm,kg,,,,,,,,goods,2,,,Active,pcs,Pieces,520-150-008,,,,,NGN 156746.4926,Cost of Goods Sold,cm,Inventory Asset,fifo,false,1.00,,2.00,NGN 211607.77,0.00,false,Inventory,true,true,true,150-Cements & Liners,520-Restorative,Pieces,,,,,,,,,,
5583220000001365098,2025-06-24 09:35:57,2026-01-29 08:49:05,PANAVIA SA CEMENT PLUS AM TRANSLUCENT (4.6ML),,NGN 419200.00,Sales,false,,,0.00,0.00,0.00,0.00,cm,kg,,,,,,,,goods,2,,,Active,pcs,Pieces,520-150-009,,,,,NGN 180438.4395,Cost of Goods Sold,cm,Inventory Asset,fifo,false,1.00,,3.00,NGN 243591.89,0.00,false,Inventory,true,true,true,150-Cements & Liners,520-Restorative,Pieces,,,,,,,,,,
5583220000001365571,2025-06-24 09:35:58,2026-01-29 09:01:09,FUJI IX GP 1:1 STD A3,,NGN 247830.00,Sales,false,GC AMERICA INC.,GC AMERICA INC.,0.00,0.00,0.00,0.00,cm,kg,,,,,,,,goods,2,,,Active,Pack(s),,520-180-001,,,,,NGN 176515.59,Cost of Goods Sold,,Inventory Asset,fifo,false,1.00,,10.00,NGN 123588.81,14.00,false,Inventory,true,true,true,180-Glass Ionomers,520-Restorative,Pieces,,,,,,,,,,
5583220000001366044,2025-06-24 09:35:59,2026-01-29 16:57:20,RUBBER DAM CLAMP 00,,NGN 1227.375,Sales,false,,,0.00,0.00,0.00,0.00,,,,,,,,,,goods,2,,,Active,pcs,Pieces,260-200-010,,,,,NGN 909.166667,Cost of Goods Sold,,Inventory Asset,fifo,false,1.00,,4.00,NGN 1227.38,4.00,false,Inventory,true,true,true,200-Rubber Dam Systems,260-Endodontics,Pieces,,,,,,,,,,
5583220000001366517,2025-06-24 09:36:00,2026-01-29 16:57:22,RUBBER DAM CLAMP 12A,,NGN 1680.206667,Sales,false,,,0.00,0.00,0.00,0.00,,,,,,,,,,goods,2,,,Active,pcs,Pieces,260-200-011,,,,,NGN 1244.597531,Cost of Goods Sold,,Inventory Asset,fifo,false,1.00,,3.00,NGN 1680.21,3.00,false,Inventory,true,true,true,200-Rubber Dam Systems,260-Endodontics,Pieces,,,,,,,,,,
5583220000001366990,2025-06-24 09:36:01,2026-01-29 16:57:24,RUBBER DAM CLAMP 13A,,NGN 1680.68,Sales,false,,,0.00,0.00,0.00,0.00,,,,,,,,,,goods,2,,,Active,pcs,Pieces,260-200-012,,,,,NGN 1244.948148,Cost of Goods Sold,,Inventory Asset,fifo,false,1.00,,3.00,NGN 1680.68,3.00,false,Inventory,true,true,true,200-Rubber Dam Systems,260-Endodontics,Pieces,,,,,,,,,,
5583220000001367463,2025-06-24 09:36:02,2026-01-29 16:57:26,RUBBER DAM CLAMP 14A,,NGN 4872.865,Sales,false,,,0.00,0.00,0.00,0.00,,,,,,,,,,goods,2,,,Active,pcs,Pieces,260-200-013,,,,,NGN 3609.52963,Cost of Goods Sold,,Inventory Asset,fifo,false,1.00,,4.00,NGN 4872.87,4.00,false,Inventory,true,true,true,200-Rubber Dam Systems,260-Endodontics,Pieces,,,,,,,,,,
5583220000001367936,2025-06-24 09:36:02,2026-01-29 16:57:29,RUBBER DAM CLAMP 2,,NGN 3397.215,Sales,false,,,0.00,0.00,0.00,0.00,,,,,,,,,,goods,2,,,Active,pcs,Pieces,260-200-014,,,,,NGN 2516.455556,Cost of Goods Sold,,Inventory Asset,fifo,false,1.00,,4.00,NGN 3397.22,4.00,false,Inventory,true,true,true,200-Rubber Dam Systems,260-Endodontics,Pieces,,,,,,,,,,
5583220000001368409,2025-06-24 09:36:03,2026-01-29 16:57:31,RUBBER DAM CLAMP 2A,,NGN 2555.87,Sales,false,,,0.00,0.00,0.00,0.00,,,,,,,,,,goods,2,,,Active,pcs,Pieces,260-200-015,,,,,NGN 1893.237037,Cost of Goods Sold,,Inventory Asset,fifo,false,1.00,,3.00,NGN 2555.87,3.00,false,Inventory,true,true,true,200-Rubber Dam Systems,260-Endodontics,Pieces,,,,,,,,,,
5583220000001368882,2025-06-24 09:36:03,2026-01-29 16:57:34,RUBBER DAM CLAMP 3,,NGN 909.00,Sales,false,,,0.00,0.00,0.00,0.00,,,,,,,,,,goods,2,,,Active,pcs,Pieces,260-200-016,,,,,NGN 673.333333,Cost of Goods Sold,,Inventory Asset,fifo,false,1.00,,8.00,NGN 909.00,8.00,false,Inventory,true,true,true,200-Rubber Dam Systems,260-Endodontics,Pieces,,,,,,,,,,
5583220000001369355,2025-06-24 09:36:04,2026-01-29 16:57:35,RUBBER DAM CLAMP 4,,NGN 909.00,Sales,false,,,0.00,0.00,0.00,0.00,,,,,,,,,,goods,2,,,Active,pcs,Pieces,260-200-017,,,,,NGN 673.333333,Cost of Goods Sold,,Inventory Asset,fifo,false,1.00,,5.00,NGN 909.00,5.00,false,Inventory,true,true,true,200-Rubber Dam Systems,260-Endodontics,Pieces,,,,,,,,,,
5583220000001369828,2025-06-24 09:36:04,2026-01-29 16:57:38,RUBBER DAM CLAMP 7,,NGN 3860.303333,Sales,false,,,0.00,0.00,0.00,0.00,,,,,,,,,,goods,2,,,Active,pcs,Pieces,260-200-018,,,,,NGN 2859.483951,Cost of Goods Sold,,Inventory Asset,fifo,false,1.00,,6.00,NGN 3860.30,6.00,false,Inventory,true,true,true,200-Rubber Dam Systems,260-Endodontics,Pieces,,,,,,,,,,
5583220000001370301,2025-06-24 09:36:05,2026-01-29 16:57:40,RUBBER DAM CLAMP 8A,,NGN 3860.304,Sales,false,,,0.00,0.00,0.00,0.00,,,,,,,,,,goods,2,,,Active,pcs,Pieces,260-200-019,,,,,NGN 2859.484444,Cost of Goods Sold,,Inventory Asset,fifo,false,1.00,,5.00,NGN 3860.30,5.00,false,Inventory,true,true,true,200-Rubber Dam Systems,260-Endodontics,Pieces,,,,,,,,,,
5583220000001370774,2025-06-24 09:36:06,2026-01-29 16:57:42,RUBBER DAM CLAMP 9,,NGN 3718.542,Sales,false,,,0.00,0.00,0.00,0.00,,,,,,,,,,goods,2,,,Active,pcs,Pieces,260-200-020,,,,,NGN 2754.475556,Cost of Goods Sold,,Inventory Asset,fifo,false,1.00,,15.00,NGN 3718.54,15.00,false,Inventory,true,true,true,200-Rubber Dam Systems,260-Endodontics,Pieces,,,,,,,,,,
5583220000001371247,2025-06-24 09:36:07,2026-01-29 16:57:44,RUBBER DAM CLAMP W14,,NGN 2055.25,Sales,false,,,0.00,0.00,0.00,0.00,,,,,,,,,,goods,2,,,Active,pcs,Pieces,260-200-021,,,,,NGN 1522.407407,Cost of Goods Sold,,Inventory Asset,fifo,false,1.00,,4.00,NGN 2055.25,4.00,false,Inventory,true,true,true,200-Rubber Dam Systems,260-Endodontics,Pieces,,,,,,,,,,
5583220000001371720,2025-06-24 09:36:08,2026-01-29 16:57:46,RUBBER DAM FORCEPS,,NGN 83900.00,Sales,false,,,0.00,0.00,0.00,0.00,,,,,,,,,,goods,2,,,Active,pcs,Pieces,260-200-022,,,,,NGN 44383.92963,Cost of Goods Sold,,Inventory Asset,fifo,false,1.00,,2.00,NGN 59918.31,2.00,false,Inventory,true,true,true,200-Rubber Dam Systems,260-Endodontics,Pieces,,,,,,,,,,
5583220000001372193,2025-06-24 09:36:09,2026-01-29 16:57:50,RUBBER DAM FRAME,,NGN 15500.00,Sales,false,,,0.00,0.00,0.00,0.00,,,,,,,,,,goods,2,,,Active,pcs,Pieces,260-200-023,,,,,NGN 6756.577778,Cost of Goods Sold,,Inventory Asset,fifo,false,1.00,,2.00,NGN 9121.38,2.00,false,Inventory,true,true,true,200-Rubber Dam Systems,260-Endodontics,Pieces,,,,,,,,,,
5583220000001372666,2025-06-24 09:36:10,2026-01-29 16:57:55,RUBBER DAM PUNCH,,NGN 66400.00,Sales,false,,,0.00,0.00,0.00,0.00,,,,,,,,,,goods,2,,,Active,pcs,Pieces,260-200-025,,,,,NGN 39060.34074,Cost of Goods Sold,,Inventory Asset,fifo,false,1.00,,2.00,NGN 52731.46,2.00,false,Inventory,true,true,true,200-Rubber Dam Systems,260-Endodontics,Pieces,,,,,,,,,,
5583220000001373139,2025-06-24 09:36:11,2026-01-29 17:19:04,FIESTA COLOR CODED CLAMP ORG.,,NGN 13676.47,Sales,false,,,0.00,0.00,0.00,0.00,,,,,,,,,,goods,2,,,Active,pcs,Pieces,380-110-007,,,,,NGN 10130.71852,Cost of Goods Sold,,Inventory Asset,fifo,false,1.00,,1.00,NGN 13676.47,1.00,false,Inventory,true,true,true,110-Accessories,380-Lab Products,Pieces,,,,,,,,,,
5583220000001373612,2025-06-24 09:36:12,2026-01-29 16:57:52,RUBBER DAM FRAME (PEARSON),,NGN 7000.00,Sales,false,,,0.00,0.00,0.00,0.00,,,,,,,,,,goods,2,,,Active,pcs,Pieces,260-200-024,,,,,NGN 1451.422222,Cost of Goods Sold,,Inventory Asset,fifo,false,1.00,,3.00,NGN 1959.42,3.00,false,Inventory,true,true,true,200-Rubber Dam Systems,260-Endodontics,Pieces,,,,,,,,,,
5583220000001374085,2025-06-24 09:36:13,2026-01-29 16:57:12,RUBBER DAM CLAMP #2 (PEARSON),,NGN 11000.00,Sales,false,,,0.00,0.00,0.00,0.00,,,,,,,,,,goods,2,,,Active,pcs,Pieces,260-200-007,,,,,NGN 3242.533333,Cost of Goods Sold,,Inventory Asset,fifo,false,1.00,,10.00,NGN 4377.42,10.00,false,Inventory,true,true,true,200-Rubber Dam Systems,260-Endodontics,Pieces,,,,,,,,,,
5583220000001374558,2025-06-24 09:36:14,2026-01-29 16:57:14,RUBBER DAM CLAMP #2A (PEARSON),,NGN 11000.00,Sales,false,,,0.00,0.00,0.00,0.00,,,,,,,,,,goods,2,,,Active,pcs,Pieces,260-200-008,,,,,NGN 3242.533333,Cost of Goods Sold,,Inventory Asset,fifo,false,1.00,,8.00,NGN 4377.42,8.00,false,Inventory,true,true,true,200-Rubber Dam Systems,260-Endodontics,Pieces,,,,,,,,,,
5583220000001375031,2025-06-24 09:36:15,2026-01-29 16:57:06,RUBBER DAM CLAMP #12A (PEARSON,,NGN 11000.00,Sales,false,,,0.00,0.00,0.00,0.00,,,,,,,,,,goods,2,,,Active,pcs,Pieces,260-200-005,,,,,NGN 3242.533333,Cost of Goods Sold,,Inventory Asset,fifo,false,1.00,,12.00,NGN 4377.42,12.00,false,Inventory,true,true,true,200-Rubber Dam Systems,260-Endodontics,Pieces,,,,,,,,,,
5583220000001375504,2025-06-24 09:36:16,2026-01-29 16:57:10,RUBBER DAM CLAMP #13A (PEARSON,,NGN 11000.00,Sales,false,,,0.00,0.00,0.00,0.00,,,,,,,,,,goods,2,,,Active,pcs,Pieces,260-200-006,,,,,NGN 3242.533333,Cost of Goods Sold,,Inventory Asset,fifo,false,1.00,,12.00,NGN 4377.42,12.00,false,Inventory,true,true,true,200-Rubber Dam Systems,260-Endodontics,Pieces,,,,,,,,,,
5583220000001375977,2025-06-24 09:36:17,2026-01-29 16:57:18,RUBBER DAM CLAMP #9 (PEARSON),,NGN 11000.00,Sales,false,,,0.00,0.00,0.00,0.00,,,,,,,,,,goods,2,,,Active,pcs,Pieces,260-200-009,,,,,NGN 3242.533333,Cost of Goods Sold,,Inventory Asset,fifo,false,1.00,,6.00,NGN 4377.42,6.00,false,Inventory,true,true,true,200-Rubber Dam Systems,260-Endodontics,Pieces,,,,,,,,,,
5583220000001376450,2025-06-24 09:36:18,2026-01-26 12:49:05,HYSOLATE LATEX DENTAL DAM,,NGN 28598.44375,Sales,false,,,0.00,0.00,0.00,0.00,cm,kg,,,,,,,,goods,2,,,Inactive,pcs,Pieces,null,,,,,NGN 21184.03241,Cost of Goods Sold,,Inventory Asset,fifo,false,1.00,,8.00,NGN 28598.44,8.00,false,Inventory,true,true,true,,,Pieces,,,,,,,,,,
5583220000001376923,2025-06-24 09:36:20,2026-01-29 08:45:37,SURGICAL BLADES SIZE 15C,,NGN 43200.00,Sales,false,,,0.00,0.00,0.00,0.00,cm,kg,,,,,,,,goods,2,,,Active,pcs,Pieces,600-150-003,,,,,NGN 31984.92,Cost of Goods Sold,,Inventory Asset,fifo,false,1.00,,8.00,NGN 22139.67,4.00,false,Inventory,true,true,true,150-Surgical Blades,600-Surgical Products,Pieces,,,,,,,,,,
5583220000001377396,2025-06-24 09:36:21,2026-01-29 08:45:36,SUTURES-ETHICON (36PK),,NGN 366400.00,Sales,false,Ethicon,ETHICON,0.00,0.00,0.00,0.00,cm,kg,,,,,,,,goods,2,,,Active,Pack(s),,600-160-002,,,,,NGN 233555.02,Cost of Goods Sold,,Inventory Asset,fifo,false,1.00,,11.00,NGN 138702.17,16.00,false,Inventory,true,true,true,160-Sutures,600-Surgical Products,Pieces,,,,,,,,,,
5583220000001377869,2025-06-24 09:36:22,2026-01-29 08:45:36,ETHICON SUTURES 3/0 GAUGE-12PK,,NGN 140000.00,Sales,false,Ethicon,ETHICON,0.00,0.00,0.00,0.00,cm,kg,,,,,,,,goods,2,,,Active,Pack(s),,600-160-001,,,,,NGN 145433.73,Cost of Goods Sold,,Inventory Asset,fifo,false,1.00,,18.00,NGN 92734.42,10.00,false,Inventory,true,true,true,160-Sutures,600-Surgical Products,Pieces,,,,,,,,,,
5583220000001378342,2025-06-24 09:36:23,2026-01-29 16:52:59,VIVID RITE GOWN BLUE 25GM SMS,,NGN 28300.00,Sales,false,,,0.00,0.00,0.00,0.00,cm,kg,,,,,,,,goods,2,,,Active,Pack(s),,200-210-007,,,,,NGN 20882.92,Cost of Goods Sold,,Inventory Asset,fifo,false,1.00,,25.00,NGN 16757.87,35.00,false,Inventory,true,true,true,210-Surgical Gowns & Caps,200-Disposable Products,Pieces,,,,,,,,,,
5583220000001378815,2025-06-24 09:36:24,2026-01-29 16:52:56,VIVID ISO GOWN CPE 25GM W/THUM,,NGN 12500.00,Sales,false,,,0.00,0.00,0.00,0.00,,,,,,,,,,goods,2,,,Active,pcs,Pieces,200-210-006,,,,,NGN 4811.022222,Cost of Goods Sold,,Inventory Asset,fifo,false,1.00,,41.00,NGN 6494.88,41.00,false,Inventory,true,true,true,210-Surgical Gowns & Caps,200-Disposable Products,Pieces,,,,,,,,,,
5583220000001379288,2025-06-24 09:36:25,2026-01-29 16:53:01,VIVID RITE GOWN PINK 25GM SMS,,NGN 28300.00,Sales,false,,,0.00,0.00,0.00,0.00,cm,kg,,,,,,,,goods,2,,,Active,Pack(s),,200-210-008,,,,,NGN 20882.92,Cost of Goods Sold,,Inventory Asset,fifo,false,1.00,,11.00,NGN 15575.87,26.00,false,Inventory,true,true,true,210-Surgical Gowns & Caps,200-Disposable Products,Pieces,,,,,,,,,,
5583220000001379761,2025-06-24 09:36:26,2026-01-29 17:07:09,4.0X4.5MM TEMP ABUT 2.5MM POST,"Bicon temporary abutments are made of titanium or PEEK for interim restorations, utilizing the locking taper connection.",NGN 84200.00,Sales,false,Bicon,BICON,0.005,0.40,0.40,0.45,cm,kg,,,,,,,,goods,2,,,Active,pcs,Pieces,320-160-001,,,,,NGN 45561.51235,Cost of Goods Sold,,Inventory Asset,fifo,false,1.00,,6.00,NGN 61508.04,4.00,false,Inventory,true,true,true,160-Temporary Abutments,320-Implantology,Pieces,,Published,Bicon Temporary,Well,2.5MM,Size,4.0X4.5MM,Degree,'-,320-121-001
5583220000001380234,2025-06-24 09:36:27,2026-01-29 17:07:13,4.0X6.5MM TEMP ABUT 2.5MM POST,"Bicon temporary abutments are made of titanium or PEEK for interim restorations, utilizing the locking taper connection.",NGN 84200.00,Sales,false,Bicon,BICON,0.005,0.40,0.40,0.65,cm,kg,,,,,,,,goods,2,,,Active,pcs,Pieces,320-160-003,,,,,NGN 46163.74074,Cost of Goods Sold,,Inventory Asset,fifo,false,1.00,,2.00,NGN 62321.05,2.00,false,Inventory,true,true,true,160-Temporary Abutments,320-Implantology,Pieces,,Published,Bicon Temporary,Well,2.5MM,Size,4.0X6.5MM,Degree,'-,320-121-002
5583220000001380707,2025-06-24 09:36:28,2026-01-29 17:07:20,5.0X4.5MM TEMP ABUT 2.5MM POST,"Bicon temporary abutments are made of titanium or PEEK for interim restorations, utilizing the locking taper connection.",NGN 84200.00,Sales,false,Bicon,BICON,0.005,0.50,0.50,0.45,cm,kg,,,,,,,,goods,2,,,Active,pcs,Pieces,320-160-007,,,,,NGN 46163.74074,Cost of Goods Sold,,Inventory Asset,fifo,false,1.00,,2.00,NGN 62321.05,2.00,false,Inventory,true,true,true,160-Temporary Abutments,320-Implantology,Pieces,,Published,Bicon Temporary,Well,2.5MM,Size,5.0X4.5MM,Degree,'-,320-121-003
5583220000001381180,2025-06-24 09:36:29,2026-01-29 17:07:24,5.0X6.5MM TEMP ABUT 2.5MM POST,"Bicon temporary abutments are made of titanium or PEEK for interim restorations, utilizing the locking taper connection.",NGN 84200.00,Sales,false,Bicon,BICON,0.005,0.50,0.50,0.65,cm,kg,,,,,,,,goods,2,,,Active,pcs,Pieces,320-160-009,,,,,NGN 46163.73333,Cost of Goods Sold,,Inventory Asset,fifo,false,1.00,,2.00,NGN 62321.04,2.00,false,Inventory,true,true,true,160-Temporary Abutments,320-Implantology,Pieces,,Published,Bicon Temporary,Well,2.5MM,Size,5.0X6.5MM,Degree,'-,320-121-004
5583220000001381653,2025-06-24 09:36:30,2026-01-29 17:07:11,4.0X4.5MM TEMP ABUT 3MM POST,"Bicon temporary abutments are made of titanium or PEEK for interim restorations, utilizing the locking taper connection.",NGN 84200.00,Sales,false,Bicon,BICON,0.005,0.40,0.40,0.45,cm,kg,,,,,,,,goods,2,,,Active,pcs,Pieces,320-160-002,,,,,NGN 44379.45185,Cost of Goods Sold,,Inventory Asset,fifo,false,1.00,,4.00,NGN 59912.26,4.00,false,Inventory,true,true,true,160-Temporary Abutments,320-Implantology,Pieces,,Published,Bicon Temporary,Well,3MM,Size,4.0X4.5MM,Degree,'-,320-121-005
5583220000001382126,2025-06-24 09:36:31,2026-01-29 17:07:22,5.0X4.5MM TEMP ABUT 3MM POST,"Bicon temporary abutments are made of titanium or PEEK for interim restorations, utilizing the locking taper connection.",NGN 84200.00,Sales,false,Bicon,BICON,0.005,0.50,0.50,0.45,cm,kg,,,,,,,,goods,2,,,Active,pcs,Pieces,320-160-008,,,,,NGN 45249.19815,Cost of Goods Sold,,Inventory Asset,fifo,false,1.00,,4.00,NGN 61086.42,4.00,false,Inventory,true,true,true,160-Temporary Abutments,320-Implantology,Pieces,,Published,Bicon Temporary,Well,3MM,Size,5.0X4.5MM,Degree,'-,320-121-006
5583220000001382599,2025-06-24 09:36:32,2026-01-29 17:07:26,5.0X6.5MM TEMP ABUT 3MM POST,"Bicon temporary abutments are made of titanium or PEEK for interim restorations, utilizing the locking taper connection.",NGN 84200.00,Sales,false,Bicon,BICON,0.005,0.50,0.50,0.65,cm,kg,,,,,,,,goods,2,,,Active,pcs,Pieces,320-160-010,,,,,NGN 18599.2963,Cost of Goods Sold,,Inventory Asset,fifo,false,1.00,,1.00,NGN 25109.05,2.00,false,Inventory,true,true,true,160-Temporary Abutments,320-Implantology,Pieces,,Published,Bicon Temporary,Well,3MM,Size,5.0X6.5MM,Degree,'-,320-121-007
5583220000001383072,2025-06-24 09:36:33,2026-01-29 17:07:30,6.5X4.5MM TEMP ABUT 3MM POST,"Bicon temporary abutments are made of titanium or PEEK for interim restorations, utilizing the locking taper connection.",NGN 84200.00,Sales,false,Bicon,BICON,0.005,0.65,0.65,0.45,cm,kg,,,,,,,,goods,2,,,Active,pcs,Pieces,320-160-011,,,,,NGN 9237.814815,Cost of Goods Sold,,Inventory Asset,fifo,false,1.00,,1.00,NGN 12471.05,3.00,false,Inventory,true,true,true,160-Temporary Abutments,320-Implantology,Pieces,,Published,Bicon Temporary,Well,3MM,Size,6.5X4.5MM,Degree,'-,320-121-008
5583220000001383545,2025-06-24 09:36:35,2026-01-29 17:07:32,6.5X6.5MM TEMP ABUT 3MM POST,"Bicon temporary abutments are made of titanium or PEEK for interim restorations, utilizing the locking taper connection.",NGN 84200.00,Sales,false,Bicon,BICON,0.005,0.65,0.65,0.65,cm,kg,,,,,,,,goods,2,,,Active,pcs,Pieces,320-160-012,,,,,NGN 9196.459259,Cost of Goods Sold,,Inventory Asset,fifo,false,1.00,,1.00,NGN 12415.22,2.00,false,Inventory,true,true,true,160-Temporary Abutments,320-Implantology,Pieces,,Published,Bicon Temporary,Well,3MM,Size,6.5X6.5MM,Degree,'-,320-121-009
5583220000001384018,2025-06-24 09:36:36,2026-01-29 17:07:18,5.0MM NON SHOULDER TEMP SLEEVE,,NGN 2856.755,Sales,false,,,0.00,0.00,0.00,0.00,,,,,,,,,,goods,2,,,Active,pcs,Pieces,320-160-006,,,,,NGN 2116.114815,Cost of Goods Sold,,Inventory Asset,fifo,false,1.00,,2.00,NGN 2856.76,2.00,false,Inventory,true,true,true,160-Temporary Abutments,320-Implantology,Pieces,,,,,,,,,,
5583220000001384491,2025-06-24 09:36:37,2026-01-29 17:07:15,4MM NON SHOULDER TEMP SLEEVE,,NGN 3045.51,Sales,false,,,0.00,0.00,0.00,0.00,,,,,,,,,,goods,2,,,Active,pcs,Pieces,320-160-005,,,,,NGN 2255.933333,Cost of Goods Sold,,Inventory Asset,fifo,false,1.00,,1.00,NGN 3045.51,1.00,false,Inventory,true,true,true,160-Temporary Abutments,320-Implantology,Pieces,,,,,,,,,,
5583220000001384964,2025-06-24 09:36:38,2026-01-29 08:41:19,CHEROKEE 4777 GRPW,,NGN 2424.00,Sales,false,,,0.00,0.00,0.00,0.00,,,,,,,,,,goods,2,,,Active,pcs,Pieces,120-120-001,,,,,NGN 1795.555556,Cost of Goods Sold,,Inventory Asset,fifo,false,1.00,,1.00,NGN 2424.00,1.00,false,Inventory,true,true,true,120-Clinical,120-Apparel,Pieces,,,,,,,,,,
5583220000001385437,2025-06-24 09:36:38,2026-01-29 08:44:44,MOCK WRAP TOP S NAVY (WT668C),,NGN 6008.58,Sales,false,,,0.00,0.00,0.00,0.00,,,,,,,,,,goods,2,,,Active,pcs,Pieces,120-120-023,,,,,NGN 4450.80,Cost of Goods Sold,,Inventory Asset,fifo,false,1.00,,1.00,NGN 6008.58,1.00,false,Inventory,true,true,true,120-Clinical,120-Apparel,Pieces,,,,,,,,,,
5583220000001385910,2025-06-24 09:36:39,2026-01-29 08:44:42,ELASTIC WAIST PANT S- NAVY,,NGN 6008.56,Sales,false,,,0.00,0.00,0.00,0.00,,,,,,,,,,goods,2,,,Active,pcs,Pieces,120-120-016,,,,,NGN 4450.785185,Cost of Goods Sold,,Inventory Asset,fifo,false,1.00,,1.00,NGN 6008.56,1.00,false,Inventory,true,true,true,120-Clinical,120-Apparel,Pieces,,,,,,,,,,
5583220000001386383,2025-06-24 09:36:39,2026-01-29 08:44:45,UNISEX DRAWSTRING PANT S- NAVY,,NGN 4883.44,Sales,false,,,0.00,0.00,0.00,0.00,,,,,,,,,,goods,2,,,Active,pcs,Pieces,120-120-029,,,,,NGN 3617.362963,Cost of Goods Sold,,Inventory Asset,fifo,false,1.00,,1.00,NGN 4883.44,1.00,false,Inventory,true,true,true,120-Clinical,120-Apparel,Pieces,,,,,,,,,,
5583220000001386856,2025-06-24 09:36:40,2026-01-29 08:44:42,DSA MHS TOP & PANT MALE (S),,NGN 4837.50,Sales,false,,,0.00,0.00,0.00,0.00,,,,,,,,,,goods,2,,,Active,pcs,Pieces,120-120-012,,,,,NGN 3583.333333,Cost of Goods Sold,,Inventory Asset,fifo,false,1.00,,3.00,NGN 4837.50,3.00,false,Inventory,true,true,true,120-Clinical,120-Apparel,Pieces,,,,,,,,,,
5583220000001387329,2025-06-24 09:36:40,2026-01-29 08:44:42,DSA MHS TOP & PANT MALE-(M),,NGN 4837.50,Sales,false,,,0.00,0.00,0.00,0.00,,,,,,,,,,goods,2,,,Active,pcs,Pieces,120-120-013,,,,,NGN 3583.333333,Cost of Goods Sold,,Inventory Asset,fifo,false,1.00,,4.00,NGN 4837.50,4.00,false,Inventory,true,true,true,120-Clinical,120-Apparel,Pieces,,,,,,,,,,
5583220000001387802,2025-06-24 09:36:41,2026-01-29 08:44:42,DSA MHS TOP & PANT MALE (L),,NGN 4725.00,Sales,false,,,0.00,0.00,0.00,0.00,,,,,,,,,,goods,2,,,Active,pcs,Pieces,120-120-011,,,,,NGN 3500.00,Cost of Goods Sold,,Inventory Asset,fifo,false,1.00,,3.00,NGN 4725.00,3.00,false,Inventory,true,true,true,120-Clinical,120-Apparel,Pieces,,,,,,,,,,
5583220000001388275,2025-06-24 09:36:41,2026-01-29 08:41:19,CHEROKEE 4876 M GALAXY,,NGN 7511.82,Sales,false,,,0.00,0.00,0.00,0.00,,,,,,,,,,goods,2,,,Active,pcs,Pieces,120-120-005,,,,,NGN 5564.311111,Cost of Goods Sold,,Inventory Asset,fifo,false,1.00,,1.00,NGN 7511.82,1.00,false,Inventory,true,true,true,120-Clinical,120-Apparel,Pieces,,,,,,,,,,
5583220000001388748,2025-06-24 09:36:42,2026-01-29 08:41:20,CHEROKEE 4876 XL WINE,,NGN 7511.82,Sales,false,,,0.00,0.00,0.00,0.00,,,,,,,,,,goods,2,,,Active,pcs,Pieces,120-120-007,,,,,NGN 5564.311111,Cost of Goods Sold,,Inventory Asset,fifo,false,1.00,,1.00,NGN 7511.82,1.00,false,Inventory,true,true,true,120-Clinical,120-Apparel,Pieces,,,,,,,,,,
5583220000001389221,2025-06-24 09:36:43,2026-01-29 08:44:41,DSA MHS TOP & PANT FEMALE (M),,NGN 4837.50,Sales,false,,,0.00,0.00,0.00,0.00,,,,,,,,,,goods,2,,,Active,pcs,Pieces,120-120-010,,,,,NGN 3583.333333,Cost of Goods Sold,,Inventory Asset,fifo,false,1.00,,4.00,NGN 4837.50,4.00,false,Inventory,true,true,true,120-Clinical,120-Apparel,Pieces,,,,,,,,,,
5583220000001389694,2025-06-24 09:36:44,2026-01-29 08:44:41,DSA MHS TOP & PANT FEMALE (L),,NGN 4500.00,Sales,false,,,0.00,0.00,0.00,0.00,,,,,,,,,,goods,2,,,Active,pcs,Pieces,120-120-009,,,,,NGN 3333.333333,Cost of Goods Sold,,Inventory Asset,fifo,false,1.00,,2.00,NGN 4500.00,2.00,false,Inventory,true,true,true,120-Clinical,120-Apparel,Pieces,,,,,,,,,,
5583220000001390167,2025-06-24 09:36:45,2026-01-29 08:44:42,DSA MHS TROUSER- GREY (S),,NGN 2500.00,Sales,false,,,0.00,0.00,0.00,0.00,,,,,,,,,,goods,2,,,Active,pcs,Pieces,120-120-015,,,,,NGN 1851.851852,Cost of Goods Sold,,Inventory Asset,fifo,false,1.00,,5.00,NGN 2500.00,5.00,false,Inventory,true,true,true,120-Clinical,120-Apparel,Pieces,,,,,,,,,,
5583220000001390640,2025-06-24 09:36:47,2026-01-29 08:44:42,DSA MHS TROUSER- GREY (M),,NGN 2500.00,Sales,false,,,0.00,0.00,0.00,0.00,,,,,,,,,,goods,2,,,Active,pcs,Pieces,120-120-014,,,,,NGN 1851.851852,Cost of Goods Sold,,Inventory Asset,fifo,false,1.00,,3.00,NGN 2500.00,3.00,false,Inventory,true,true,true,120-Clinical,120-Apparel,Pieces,,,,,,,,,,
5583220000001391113,2025-06-24 09:36:48,2026-01-29 08:41:19,ANKARA FLOWERY PATTERN TOP (S),,NGN 4000.00,Sales,false,,,0.00,0.00,0.00,0.00,,,,,,,,,,goods,2,,,Active,Each,,120-120-004,,,,,NGN 2962.962963,Cost of Goods Sold,,Inventory Asset,fifo,false,1.00,,3.00,NGN 4000.00,3.00,false,Inventory,true,true,true,120-Clinical,120-Apparel,Pieces,,,,,,,,,,
5583220000001391586,2025-06-24 09:36:49,2026-01-29 08:41:19,ANKARA FLOWERY PATTERN TOP (M),,NGN 4500.00,Sales,false,,,0.00,0.00,0.00,0.00,,,,,,,,,,goods,2,,,Active,Each,,120-120-002,,,,,NGN 3333.333333,Cost of Goods Sold,,Inventory Asset,fifo,false,1.00,,6.00,NGN 4500.00,6.00,false,Inventory,true,true,true,120-Clinical,120-Apparel,Pieces,,,,,,,,,,
5583220000001392059,2025-06-24 09:36:50,2026-01-29 08:44:43,FLOWERY ANKARA MALE TOP(M),,NGN 4000.00,Sales,false,,,0.00,0.00,0.00,0.00,,,,,,,,,,goods,2,,,Active,Each,,120-120-020,,,,,NGN 2962.962963,Cost of Goods Sold,,Inventory Asset,fifo,false,1.00,,1.00,NGN 4000.00,1.00,false,Inventory,true,true,true,120-Clinical,120-Apparel,Pieces,,,,,,,,,,
5583220000001392532,2025-06-24 09:36:51,2026-01-29 08:44:43,FEMALE FRONT & PANT DESK (S),,NGN 7500.00,Sales,false,,,0.00,0.00,0.00,0.00,,,,,,,,,,goods,2,,,Active,pcs,Pieces,120-120-019,,,,,NGN 5555.555556,Cost of Goods Sold,,Inventory Asset,fifo,false,1.00,,1.00,NGN 7500.00,1.00,false,Inventory,true,true,true,120-Clinical,120-Apparel,Pieces,,,,,,,,,,
5583220000001393005,2025-06-24 09:36:52,2026-01-29 08:44:44,UA SCRUB 61 TOP-M-WINE,,NGN 4859.03,Sales,false,,,0.00,0.00,0.00,0.00,,,,,,,,,,goods,2,,,Active,pcs,Pieces,120-120-026,,,,,NGN 3599.281481,Cost of Goods Sold,,Inventory Asset,fifo,false,1.00,,2.00,NGN 4859.03,2.00,false,Inventory,true,true,true,120-Clinical,120-Apparel,Pieces,,,,,,,,,,
5583220000001393478,2025-06-24 09:36:54,2026-01-29 08:44:44,UA WOMEN'S SNAP FRN TOP-S-WINE,,NGN 2649.75,Sales,false,,,0.00,0.00,0.00,0.00,,,,,,,,,,goods,2,,,Active,pcs,Pieces,120-120-027,,,,,NGN 1962.777778,Cost of Goods Sold,,Inventory Asset,fifo,false,1.00,,1.00,NGN 2649.75,1.00,false,Inventory,true,true,true,120-Clinical,120-Apparel,Pieces,,,,,,,,,,
5583220000001393951,2025-06-24 09:36:55,2026-01-29 08:41:20,CHEROKEE 4876 TOP -2X-GAL BLUE,,NGN 8838.22,Sales,false,,,0.00,0.00,0.00,0.00,,,,,,,,,,goods,2,,,Active,pcs,Pieces,120-120-006,,,,,NGN 6546.82963,Cost of Goods Sold,,Inventory Asset,fifo,false,1.00,,2.00,NGN 8838.22,2.00,false,Inventory,true,true,true,120-Clinical,120-Apparel,Pieces,,,,,,,,,,
5583220000001394424,2025-06-24 09:36:56,2026-01-29 08:44:44,UA 2PKT MOCK WRAP TOP-M-JANAV,,NGN 2625.868,Sales,false,,,0.00,0.00,0.00,0.00,,,,,,,,,,goods,2,,,Active,pcs,Pieces,120-120-025,,,,,NGN 1945.087407,Cost of Goods Sold,,Inventory Asset,fifo,false,1.00,,5.00,NGN 2625.87,5.00,false,Inventory,true,true,true,120-Clinical,120-Apparel,Pieces,,,,,,,,,,
5583220000001394897,2025-06-24 09:36:58,2026-01-29 08:44:44,UA 2PKT MOCK WRAP TOP-L-JANAV,,NGN 2625.873333,Sales,false,,,0.00,0.00,0.00,0.00,,,,,,,,,,goods,2,,,Active,pcs,Pieces,120-120-024,,,,,NGN 1945.091358,Cost of Goods Sold,,Inventory Asset,fifo,false,1.00,,3.00,NGN 2625.87,3.00,false,Inventory,true,true,true,120-Clinical,120-Apparel,Pieces,,,,,,,,,,
5583220000001395370,2025-06-24 09:36:59,2026-01-29 08:44:45,BUTTERSOFT PC62C -XL-ELPIN,,NGN 2100.35,Sales,false,,,0.00,0.00,0.00,0.00,,,,,,,,,,goods,2,,,Active,pcs,Pieces,120-120-031,,,,,NGN 1555.814815,Cost of Goods Sold,,Inventory Asset,fifo,false,1.00,,1.00,NGN 2100.35,1.00,false,Inventory,true,true,true,120-Clinical,120-Apparel,Pieces,,,,,,,,,,
5583220000001395843,2025-06-24 09:37:00,2026-01-29 08:44:43,MEN'S 5 PKT V-NECK TOP-M-GRANI,,NGN 2801.045,Sales,false,,,0.00,0.00,0.00,0.00,,,,,,,,,,goods,2,,,Active,pcs,Pieces,120-120-021,,,,,NGN 2074.848148,Cost of Goods Sold,,Inventory Asset,fifo,false,1.00,,2.00,NGN 2801.05,2.00,false,Inventory,true,true,true,120-Clinical,120-Apparel,Pieces,,,,,,,,,,
5583220000001396316,2025-06-24 09:37:01,2026-01-29 08:44:46,BUTTERSOFT PC62C TOP-M-WINE,,NGN 2801.045,Sales,false,,,0.00,0.00,0.00,0.00,,,,,,,,,,goods,2,,,Active,pcs,Pieces,120-120-032,,,,,NGN 2074.848148,Cost of Goods Sold,,Inventory Asset,fifo,false,1.00,,2.00,NGN 2801.05,2.00,false,Inventory,true,true,true,120-Clinical,120-Apparel,Pieces,,,,,,,,,,
5583220000001396789,2025-06-24 09:37:02,2026-01-29 08:44:43,ELASTIC WAIST PANT-M-JADE,,NGN 2625.865,Sales,false,,,0.00,0.00,0.00,0.00,,,,,,,,,,goods,2,,,Active,pcs,Pieces,120-120-018,,,,,NGN 1945.085185,Cost of Goods Sold,,Inventory Asset,fifo,false,1.00,,2.00,NGN 2625.87,2.00,false,Inventory,true,true,true,120-Clinical,120-Apparel,Pieces,,,,,,,,,,
5583220000001397262,2025-06-24 09:37:03,2026-01-29 08:44:43,ELASTIC WAIST PANT-L-JADE,,NGN 2625.875,Sales,false,,,0.00,0.00,0.00,0.00,,,,,,,,,,goods,2,,,Active,pcs,Pieces,120-120-017,,,,,NGN 1945.092593,Cost of Goods Sold,,Inventory Asset,fifo,false,1.00,,2.00,NGN 2625.88,2.00,false,Inventory,true,true,true,120-Clinical,120-Apparel,Pieces,,,,,,,,,,
5583220000001397735,2025-06-24 09:37:05,2026-01-29 08:44:45,UNISEX ONE POCKET TOP-M-JADE,,NGN 1925.172,Sales,false,,,0.00,0.00,0.00,0.00,,,,,,,,,,goods,2,,,Active,pcs,Pieces,120-120-030,,,,,NGN 1426.053333,Cost of Goods Sold,,Inventory Asset,fifo,false,1.00,,5.00,NGN 1925.17,5.00,false,Inventory,true,true,true,120-Clinical,120-Apparel,Pieces,,,,,,,,,,
5583220000001398208,2025-06-24 09:37:06,2026-01-29 08:44:45,UNISEX 3 POCKET PANTS-M-JADE,,NGN 2100.3475,Sales,false,,,0.00,0.00,0.00,0.00,,,,,,,,,,goods,2,,,Active,pcs,Pieces,120-120-028,,,,,NGN 1555.812963,Cost of Goods Sold,,Inventory Asset,fifo,false,1.00,,8.00,NGN 2100.35,8.00,false,Inventory,true,true,true,120-Clinical,120-Apparel,Pieces,,,,,,,,,,
5583220000001398681,2025-06-24 09:37:07,2026-01-29 08:41:19,CHEROKEE 4876 - 2X - PEWTE,,NGN 6528.39,Sales,false,,,0.00,0.00,0.00,0.00,,,,,,,,,,goods,2,,,Active,pcs,Pieces,120-120-003,,,,,NGN 4835.844444,Cost of Goods Sold,,Inventory Asset,fifo,false,1.00,,3.00,NGN 6528.39,3.00,false,Inventory,true,true,true,120-Clinical,120-Apparel,Pieces,,,,,,,,,,
5583220000001399154,2025-06-24 09:37:08,2026-01-29 17:21:15,VITA 3D-MASTER OPAQ 12GM-1M2,,NGN 3334.00,Sales,false,,,0.00,0.00,0.00,0.00,,,,,,,,,,goods,2,,,Active,pcs,Pieces,380-120-011,,,,,NGN 2469.62963,Cost of Goods Sold,,Inventory Asset,fifo,false,1.00,,1.00,NGN 3334.00,1.00,false,Inventory,true,true,true,120-Acrylics & Resins,380-Lab Products,Pieces,,,,,,,,,,
5583220000001399627,2025-06-24 09:37:09,2026-01-29 17:21:18,VITA VMK95 TRANSLUS 12GM- NA,,NGN 3334.00,Sales,false,,,0.00,0.00,0.00,0.00,,,,,,,,,,goods,2,,,Active,pcs,Pieces,380-120-012,,,,,NGN 2469.62963,Cost of Goods Sold,,Inventory Asset,fifo,false,1.00,,1.00,NGN 3334.00,1.00,false,Inventory,true,true,true,120-Acrylics & Resins,380-Lab Products,Pieces,,,,,,,,,,
5583220000001400100,2025-06-24 09:37:11,2026-01-29 17:21:20,VITA VMK95 TRANSLUS 12GM- NB,,NGN 3334.00,Sales,false,,,0.00,0.00,0.00,0.00,,,,,,,,,,goods,2,,,Active,pcs,Pieces,380-120-013,,,,,NGN 2469.62963,Cost of Goods Sold,,Inventory Asset,fifo,false,1.00,,1.00,NGN 3334.00,1.00,false,Inventory,true,true,true,120-Acrylics & Resins,380-Lab Products,Pieces,,,,,,,,,,
5583220000001400573,2025-06-24 09:37:12,2026-01-29 17:21:22,VITA VMK95 TRANSLUS 12GM- NC,,NGN 3334.00,Sales,false,,,0.00,0.00,0.00,0.00,,,,,,,,,,goods,2,,,Active,pcs,Pieces,380-120-014,,,,,NGN 2469.62963,Cost of Goods Sold,,Inventory Asset,fifo,false,1.00,,1.00,NGN 3334.00,1.00,false,Inventory,true,true,true,120-Acrylics & Resins,380-Lab Products,Pieces,,,,,,,,,,
5583220000001401046,2025-06-24 09:37:13,2026-01-29 17:21:24,VITA VMK95 TRANSLUS 12GM- ND,,NGN 3334.00,Sales,false,,,0.00,0.00,0.00,0.00,,,,,,,,,,goods,2,,,Active,pcs,Pieces,380-120-015,,,,,NGN 2469.62963,Cost of Goods Sold,,Inventory Asset,fifo,false,1.00,,1.00,NGN 3334.00,1.00,false,Inventory,true,true,true,120-Acrylics & Resins,380-Lab Products,Pieces,,,,,,,,,,
5583220000001401519,2025-06-24 09:37:14,2026-01-29 17:07:01,MD GUIDE- DRILLING IMPLANT,,NGN 171500.00,Sales,false,,,0.00,0.00,0.00,0.00,,,,,,,,,,goods,2,,,Active,pcs,Pieces,320-150-008,,,,,NGN 77425.60106,Cost of Goods Sold,,Inventory Asset,fifo,false,1.00,,14.00,NGN 104524.56,13.00,false,Inventory,true,true,true,150-Surgical Kits,320-Implantology,Pieces,,,,,,,,,,
5583220000001401992,2025-06-24 09:37:15,2026-01-29 17:12:55,WAMKEY PACK,,NGN 38029.00,Sales,false,,,0.00,0.00,0.00,0.00,,,,,,,,,,goods,2,,,Active,pcs,Pieces,340-180-014,,,,,NGN 28169.62963,Cost of Goods Sold,,Inventory Asset,fifo,false,1.00,,2.00,NGN 38029.00,2.00,false,Inventory,true,true,true,180-Restorative Instruments,340-Instruments,Pieces,,,,,,,,,,
5583220000001402465,2025-06-24 09:37:16,2026-01-29 17:06:56,9MM DRILLING IMPLANT GUIDE,,NGN 26000.00,Sales,false,,,0.00,0.00,0.00,0.00,,,,,,,,,,goods,2,,,Active,pcs,Pieces,320-150-006,,,,,NGN 11338.47407,Cost of Goods Sold,,Inventory Asset,fifo,false,1.00,,1.00,NGN 15306.94,1.00,false,Inventory,true,true,true,150-Surgical Kits,320-Implantology,Pieces,,,,,,,,,,
5583220000001402938,2025-06-24 09:37:17,2026-01-29 17:06:43,10.5MM DRILLING IMPLANT GUIDE,,NGN 26000.00,Sales,false,,,0.00,0.00,0.00,0.00,,,,,,,,,,goods,2,,,Active,pcs,Pieces,320-150-001,,,,,NGN 11338.47778,Cost of Goods Sold,,Inventory Asset,fifo,false,1.00,,2.00,NGN 15306.95,2.00,false,Inventory,true,true,true,150-Surgical Kits,320-Implantology,Pieces,,,,,,,,,,
5583220000001403411,2025-06-24 09:37:18,2026-01-29 17:06:45,12MM DRILLING IMPLANT GUIDE,,NGN 26000.00,Sales,false,,,0.00,0.00,0.00,0.00,,,,,,,,,,goods,2,,,Active,pcs,Pieces,320-150-002,,,,,NGN 11338.47778,Cost of Goods Sold,,Inventory Asset,fifo,false,1.00,,2.00,NGN 15306.95,2.00,false,Inventory,true,true,true,150-Surgical Kits,320-Implantology,Pieces,,,,,,,,,,
5583220000001403884,2025-06-24 09:37:19,2026-01-29 08:49:09,KODAK INSIGHT PERIAPICAL FILM,,NGN 263500.00,Sales,false,Carestream dental,CARESTREAM,0.00,0.00,0.00,0.00,cm,kg,,,,,,,,goods,2,,,Active,Pack(s),,500-150-001,,,,,NGN 195146.63,Cost of Goods Sold,,Inventory Asset,fifo,false,1.00,,1.00,NGN 163564.93,6.00,false,Inventory,true,true,true,150-Film,500-Radiography Supplies,Pieces,,,,,,,,,,
5583220000001404357,2025-06-24 09:37:20,2026-01-29 08:49:09,UNIVERSAL X-RAY FILM MOUNTS,,NGN 15600.00,Sales,false,,,0.00,0.00,0.00,0.00,,,,,,,,,,goods,2,,,Active,pcs,Pieces,500-130-004,,,,,NGN 5808.540741,Cost of Goods Sold,,Inventory Asset,fifo,false,1.00,,64.00,NGN 7841.53,64.00,false,Inventory,true,true,true,130-Film Holders & Barriers,500-Radiography Supplies,Pieces,,,,,,,,,,
5583220000001404830,2025-06-24 09:37:22,2026-01-29 08:49:09,X-RAY FILM HOLDER -SINGLE CLIP,,NGN 4800.00,Sales,false,,,0.00,0.00,0.00,0.00,,,,,,,,,,goods,2,,,Active,pcs,Pieces,500-130-005,,,,,NGN 1056.242593,Cost of Goods Sold,,Inventory Asset,fifo,false,1.00,,8.00,NGN 1425.93,8.00,false,Inventory,true,true,true,130-Film Holders & Barriers,500-Radiography Supplies,Pieces,,,,,,,,,,
5583220000001405303,2025-06-24 09:37:23,2026-01-29 08:49:09,X-RAY FILM HOLDER- SNAP-A-RAY (SINGLE PACK),,NGN 9350.00,Sales,false,Dentsply,DENTSPLY,0.00,0.00,0.00,0.00,cm,kg,,,,,,,,goods,2,,,Active,pcs,Pieces,500-130-007,,,,,NGN 6229.28,Cost of Goods Sold,cm,Inventory Asset,fifo,false,1.00,,1.00,NGN 6229.28,0.00,false,Inventory,true,true,true,130-Film Holders & Barriers,500-Radiography Supplies,Pieces,,,,,,,,,,
5583220000001405776,2025-06-24 09:37:24,2026-01-29 17:03:54,LEAD-FREE APRON ADULT W/COLLAR,,NGN 295000.00,Sales,false,,,0.00,0.00,0.00,0.00,,,,,,,,,,goods,2,,,Active,pcs,Pieces,280-170-001,,,,,NGN 156818.537,Cost of Goods Sold,,Inventory Asset,fifo,false,1.00,,2.00,NGN 211705.03,1.00,false,Inventory,true,true,true,170-X-Ray Units & Accessories,280-Equipment,Pieces,,,,,,,,,,
5583220000001406249,2025-06-24 09:37:25,2026-01-29 08:49:09,X-RAY FILM HOLDER -SNAP-A-RAY (3 PACK),,NGN 14500.00,Sales,false,Dentsply,DENTSPLY,0.00,0.00,0.00,0.00,cm,kg,,,,,,,,goods,2,,,Active,Pack(s),,500-130-006,,,,,NGN 8494.30,Cost of Goods Sold,cm,Inventory Asset,fifo,false,1.00,,3.00,NGN 8479.30,0.00,false,Inventory,true,true,true,130-Film Holders & Barriers,500-Radiography Supplies,Pieces,,,,,,,,,,
5583220000001406722,2025-06-24 09:37:26,2026-01-29 08:51:00,CARESTREAM DEVELOPER (490ML),,NGN 29970.00,Sales,false,,,0.00,0.00,0.00,0.00,cm,kg,,,,,,,,goods,2,,,Active,pcs,Pieces,500-110-003,,,,,NGN 20637.5075,Cost of Goods Sold,,Inventory Asset,fifo,false,1.00,,4.00,NGN 20637.51,0.00,false,Inventory,true,true,true,110-Developer & Fixer,500-Radiography Supplies,Pieces,,,,,,,,,,
5583220000001407195,2025-06-24 09:37:27,2026-01-29 08:51:00,CARESTREAM FIXER (490ML),,NGN 20637.5025,Sales,false,,,0.00,0.00,0.00,0.00,,,,,,,,,,goods,2,,,Active,pcs,Pieces,500-110-004,,,,,NGN 15287.03889,Cost of Goods Sold,,Inventory Asset,fifo,false,1.00,,4.00,NGN 20637.50,0.00,false,Inventory,true,true,true,110-Developer & Fixer,500-Radiography Supplies,Pieces,,,,,,,,,,
5583220000001428763,2025-06-24 10:11:53,2026-01-29 16:59:33,KIT COPPIA O-RING TERM CANULE,,NGN 0.00,Sales,false,,,0.00,0.00,0.00,0.00,cm,kg,,,,,,,,goods,2,,,Active,pcs,Pieces,280-110-037,,,,,NGN 0.00,Cost of Goods Sold,,Inventory Asset,fifo,false,1.00,,1.00,NGN 1.00,1.00,false,Inventory,true,true,true,110-Dental Units & Accessories,280-Equipment,Pieces,,,,,,,,,,
5583220000001429238,2025-06-24 10:11:54,2026-01-29 08:49:56,OUTERBODY MULTISTERIL 2,,NGN 1.00,Sales,false,,,0.00,0.00,0.00,0.00,,,,,,,,,,goods,2,,,Active,pcs,Pieces,580-120-004,,,,,NGN 0.00,Cost of Goods Sold,,Inventory Asset,fifo,false,1.00,,1.00,NGN 1.00,1.00,false,Inventory,true,true,true,120-Heat Sterilizers,580-Sterilisation,Pieces,,,,,,,,,,
5583220000001429711,2025-06-24 10:11:55,2026-01-29 17:00:11,QUICK MALE COUPLING (R3000142),,NGN 0.00,Sales,false,,,0.00,0.00,0.00,0.00,cm,kg,,,,,,,,goods,2,,,Active,pcs,Pieces,280-110-052,,,,,NGN 0.00,Cost of Goods Sold,,Inventory Asset,fifo,false,1.00,,1.00,NGN 1.00,1.00,false,Inventory,true,true,true,110-Dental Units & Accessories,280-Equipment,Pieces,,,,,,,,,,
5583220000001430184,2025-06-24 10:11:56,2026-01-29 16:59:41,MICROSWITCH W/WHEEL LEVER,,NGN 1.00,Sales,false,,,0.00,0.00,0.00,0.00,,,,,,,,,,goods,2,,,Active,pcs,Pieces,280-110-040,,,,,NGN 0.00,Cost of Goods Sold,,Inventory Asset,fifo,false,1.00,,1.00,NGN 1.00,1.00,false,Inventory,true,true,true,110-Dental Units & Accessories,280-Equipment,Pieces,,,,,,,,,,
5583220000001430657,2025-06-24 10:11:57,2026-01-29 17:00:50,TUBE & POLYLIGHT SELECTN CABLE,,NGN 0.00,Sales,false,,,0.00,0.00,0.00,0.00,cm,kg,,,,,,,,goods,2,,,Active,pcs,Pieces,280-110-069,,,,,NGN 0.00,Cost of Goods Sold,,Inventory Asset,fifo,false,1.00,,1.00,NGN 1.00,1.00,false,Inventory,true,true,true,110-Dental Units & Accessories,280-Equipment,Pieces,,,,,,,,,,
5583220000001431130,2025-06-24 10:11:58,2026-01-29 16:51:48,LONG TUB CUP+COVER (ZIRC),,NGN 1.00,Sales,false,,,0.00,0.00,0.00,0.00,cm,kg,,,,,,,,goods,2,,,Active,pcs,Pieces,200-200-005,,,,,NGN 0.00,Cost of Goods Sold,,Inventory Asset,fifo,false,1.00,,1.00,NGN 1.00,1.00,false,Inventory,true,true,true,200-Plastic Cup & Tray,200-Disposable Products,Pieces,,,,,,,,,,
5583220000001431603,2025-06-24 10:11:59,2026-01-29 17:23:18,SULTAN MIXING TIPS - PINK,,NGN 1.00,Sales,false,,,0.00,0.00,0.00,0.00,,,,,,,,,,goods,2,,,Active,pcs,Pieces,380-160-025,,,,,NGN 0.00,Cost of Goods Sold,,Inventory Asset,fifo,false,1.00,,1.00,NGN 1.00,1.00,false,Inventory,true,true,true,160-Impression Materials,380-Lab Products,Pieces,,,,,,,,,,
5583220000001432076,2025-06-24 10:11:59,2026-01-29 17:01:30,HP SLEEVES UNIVERSAL,,NGN 1.00,Sales,false,,,0.00,0.00,0.00,0.00,,,,,,,,,,goods,2,,,Active,pcs,Pieces,280-120-011,,,,,NGN 0.00,Cost of Goods Sold,,Inventory Asset,fifo,false,1.00,,1.00,NGN 1.00,1.00,false,Inventory,true,true,true,120-Handpieces,280-Equipment,Pieces,,,,,,,,,,
5583220000001432549,2025-06-24 10:12:00,2026-01-29 17:09:40,COLOUR CODED RINGS BLUE (S) H/S,,NGN 1.00,Sales,false,,,0.00,0.00,0.00,0.00,cm,kg,,,,,,,,goods,2,,,Active,pcs,Pieces,340-110-050,,,,,NGN 0.00,Cost of Goods Sold,cm,Inventory Asset,fifo,false,1.00,,1.00,NGN 1.00,1.00,false,Inventory,true,true,true,110-Accessories,340-Instruments,Pieces,,,,,,,,,,
5583220000001433022,2025-06-24 10:12:01,2026-01-29 17:12:58,COMPREHENSIVE SURGICAL KIT,,NGN 1.00,Sales,false,,,0.00,0.00,0.00,0.00,,,,,,,,,,goods,2,,,Active,pcs,Pieces,340-190-001,,,,,NGN 0.00,Cost of Goods Sold,,Inventory Asset,fifo,false,1.00,,1.00,NGN 1.00,3.00,false,Inventory,true,true,true,190-Surgical Instruments,340-Instruments,Pieces,,,,,,,,,,
5583220000001433495,2025-06-24 10:12:02,2026-01-29 17:26:39,TEPE COMPLETE KIT,,NGN 1.00,Sales,false,,,0.00,0.00,0.00,0.00,,,,,,,,,,goods,2,,,Active,pcs,Pieces,480-110-012,,,,,NGN 0.00,Cost of Goods Sold,,Inventory Asset,fifo,false,1.00,,1.00,NGN 1.00,1.00,false,Inventory,true,true,true,110-Floss & Interdental Aids,480-Preventive Products,Pieces,,,,,,,,,,
5583220000001433968,2025-06-24 10:12:03,2026-01-29 16:53:19,TEPE MODEL,,NGN 1.00,Sales,false,,,0.00,0.00,0.00,0.00,,,,,,,,,,goods,2,,,Active,pcs,Pieces,220-110-001,,,,,NGN 0.00,Cost of Goods Sold,,Inventory Asset,fifo,false,1.00,,1.00,NGN 1.00,1.00,false,Inventory,true,true,true,110-Anatomical Models,220-Education,Pieces,,,,,,,,,,
5583220000001434441,2025-06-24 10:12:03,2026-01-29 17:04:00,X-RAY ILLUMINATOR,,NGN 0.00,Sales,false,,,0.00,0.00,0.00,0.00,cm,kg,,,,,,,,goods,2,,,Active,pcs,Pieces,280-170-004,,,,,NGN 0.00,Cost of Goods Sold,,Inventory Asset,fifo,false,1.00,,1.00,NGN 1.00,1.00,false,Inventory,true,true,true,170-X-Ray Units & Accessories,280-Equipment,Pieces,,,,,,,,,,
5583220000001434914,2025-06-24 10:12:04,2026-01-30 17:20:44,BARREL CAP TWO PART 30D,N-Tralig Barrel Cap 30D. Replacement two-part chamber cap for N-Tralig syringe.,NGN 1.00,Sales,false,Miltex,Integra Miltex,0.00,0.00,0.00,0.00,,,,,,,,,,goods,2,,,Active,pcs,Pieces,100-150-007,,,,,NGN 0.00,Cost of Goods Sold,,Inventory Asset,fifo,false,1.00,,2.00,NGN 1.00,2.00,false,Inventory,true,true,true,150-Syringes,100-Anaesthetics,Pieces,https://www.amtouch.com/shop-by-category/anesthetic/miltex-syringes-parts/,Queue for Upload,Miltex Spare Parts,Type,30D,,,,,
5583220000001435387,2025-06-24 10:12:04,2026-01-29 17:20:14,ZIRC SLIDE TRAY DIVIDED,,NGN 0.00,Sales,false,,,0.00,0.00,0.00,0.00,cm,kg,,,,,,,,goods,2,,,Active,pcs,Pieces,380-110-035,,,,,NGN 0.00,Cost of Goods Sold,,Inventory Asset,fifo,false,1.00,,3.00,NGN 1.00,3.00,false,Inventory,true,true,true,110-Accessories,380-Lab Products,Pieces,,,,,,,,,,
5583220000001435860,2025-06-24 10:12:05,2026-01-29 09:01:12,COMPOSITE SHADE LABEL (2PK),,NGN 1.00,Sales,false,,,0.00,0.00,0.00,0.00,,,,,,,,,,goods,2,,,Active,pcs,Pieces,520-160-030,,,,,NGN 0.00,Cost of Goods Sold,,Inventory Asset,fifo,false,1.00,,3.00,NGN 1.00,3.00,false,Inventory,true,true,true,160-Composites,520-Restorative,Pieces,,,,,,,,,,
5583220000001436333,2025-06-24 10:12:05,2026-01-29 17:00:46,SYRINGE CLIP ON HOLDER (ZIRC),,NGN 1.00,Sales,false,,,0.00,0.00,0.00,0.00,,,,,,,,,,goods,2,,,Active,pcs,Pieces,280-110-067,,,,,NGN 0.00,Cost of Goods Sold,,Inventory Asset,fifo,false,1.00,,3.00,NGN 1.00,3.00,false,Inventory,true,true,true,110-Dental Units & Accessories,280-Equipment,Pieces,,,,,,,,,,
5583220000001436806,2025-06-24 10:12:05,2026-01-29 08:47:31,BUR SJT 029,,NGN 0.00,Sales,false,,,0.00,0.00,0.00,0.00,cm,kg,,,,,,,,goods,2,,,Active,pcs,Pieces,160-120-003,,,,,NGN 0.00,Cost of Goods Sold,,Inventory Asset,fifo,false,1.00,,5.00,NGN 1.00,5.00,false,Inventory,true,true,true,120-Carbide Burs,160-Burs,Pieces,,,,,,,,,,
5583220000001437279,2025-06-24 10:12:06,2026-01-29 08:47:30,BUR NO HP1/2,,NGN 0.00,Sales,false,,,0.00,0.00,0.00,0.00,cm,kg,,,,,,,,goods,2,,,Active,pcs,Pieces,160-110-007,,,,,NGN 0.00,Cost of Goods Sold,,Inventory Asset,fifo,false,1.00,,7.00,NGN 1.00,7.00,false,Inventory,true,true,true,110-Accessories,160-Burs,Pieces,,,,,,,,,,
5583220000001437752,2025-06-24 10:12:06,2026-01-29 08:53:15,TEPE STAND LID STAND,,NGN 0.00,Sales,false,,,0.00,0.00,0.00,0.00,cm,kg,,,,,,,,goods,2,,,Active,pcs,Pieces,480-110-027,,,,,NGN 0.00,Cost of Goods Sold,,Inventory Asset,fifo,false,1.00,,7.00,NGN 1.00,7.00,false,Inventory,true,true,true,110-Floss & Interdental Aids,480-Preventive Products,Pieces,,,,,,,,,,
5583220000001438225,2025-06-24 10:12:07,2026-01-29 08:55:55,PROPHY CUP LATEX FREE RA STEEL,,NGN 1.00,Sales,false,,,0.00,0.00,0.00,0.00,,,,,,,,,,goods,2,,,Active,pcs,Pieces,480-140-006,,,,,NGN 0.00,Cost of Goods Sold,,Inventory Asset,fifo,false,1.00,,21.00,NGN 1.00,21.00,false,Inventory,true,true,true,140-Prophylaxis Pastes & Cups,480-Preventive Products,Pieces,,,,,,,,,,
5583220000001438698,2025-06-24 10:12:07,2026-01-30 15:48:57,SEPTOJECT NEEDLES 30GAS (100),"Septoject Standard Dental Needles 30 Gauge Short. Sterile, single use. 100/Box.",NGN 0.00,Sales,false,Septoject,SEPTODONT,0.00,0.00,0.00,0.00,cm,kg,,,,,,,,goods,2,,,Active,pcs,Pieces,100-140-005,,,,,NGN 0.00,Cost of Goods Sold,,Inventory Asset,fifo,false,1.00,,43.00,NGN 1.00,21.00,false,Inventory,true,true,true,140-Needles,100-Anaesthetics,Pieces,https://www.septodont.ca/products/septoject/,Queue for Upload,Septoject Standard,Type,30G Short (Blue/Purple),,,,,
5583220000001439171,2025-06-24 10:12:08,2026-01-29 08:49:07,CLEARFIL F2 PASTE ONLY KIT,,NGN 417960.00,Sales,false,,,0.00,0.00,0.00,0.00,cm,kg,,,,,,,,goods,2,,,Active,pcs,Pieces,520-140-001,,,,,NGN 298527.14,Cost of Goods Sold,,Inventory Asset,fifo,false,1.00,,4.00,NGN 335840.08,3.00,false,Inventory,true,true,true,140-Bonding Agents,520-Restorative,Pieces,,,,,,,,,,
5583220000001439644,2025-06-24 10:12:08,2026-01-29 16:51:35,UNODENT BIB HOLDER- LATEX-FREE DISP-BIBS-56,"A pack of four clip-on bib holders, each made with thermoplastic rubber. Latex-free and autoclavable at 121°C. Firmly secure bibs and aprons without restricting movement or providing a choking hazard.",NGN 27300.00,Sales,false,UnoDent,UNODENT,0.10,0.00,0.00,0.00,cm,kg,,,,,,,,goods,2,,,Active,pcs,Pieces,200-190-013,,,,,NGN 18002.59,Cost of Goods Sold,,Inventory Asset,fifo,false,1.00,,7.00,NGN 18002.59,7.00,false,Inventory,true,true,true,190-Patient Bibs,200-Disposable Products,Pieces,https://www.ddgroup.com/infection-control/bibs--aprons/cox215--unodent-bib-holder--latexfree-white/,Queue for Upload,Unodent Bibs Holder,Colour,White,,,,,180-130-002
5583220000001440117,2025-06-24 10:12:09,2026-01-29 16:51:37,UNODENT BIB HOLDER- LATEX-FREE DISP-BIBS-57,"A pack of four clip-on bib holders, each made with thermoplastic rubber. Latex-free and autoclavable at 121°C. Firmly secure bibs and aprons without restricting movement or providing a choking hazard.",NGN 27300.00,Sales,false,UnoDent,UNODENT,0.10,0.00,0.00,0.00,cm,kg,,,,,,,,goods,2,,,Active,pcs,Pieces,200-190-014,,,,,NGN 2739.59,Cost of Goods Sold,,Inventory Asset,fifo,false,1.00,,7.00,NGN 18002.59,7.00,false,Inventory,true,true,true,190-Patient Bibs,200-Disposable Products,Pieces,https://www.ddgroup.com/infection-control/bibs--aprons/cox217--unodent-bib-holder--latexfree-pink/,Queue for Upload,Unodent Bibs Holder,Colour,Pink,,,,,180-130-003
5583220000001440590,2025-06-24 10:12:09,2026-01-29 16:51:33,UNODENT BIB HOLDER- LATEX-FREE DISP-BIBS-55,"A pack of four clip-on bib holders, each made with thermoplastic rubber. Latex-free and autoclavable at 121°C. Firmly secure bibs and aprons without restricting movement or providing a choking hazard.",NGN 27300.00,Sales,false,UnoDent,UNODENT,0.10,0.00,0.00,0.00,cm,kg,,,,,,,,goods,2,,,Active,pcs,Pieces,200-190-012,,,,,NGN 18002.59,Cost of Goods Sold,,Inventory Asset,fifo,false,1.00,,4.00,NGN 18002.59,4.00,false,Inventory,true,true,true,190-Patient Bibs,200-Disposable Products,Pieces,https://www.ddgroup.com/infection-control/bibs--aprons/cox216--unodent-bib-holder--latexfree-blue/,Queue for Upload,Unodent Bibs Holder,Colour,Blue,,,,,180-130-001
5583220000001441063,2025-06-24 10:12:10,2026-01-29 09:04:33,DIAMOND BURS FG 557-UNODENT,,NGN 3600.00,Sales,false,,,0.00,0.00,0.00,0.00,cm,kg,,,,,,,,goods,2,,,Active,pcs,Pieces,160-130-002,,,,,NGN 257.73,Cost of Goods Sold,,Inventory Asset,fifo,false,1.00,,4.00,NGN 257.73,4.00,false,Inventory,true,true,true,130-Diamond Burs,160-Burs,Pieces,,,,,,,,,,
5583220000001441538,2025-06-24 10:12:10,2026-01-29 08:47:27,WOMEN SLIP ON CLOGS BLACK SIZE 12,,NGN 6440.105,Sales,false,,,0.00,0.00,0.00,0.00,,,,,,,,,,goods,2,,,Active,pcs,Pieces,120-130-003,,,,,NGN 6440.11,Cost of Goods Sold,,Inventory Asset,fifo,false,1.00,,2.00,NGN 6440.11,2.00,false,Inventory,true,true,true,130-Footware,120-Apparel,Pieces,,,,,,,,,,
5583220000001442011,2025-06-24 10:12:11,2026-01-29 08:47:27,WOMEN SLIP ON CLOGS BLACK SIZE 9,,NGN 6440.116667,Sales,false,,,0.00,0.00,0.00,0.00,,,,,,,,,,goods,2,,,Active,pcs,Pieces,120-130-002,,,,,NGN 6440.12,Cost of Goods Sold,,Inventory Asset,fifo,false,1.00,,3.00,NGN 6440.12,3.00,false,Inventory,true,true,true,130-Footware,120-Apparel,Pieces,,,,,,,,,,
5583220000001442484,2025-06-24 10:12:12,2026-01-29 08:47:27,WOMEN SLIP ON CLOGS BLACK SIZE 8,,NGN 6440.12,Sales,false,,,0.00,0.00,0.00,0.00,,,,,,,,,,goods,2,,,Active,pcs,Pieces,120-130-001,,,,,NGN 6440.12,Cost of Goods Sold,,Inventory Asset,fifo,false,1.00,,1.00,NGN 6440.12,1.00,false,Inventory,true,true,true,130-Footware,120-Apparel,Pieces,,,,,,,,,,
5583220000001442957,2025-06-24 10:12:12,2026-01-29 17:19:06,ASSORTMENT PRESIDENT TRAYS 87,,NGN 13760.00,Sales,false,,,0.00,0.00,0.00,0.00,,,,,,,,,,goods,2,,,Active,pcs,Pieces,380-110-008,,,,,NGN 7968.00,Cost of Goods Sold,,Inventory Asset,fifo,false,1.00,,20.00,NGN 7968.00,20.00,false,Inventory,true,true,true,110-Accessories,380-Lab Products,Pieces,,,,,,,,,,
5583220000001443430,2025-06-24 10:12:13,2026-01-29 17:19:00,ASSORTMENT PRESIDENT TRAYS (10PK) (C6910),,NGN 13760.00,Sales,false,Coltene,COLTENE,0.00,0.00,0.00,0.00,cm,kg,,,,,,,,goods,2,,,Active,pcs,Pieces,380-110-005,,,,,NGN 4615.86,Cost of Goods Sold,,Inventory Asset,fifo,false,1.00,,4.00,NGN 4615.86,3.00,false,Inventory,true,true,true,110-Accessories,380-Lab Products,Pieces,,,,,,,,,,
5583220000001443903,2025-06-24 10:12:13,2026-01-29 17:11:50,PROBE GLICKMAN 26-G 546/6,,NGN 1812.49,Sales,false,,,0.00,0.00,0.00,0.00,,,,,,,,,,goods,2,,,Active,pcs,Pieces,340-170-012,,,,,NGN 1812.49,Cost of Goods Sold,,Inventory Asset,fifo,false,1.00,,1.00,NGN 1812.49,1.00,false,Inventory,true,true,true,170-Periodontal Instruments,340-Instruments,Pieces,,,,,,,,,,
5583220000001444376,2025-06-24 10:12:14,2026-01-29 17:11:25,PROBE CP 10 PT 548/6PT,,NGN 5301.593333,Sales,false,,,0.00,0.00,0.00,0.00,,,,,,,,,,goods,2,,,Active,pcs,Pieces,340-170-002,,,,,NGN 5301.59,Cost of Goods Sold,,Inventory Asset,fifo,false,1.00,,9.00,NGN 5301.59,9.00,false,Inventory,true,true,true,170-Periodontal Instruments,340-Instruments,Pieces,,,,,,,,,,
5583220000001444849,2025-06-24 10:12:15,2026-01-29 17:15:48,ROOT ELEVATOR WARWICK-JAMES STRAIGHT 2.2MM (i796/1),,NGN 12230.69,Sales,false,,,0.00,0.00,0.00,0.00,cm,kg,,,,,,,,goods,2,,,Active,pcs,Pieces,340-190-073,,,,,NGN 12230.69,Cost of Goods Sold,cm,Inventory Asset,fifo,false,1.00,,2.00,NGN 12230.69,2.00,false,Inventory,true,true,true,190-Surgical Instruments,340-Instruments,Pieces,,,,,,,,,,
5583220000001445322,2025-06-24 10:12:16,2026-01-29 17:15:46,ROOT ELEVATOR WARWICK-JAMES RIGHT 2.2MM (796/3),,NGN 12387.00,Sales,false,,,0.00,0.00,0.00,0.00,cm,kg,,,,,,,,goods,2,,,Active,pcs,Pieces,340-190-072,,,,,NGN 12387.00,Cost of Goods Sold,cm,Inventory Asset,fifo,false,1.00,,2.00,NGN 12387.00,1.00,false,Inventory,true,true,true,190-Surgical Instruments,340-Instruments,Pieces,,,,,,,,,,
5583220000001445795,2025-06-24 10:12:17,2026-01-29 17:15:18,ROOT ELEVATOR LONDON HOSPITAL 975,,NGN 10184.19,Sales,false,,,0.00,0.00,0.00,0.00,,,,,,,,,,goods,2,,,Active,pcs,Pieces,340-190-061,,,,,NGN 10184.19,Cost of Goods Sold,,Inventory Asset,fifo,false,1.00,,2.00,NGN 10184.19,2.00,false,Inventory,true,true,true,190-Surgical Instruments,340-Instruments,Pieces,,,,,,,,,,
5583220000001446268,2025-06-24 10:12:17,2026-01-29 17:15:20,ROOT ELEVATOR LONDON HOSPITAL 976,,NGN 12387.00,Sales,false,,,0.00,0.00,0.00,0.00,,,,,,,,,,goods,2,,,Active,pcs,Pieces,340-190-062,,,,,NGN 12387.00,Cost of Goods Sold,,Inventory Asset,fifo,false,1.00,,1.00,NGN 12387.00,1.00,false,Inventory,true,true,true,190-Surgical Instruments,340-Instruments,Pieces,,,,,,,,,,
5583220000001446741,2025-06-24 10:12:18,2026-01-29 17:15:24,ROOT ELEVATOR LONDON HOSPITAL 977,,NGN 12387.00,Sales,false,,,0.00,0.00,0.00,0.00,,,,,,,,,,goods,2,,,Active,pcs,Pieces,340-190-063,,,,,NGN 12387.00,Cost of Goods Sold,,Inventory Asset,fifo,false,1.00,,2.00,NGN 12387.00,2.00,false,Inventory,true,true,true,190-Surgical Instruments,340-Instruments,Pieces,,,,,,,,,,
5583220000001447214,2025-06-24 10:12:18,2026-01-29 17:18:54,DENTURE BAGS (1000 ROLL),,NGN 192200.00,Sales,false,,,0.00,0.00,0.00,0.00,cm,kg,,,,,,,,goods,2,,,Active,pcs,Pieces,380-110-003,,,,,NGN 112880.66,Cost of Goods Sold,,Inventory Asset,fifo,false,1.00,,7.00,NGN 82778.69,27.00,false,Inventory,true,true,true,110-Accessories,380-Lab Products,Pieces,,,,,,,,,,
5583220000001447687,2025-06-24 10:12:19,2026-01-29 08:49:07,NICOR - 500GM,,NGN 3160.00,Sales,false,,,0.00,0.00,0.00,0.00,cm,kg,,,,,,,,goods,2,,,Active,pcs,Pieces,520-140-006,,,,,NGN 115.24,Cost of Goods Sold,,Inventory Asset,fifo,false,1.00,,1790.40,NGN 115.24,1790.40,false,Inventory,true,true,true,140-Bonding Agents,520-Restorative,Pieces,,,,,,,,,,
5583220000001448160,2025-06-24 10:12:20,2026-01-29 17:26:45,TEPE INTERDENTAL BRUSHES (0.6MM)- BLUE (SINGLE PACK),,NGN 15000.00,Sales,false,Tepe,TEPE,0.00,0.00,0.00,0.00,cm,kg,,,,,,,,goods,2,,,Active,Pack(s),,480-110-014,,,,,NGN 2817.72,Cost of Goods Sold,,Inventory Asset,fifo,false,1.00,,2.00,NGN 2817.72,2.00,false,Inventory,true,true,true,110-Floss & Interdental Aids,480-Preventive Products,Pieces,,,,,,,,,,
5583220000001448633,2025-06-24 10:12:21,2026-01-29 17:26:47,TEPE INTERDENTAL BRUSHES (0.7MM)- yellow (SINGLE PACK),,NGN 15000.00,Sales,false,Tepe,TEPE,0.00,0.00,0.00,0.00,cm,kg,,,,,,,,goods,2,,,Active,Pack(s),,480-110-015,,,,,NGN 2817.72,Cost of Goods Sold,,Inventory Asset,fifo,false,1.00,,2.00,NGN 2817.72,2.00,false,Inventory,true,true,true,110-Floss & Interdental Aids,480-Preventive Products,Pieces,,,,,,,,,,
5583220000001449106,2025-06-24 10:12:21,2026-01-29 17:26:49,TEPE INTERDENTAL BRUSHES (0.8MM)- GREEN (SINGLE PACK),,NGN 15000.00,Sales,false,Tepe,TEPE,0.00,0.00,0.00,0.00,cm,kg,,,,,,,,goods,2,,,Active,Pack(s),,480-110-016,,,,,NGN 2817.72,Cost of Goods Sold,,Inventory Asset,fifo,false,1.00,,3.00,NGN 2893.04,3.00,false,Inventory,true,true,true,110-Floss & Interdental Aids,480-Preventive Products,Pieces,,,,,,,,,,
5583220000001449579,2025-06-24 10:12:22,2026-01-29 17:26:43,TEPE INTERDENTAL BRUSHES (0.45MM)- ORANGE (SINGLE PACK),,NGN 15000.00,Sales,false,,,0.00,0.00,0.00,0.00,cm,kg,,,,,,,,goods,2,,,Active,pcs,Pieces,480-110-013,,,,,NGN 2817.72,Cost of Goods Sold,,Inventory Asset,fifo,false,1.00,,1.00,NGN 2893.05,1.00,false,Inventory,true,true,true,110-Floss & Interdental Aids,480-Preventive Products,Pieces,,,,,,,,,,
5583220000001450052,2025-06-24 10:12:23,2026-01-29 08:44:41,DICKIES JR.EDS SIGN TOP-M WINE,,NGN 7069.69,Sales,false,,,0.00,0.00,0.00,0.00,,,,,,,,,,goods,2,,,Active,pcs,Pieces,120-120-008,,,,,NGN 5236.807407,Cost of Goods Sold,,Inventory Asset,fifo,false,1.00,,2.00,NGN 7069.69,2.00,false,Inventory,true,true,true,120-Clinical,120-Apparel,Pieces,,,,,,,,,,
5583220000001468147,2025-06-24 20:07:14,2026-01-29 17:03:40,TCH INSTR PNL PWR SUPP EL SYS (97521830),,NGN 68700.00,Sales,false,,,0.00,0.00,0.00,0.00,cm,kg,,,,,,,,goods,1,,,Active,each,,280-150-006,,,,,NGN 50847.86,Cost of Goods Sold,,Inventory Asset,fifo,false,,,,,0.00,false,Inventory,true,true,true,150-Software,280-Equipment,,,,,,,,,,,
5583220000001468156,2025-06-24 20:07:14,2026-01-29 16:58:20,1LT. TANK GR. OCHRE STRIPE (91120348),,NGN 176700.00,Sales,false,,,0.00,0.00,0.00,0.00,cm,kg,,,,,,,,goods,1,,,Active,each,,280-110-005,,,,,NGN 130869.96,Cost of Goods Sold,,Inventory Asset,fifo,false,,,,,0.00,false,Inventory,true,true,true,110-Dental Units & Accessories,280-Equipment,,,,,,,,,,,
5583220000001468165,2025-06-24 20:07:14,2026-01-29 16:58:24,BY-PASS EL. V. GR + N.R.VALVE,,NGN 359400.00,Sales,false,,,0.00,0.00,0.00,0.00,cm,kg,,,,,,,,goods,1,,,Active,Each,,280-110-007,,,,,NGN 266203.49,Cost of Goods Sold,,Inventory Asset,fifo,false,,,,,0.00,false,Inventory,true,true,true,110-Dental Units & Accessories,280-Equipment,,,,,,,,,,,
5583220000001468174,2025-06-24 20:07:14,2026-01-29 16:58:49,CUP FOUNTAIN JOINT,,NGN 90900.00,Sales,false,,,0.00,0.00,0.00,0.00,cm,kg,,,,,,,,goods,1,,,Active,each,,280-110-019,,,,,NGN 67298.64,Cost of Goods Sold,,Inventory Asset,fifo,false,,,,,0.00,false,Inventory,true,true,true,110-Dental Units & Accessories,280-Equipment,,,,,,,,,,,
5583220000001468183,2025-06-24 20:07:14,2026-01-29 17:02:57,H5/P3 VACUUM PUMP ASSEMBLY,,NGN 1080200.00,Sales,false,,,0.00,0.00,0.00,0.00,cm,kg,,,,,,,,goods,1,,,Active,Pcs,,280-140-012,,,,,NGN 800105.99,Cost of Goods Sold,,Inventory Asset,fifo,false,,,,,0.00,false,Inventory,true,true,true,140-Small Equipment,280-Equipment,,,,,,,,,,,
5583220000001468192,2025-06-24 20:07:14,2026-01-29 17:00:04,PRE-CHAMB BASIN CUP SV UNIT,,NGN 111100.00,Sales,false,,,0.00,0.00,0.00,0.00,cm,kg,,,,,,,,goods,1,,,Active,each,,280-110-049,,,,,NGN 82253.89,Cost of Goods Sold,,Inventory Asset,fifo,false,,,,,0.00,false,Inventory,true,true,true,110-Dental Units & Accessories,280-Equipment,,,,,,,,,,,
5583220000001468201,2025-06-24 20:07:15,2026-01-29 17:01:17,CASTELLINI IMPLNTR LED PACK,,NGN 2933800.00,Sales,false,,,0.00,0.00,0.00,0.00,cm,kg,,,,,,,,goods,1,,,Active,each,,280-120-006,,,,,NGN 2173113.16,Cost of Goods Sold,,Inventory Asset,fifo,false,,,,,0.00,false,Inventory,true,true,true,120-Handpieces,280-Equipment,,,,,,,,,,,
5583220000001468210,2025-06-24 20:07:15,2026-01-29 17:00:56,WATER CUSPIDOR CAP,,NGN 72700.00,Sales,false,,,0.00,0.00,0.00,0.00,cm,kg,,,,,,,,goods,1,,,Active,each,,280-110-071,,,,,NGN 53838.91,Cost of Goods Sold,,Inventory Asset,fifo,false,,,,,0.00,false,Inventory,true,true,true,110-Dental Units & Accessories,280-Equipment,,,,,,,,,,,
5583220000001468219,2025-06-24 20:07:15,2026-01-29 16:58:59,EL.SYST.CAN-BUS L=600 MM,,NGN 22300.00,Sales,false,,,0.00,0.00,0.00,0.00,cm,kg,,,,,,,,goods,1,,,Active,each,,280-110-023,,,,,NGN 16450.78,Cost of Goods Sold,,Inventory Asset,fifo,false,,,,,0.00,false,Inventory,true,true,true,110-Dental Units & Accessories,280-Equipment,,,,,,,,,,,
5583220000001468256,2025-06-24 20:07:15,2026-01-26 13:04:58,SYNTHOGRAFT 1.0G (500-1000) (2) secondary,,NGN 0.00,Sales,false,,,0.00,0.00,0.00,0.00,cm,kg,,,,,,,,goods,1,,,Inactive,pcs,Pieces,null,,,,,NGN 110601.79,Cost of Goods Sold,cm,Inventory Asset,fifo,false,,,,,5.00,false,Inventory,true,true,true,,,,,,,,,,,,,
5583220000001468265,2025-06-24 20:07:15,2026-01-26 12:52:17,PERM ABUT (3MM) 5.0 X 5MM 15° (2) secondary,,NGN 0.00,Sales,false,,,0.00,0.00,0.00,0.00,cm,kg,,,,,,,,goods,1,,,Inactive,Each,,null,,,,,NGN 79237.10,Cost of Goods Sold,cm,Inventory Asset,fifo,false,,,,,1.00,false,Inventory,true,true,true,,,,,,,,,,,,,
5583220000001468274,2025-06-24 20:07:15,2026-01-29 17:07:40,UNIVERSAL ABUTMENT UA5 SP 0 DEGREES- 3.0MM POST,Bicon universal abutments provide versatility for various restorative indications with the signature locking taper connection.,NGN 0.00,Sales,false,Bicon,BICON,0.005,0.50,0.50,0.30,cm,kg,,,,,,,,goods,1,,,Active,pcs,Pieces,320-170-003,,,,,NGN 82538.65,Cost of Goods Sold,cm,Inventory Asset,fifo,false,,,,,0.00,false,Inventory,true,true,true,170-Universal Abutments,320-Implantology,,,Queue for Upload,Bicon Universal,Well,3.0MM,Size,UA5,Degree,0°,320-123-003
5583220000001468283,2025-06-24 20:07:15,2026-01-26 12:49:56,INTEGRA-CP (3MM) 5.0 X 11MM Secondary,,NGN 0.00,Sales,false,,,0.00,0.00,0.00,0.00,cm,kg,,,,,,,,goods,1,,,Inactive,pcs,Pieces,null,,,,,NGN 115554.11,Cost of Goods Sold,cm,Inventory Asset,fifo,false,,,,,0.00,false,Inventory,true,true,true,,,,,,,,,,,,,
5583220000001468292,2025-06-24 20:07:15,2026-01-26 13:03:37,PERM ABUT (3MM) 6.5 X 5MM 15° (2) secondary,,NGN 0.00,Sales,false,,,0.00,0.00,0.00,0.00,cm,kg,,,,,,,,goods,1,,,Inactive,pcs,Pieces,null,,,,,NGN 79237.10,Cost of Goods Sold,cm,Inventory Asset,fifo,false,,,,,0.00,false,Inventory,true,true,true,,,,,,,,,,,,,
5583220000001468301,2025-06-24 20:07:15,2026-01-26 12:49:48,INTEGRA-CP (3MM) 4.5 X 6MM Secondary,,NGN 0.00,Sales,false,,,0.00,0.00,0.00,0.00,cm,kg,,,,,,,,goods,1,,,Inactive,pcs,Pieces,null,,,,,NGN 115554.11,Cost of Goods Sold,cm,Inventory Asset,fifo,false,,,,,0.00,false,Inventory,true,true,true,,,,,,,,,,,,,
5583220000001468310,2025-06-24 20:07:15,2026-01-26 13:06:35,UNIVERSAL ABUTMENT UA5 SP 0 DEGREES- 3.0MM TALL POST Secondary,,NGN 0.00,Sales,false,,,0.00,0.00,0.00,0.00,cm,kg,,,,,,,,goods,1,,,Inactive,pcs,Pieces,null,,,,,NGN 82538.65,Cost of Goods Sold,cm,Inventory Asset,fifo,false,,,,,0.00,false,Inventory,true,true,true,,,,,,,,,,,,,
5583220000001468319,2025-06-24 20:07:15,2026-01-26 13:03:34,PERM ABUT (3MM) 6.5 X 5MM 0° (2) secondary,,NGN 0.00,Sales,false,,,0.00,0.00,0.00,0.00,cm,kg,,,,,,,,goods,1,,,Inactive,pcs,Pieces,null,,,,,NGN 79237.10,Cost of Goods Sold,cm,Inventory Asset,fifo,false,,,,,2.00,false,Inventory,true,true,true,,,,,,,,,,,,,
5583220000001468328,2025-06-24 20:07:15,2026-01-26 13:03:45,PERM ABUT (3MM) 6.5 X 6.5MM 15° (2) secondary,,NGN 0.00,Sales,false,,,0.00,0.00,0.00,0.00,cm,kg,,,,,,,,goods,1,,,Inactive,pcs,Pieces,null,,,,,NGN 79237.10,Cost of Goods Sold,cm,Inventory Asset,fifo,false,,,,,0.00,false,Inventory,true,true,true,,,,,,,,,,,,,
5583220000001468337,2025-06-24 20:07:15,2026-01-26 12:49:51,INTEGRA-CP (3MM) 4.5 X 8MM Secondary,,NGN 0.00,Sales,false,,,0.00,0.00,0.00,0.00,cm,kg,,,,,,,,goods,1,,,Inactive,pcs,Pieces,null,,,,,NGN 115554.11,Cost of Goods Sold,cm,Inventory Asset,fifo,false,,,,,11.00,false,Inventory,true,true,true,,,,,,,,,,,,,
5583220000001468346,2025-06-24 20:07:15,2026-01-26 12:49:10,INTEGRA-CP (2.5MM) 4.0 x 5.0MM Secondary,,NGN 0.00,Sales,false,,,0.00,0.00,0.00,0.00,cm,kg,,,,,,,,goods,1,,,Inactive,pcs,Pieces,null,,,,,NGN 115554.11,Cost of Goods Sold,cm,Inventory Asset,fifo,false,,,,,0.00,false,Inventory,true,true,true,,,,,,,,,,,,,
5583220000001468355,2025-06-24 20:07:15,2026-01-26 12:51:25,PERM ABUT (2.5MM) 4.0 X 6.5MM 15° (2) secondary,,NGN 0.00,Sales,false,,,0.00,0.00,0.00,0.00,cm,kg,,,,,,,,goods,1,,,Inactive,pcs,Pieces,null,,,,,NGN 79237.10,Cost of Goods Sold,cm,Inventory Asset,fifo,false,,,,,4.00,false,Inventory,true,true,true,,,,,,,,,,,,,
5583220000001468364,2025-06-24 20:07:15,2026-01-26 12:51:36,PERM ABUT (2.5MM) 5.0 X 6.5MM 0° (2) secondary,,NGN 0.00,Sales,false,,,0.00,0.00,0.00,0.00,cm,kg,,,,,,,,goods,1,,,Inactive,Each,,null,,,,,NGN 79237.10,Cost of Goods Sold,cm,Inventory Asset,fifo,false,,,,,7.00,false,Inventory,true,true,true,,,,,,,,,,,,,
5583220000001468373,2025-06-24 20:07:16,2026-01-29 17:06:39,PERM ABUT (2.5MM) 4.0 X 6.5MM 0° WELL,Bicon dental abutments utilize a screwless 1.5-degree locking taper connection for a secure bacterial seal and 360-degree universal positioning.,NGN 116900.00,Sales,false,Bicon,BICON,0.00,0.00,0.00,0.00,cm,kg,,,,,,,,goods,1,,,Active,pcs,Pieces,320-140-033,,,,,NGN 73710.31,Cost of Goods Sold,cm,Inventory Asset,fifo,false,,,,,14.00,false,Inventory,true,true,true,140-Permanent Abutments,320-Implantology,,,Queue for Upload,Bicon Permanent,Well,2.5MM,Size,4.0X6.5MM,Degree,0°,320-122-001
5583220000001468382,2025-06-24 20:07:16,2026-01-26 12:49:28,INTEGRA-CP (2.5MM) 4.5 X 8.0MM Secondary,,NGN 0.00,Sales,false,,,0.00,0.00,0.00,0.00,cm,kg,,,,,,,,goods,1,,,Inactive,pcs,Pieces,null,,,,,NGN 115554.11,Cost of Goods Sold,cm,Inventory Asset,fifo,false,,,,,1.00,false,Inventory,true,true,true,,,,,,,,,,,,,
5583220000001468391,2025-06-24 20:07:16,2026-01-26 12:52:01,PERM ABUT (3MM) 4.0 X 10MM 15° (2) Secondary,,NGN 0.00,Sales,false,,,0.00,0.00,0.00,0.00,cm,kg,,,,,,,,goods,1,,,Inactive,pcs,Pieces,null,,,,,NGN 79237.10,Cost of Goods Sold,cm,Inventory Asset,fifo,false,,,,,0.00,false,Inventory,true,true,true,,,,,,,,,,,,,
5583220000001468400,2025-06-24 20:07:16,2026-01-26 13:03:41,PERM ABUT (3MM) 6.5 X 6.5MM 0° (2) secondary,,NGN 0.00,Sales,false,,,0.00,0.00,0.00,0.00,cm,kg,,,,,,,,goods,1,,,Inactive,pcs,Pieces,null,,,,,NGN 79237.10,Cost of Goods Sold,cm,Inventory Asset,fifo,false,,,,,0.00,false,Inventory,true,true,true,,,,,,,,,,,,,
5583220000001468409,2025-06-24 20:07:16,2026-01-26 12:51:46,PERM ABUT (2MM) 4.0 X 10MM 0° (2) secondary,,NGN 0.00,Sales,false,,,0.00,0.00,0.00,0.00,cm,kg,,,,,,,,goods,1,,,Inactive,pcs,Pieces,null,,,,,NGN 79237.10,Cost of Goods Sold,cm,Inventory Asset,fifo,false,,,,,0.00,false,Inventory,true,true,true,,,,,,,,,,,,,
5583220000001468464,2025-06-24 20:07:16,2026-01-26 12:50:44,MERSILK SUTURES-ETHICON (36PK)(W329H),,NGN 0.00,Sales,false,,,0.00,0.00,0.00,0.00,,,,,,,,,,goods,1,,,Inactive,,,null,,,,,NGN 302049.29,Cost of Goods Sold,,Inventory Asset,fifo,false,,,,,5.00,false,Inventory,true,true,true,,,,,,,,,,,,,
5583220000001468487,2025-06-24 20:07:16,2026-01-26 13:06:30,UNICARE NITRILE WHITE EXAMINATION GLOVES MEDIUM secondary,,NGN 0.00,Sales,false,,,0.00,0.00,0.00,0.00,cm,kg,,,,,,,,goods,1,,,Inactive,pcs,Pieces,null,,,,,NGN 4200.00,Cost of Goods Sold,cm,Inventory Asset,fifo,false,,,,,39.00,false,Inventory,true,true,true,,,,,,,,,,,,,
5583220000001468508,2025-06-24 20:07:17,2026-01-29 16:48:44,REP. INTRA-ORAL TIPD WHITE (100PK),,NGN 0.00,Sales,false,,,0.00,0.00,0.00,0.00,cm,kg,,,,,,,,goods,1,,,Active,PACK,,200-140-002,,,,,NGN 43205.70,Cost of Goods Sold,,Inventory Asset,fifo,false,,,,,30.00,false,Inventory,true,true,true,140-Evacuation Tips & Valves,200-Disposable Products,,,,,,,,,,,
5583220000001468529,2025-06-24 20:07:17,2026-01-30 08:22:24,GALCIPRO  TN,,NGN 2300.00,Sales,false,SKG Pharma,SKG PHARMA,0.00,0.00,0.00,0.00,cm,kg,,,,,,,,goods,1,,,Active,Pack(s),,460-120-003,,,,,NGN 1980.00,Cost of Goods Sold,cm,Inventory Asset,fifo,false,,,,,322.00,false,Inventory,true,true,true,120-Antibiotics,460-Pharmaceuticals,,,,,,,,,,,
5583220000001468550,2025-06-24 20:07:17,2026-01-29 16:56:50,ROEKO GELATAMP BLISTER PACK (20/PK),,NGN 55300.00,Sales,false,,,0.00,0.00,0.00,0.00,cm,kg,,,,,,,,goods,1,,,Active,Pack(s),,260-180-009,,,,,NGN 40947.26,Cost of Goods Sold,,Inventory Asset,fifo,false,,,,,0.00,false,Inventory,true,true,true,180-Paper Points,260-Endodontics,,,,,,,,,,,
5583220000001468559,2025-06-24 20:07:17,2026-01-26 12:49:00,HYGENIC SPECTRA PAPER POINT ISO 30 (200/PK),,NGN 0.00,Sales,false,,,0.00,0.00,0.00,0.00,,,,,,,,,,goods,1,,,Inactive,,,null,,,,,NGN 14300.98,Cost of Goods Sold,,Inventory Asset,fifo,false,,,,,13.00,false,Inventory,true,true,true,,,,,,,,,,,,,
5583220000001468568,2025-06-24 20:07:17,2026-01-26 12:48:35,GUTTA PERCHA POINT TOP COLOR ISO #30,,NGN 0.00,Sales,false,,,0.00,0.00,0.00,0.00,,,,,,,,,,goods,1,,,Inactive,,,null,,,,,NGN 49650.08,Cost of Goods Sold,,Inventory Asset,fifo,false,,,,,7.00,false,Inventory,true,true,true,,,,,,,,,,,,,
5583220000001468577,2025-06-24 20:07:17,2026-01-26 12:47:25,DIATECH DIAMOND FG-368-314-023-5-F (2) secondary,,NGN 0.00,Sales,false,,,0.00,0.00,0.00,0.00,cm,kg,,,,,,,,goods,1,,,Inactive,pcs,Pieces,null,,,,,NGN 5549.27,Cost of Goods Sold,cm,Inventory Asset,fifo,false,,,,,0.00,false,Inventory,true,true,true,,,,,,,,,,,,,
5583220000001468586,2025-06-24 20:07:17,2026-01-26 12:48:30,GUTTA PERCHA POINT TOP COLOR ISO #25,,NGN 0.00,Sales,false,,,0.00,0.00,0.00,0.00,,,,,,,,,,goods,1,,,Inactive,,,null,,,,,NGN 49650.08,Cost of Goods Sold,,Inventory Asset,fifo,false,,,,,4.00,false,Inventory,true,true,true,,,,,,,,,,,,,
5583220000001468595,2025-06-24 20:07:17,2026-01-26 12:48:21,GUTTA PERCHA POINT TOP COLOR ISO #15,,NGN 67100.00,Sales,false,Coltene,COLTENE,0.00,0.00,0.00,0.00,cm,kg,,,,,,,,goods,1,,,Inactive,Pack(s),,null,,,,,NGN 36798399.00,Cost of Goods Sold,,Inventory Asset,fifo,false,,,,,0.00,false,Inventory,true,true,true,,,,,,,,,,,,,
5583220000001468604,2025-06-24 20:07:17,2026-01-26 12:48:24,GUTTA PERCHA POINT TOP COLOR ISO #20,,NGN 0.00,Sales,false,,,0.00,0.00,0.00,0.00,,,,,,,,,,goods,1,,,Inactive,,,null,,,,,NGN 49650.08,Cost of Goods Sold,,Inventory Asset,fifo,false,,,,,2.00,false,Inventory,true,true,true,,,,,,,,,,,,,
5583220000001468613,2025-06-24 20:07:17,2026-01-29 17:32:45,BRILL.FLOW A3/D3 2.3G,"Coltene Brilliant NG Flow. Nanofilled flowable composite. 2.3g Syringe. Thixotropic, high radiopacity, excellent aesthetics.",NGN 20000.00,Sales,false,Brilliant Flow,COLTENE,0.00,0.00,0.00,0.00,cm,kg,,,,,,,,goods,1,,,Active,Pcs,,520-160-008,,,,,NGN 10690.01,Cost of Goods Sold,,Inventory Asset,fifo,false,,,,,26.00,false,Inventory,true,true,true,160-Composites,520-Restorative,,https://products.coltene.com/EN/AE/media/IMG_PAC_VA_7101-Brilliant-Flow-SYR-P1-SG_OC.jpg,Published,COLTENE COMPOSITE,Type,Flowable,Shade,A3/D3,,,480-180-032
5583220000001468622,2025-06-24 20:07:18,2026-01-26 12:45:55,BRILL. NG ENAMEL A3/D3  4G secondary,,NGN 0.00,Sales,false,,,0.00,0.00,0.00,0.00,cm,kg,,,,,,,,goods,1,,,Inactive,pcs,Pieces,null,,,,,NGN 18945.75,Cost of Goods Sold,cm,Inventory Asset,fifo,false,,,,,0.00,false,Inventory,true,true,true,,,,,,,,,,,,,
5583220000001468661,2025-06-24 20:07:18,2026-01-29 17:19:21,ISOLATE SEPARATING EMULSION (COLD MOULD SEAL) (5LTRS),,NGN 128300.00,Sales,false,,,0.00,0.00,0.00,0.00,cm,kg,,,,,,,,goods,1,,,Active,Keg(s),,380-110-015,,,,,NGN 95000.00,Cost of Goods Sold,,Inventory Asset,fifo,false,,,,,0.00,false,Inventory,true,true,true,110-Accessories,380-Lab Products,,,,,,,,,,,
5583220000001468682,2025-06-24 20:07:18,2026-01-30 08:22:24,COPAL-F CAVITY VARNISH WITH FLUORIDE,,NGN 20000.00,Sales,false,,,0.00,0.00,0.00,0.00,cm,kg,,,,,,,,goods,1,,,Active,each,,520-150-001,,,,,NGN 14500.00,Cost of Goods Sold,,Inventory Asset,fifo,false,,,,,0.00,false,Inventory,true,true,true,150-Cements & Liners,520-Restorative,,,,,,,,,,,
5583220000001468703,2025-06-24 20:07:18,2026-01-29 16:59:31,INTERNAL SUPPLY CABLE (97521377),,NGN 22900.00,Sales,false,,,0.00,0.00,0.00,0.00,cm,kg,,,,,,,,goods,1,,,Active,pcs,Pieces,280-110-036,,,,,NGN 16893.63,Cost of Goods Sold,,Inventory Asset,fifo,false,,,,,0.00,false,Inventory,true,true,true,110-Dental Units & Accessories,280-Equipment,,,,,,,,,,,
5583220000001468712,2025-06-24 20:07:18,2026-01-29 16:58:31,AC+DC CHAIR BOAD 2023 (97662836),,NGN 936100.00,Sales,false,,,0.00,0.00,0.00,0.00,cm,kg,,,,,,,,goods,1,,,Active,pcs,Pieces,280-110-010,,,,,NGN 693373.45,Cost of Goods Sold,,Inventory Asset,fifo,false,,,,,0.00,false,Inventory,true,true,true,110-Dental Units & Accessories,280-Equipment,,,,,,,,,,,
5583220000001468721,2025-06-24 20:07:18,2026-01-29 16:58:22,2017 INT. ZEN-X GR. (95510189),,NGN 0.00,Sales,false,,,0.00,0.00,0.00,0.00,cm,kg,,,,,,,,goods,1,,,Active,Pcs,,280-110-006,,,,,NGN 207539.56,Cost of Goods Sold,,Inventory Asset,fifo,false,,,,,0.00,false,Inventory,true,true,true,110-Dental Units & Accessories,280-Equipment,,,,,,,,,,,
5583220000001500161,2025-06-25 20:19:29,2026-01-26 12:49:20,INTEGRA-CP (2.5MM) 4.0 X 8.0MM Secondary,,NGN 0.00,Sales,false,,,0.00,0.00,0.00,0.00,cm,kg,,,,,,,,goods,1,,,Inactive,pcs,Pieces,null,,,,,NGN 40266.80,Cost of Goods Sold,cm,Inventory Asset,fifo,false,,,,,6.00,false,Inventory,true,true,true,,,,,,,,,,,,,
5583220000001500170,2025-06-25 20:19:30,2026-01-26 12:49:24,INTEGRA-CP (2.5MM) 4.5 X 11MM Secondary,,NGN 0.00,Sales,false,,,0.00,0.00,0.00,0.00,cm,kg,,,,,,,,goods,1,,,Inactive,pcs,Pieces,null,,,,,NGN 0.00,Cost of Goods Sold,cm,Inventory Asset,fifo,false,,,,,0.00,false,Inventory,true,true,true,,,,,,,,,,,,,
5583220000001500179,2025-06-25 20:19:30,2026-01-26 12:49:32,INTEGRA-CP (2MM) 3.0 X 8MM Secondary,,NGN 0.00,Sales,false,,,0.00,0.00,0.00,0.00,cm,kg,,,,,,,,goods,1,,,Inactive,pcs,Pieces,null,,,,,NGN 120800.40,Cost of Goods Sold,cm,Inventory Asset,fifo,false,,,,,0.00,false,Inventory,true,true,true,,,,,,,,,,,,,
5583220000001500188,2025-06-25 20:19:30,2026-01-26 12:49:38,INTEGRA-CP (2MM) 3.5 X 8MM Secondary,,NGN 0.00,Sales,false,,,0.00,0.00,0.00,0.00,cm,kg,,,,,,,,goods,1,,,Inactive,pcs,Pieces,null,,,,,NGN 120800.40,Cost of Goods Sold,cm,Inventory Asset,fifo,false,,,,,1.00,false,Inventory,true,true,true,,,,,,,,,,,,,
5583220000001500197,2025-06-25 20:19:30,2026-01-26 12:50:33,LATCH REAMER - 4.5MM secondary,,NGN 0.00,Sales,false,,,0.00,0.00,0.00,0.00,cm,kg,,,,,,,,goods,1,,,Inactive,pcs,Pieces,null,,,,,NGN 92412.31,Cost of Goods Sold,cm,Inventory Asset,fifo,false,,,,,0.00,false,Inventory,true,true,true,,,,,,,,,,,,,
5583220000001500206,2025-06-25 20:19:30,2026-01-26 12:52:09,PERM ABUT (3MM) 4.0 X 6.5MM 15° (2) secondary,,NGN 0.00,Sales,false,,,0.00,0.00,0.00,0.00,cm,kg,,,,,,,,goods,1,,,Inactive,pcs,Pieces,null,,,,,NGN 82834.56,Cost of Goods Sold,cm,Inventory Asset,fifo,false,,,,,0.00,false,Inventory,true,true,true,,,,,,,,,,,,,
5583220000001500215,2025-06-25 20:19:30,2026-01-26 12:52:13,PERM ABUT (3MM) 5.0 X 5MM 0° (2) secondary,,NGN 0.00,Sales,false,,,0.00,0.00,0.00,0.00,cm,kg,,,,,,,,goods,1,,,Inactive,Each,,null,,,,,NGN 82834.56,Cost of Goods Sold,cm,Inventory Asset,fifo,false,,,,,1.00,false,Inventory,true,true,true,,,,,Ignore,,,,,,,,
5583220000001500224,2025-06-25 20:19:30,2026-01-26 13:03:29,PERM ABUT (3MM) 5.0 X 6.5MM 25° (2) secondary,,NGN 0.00,Sales,false,,,0.00,0.00,0.00,0.00,cm,kg,,,,,,,,goods,1,,,Inactive,pcs,Pieces,null,,,,,NGN 120800.40,Cost of Goods Sold,cm,Inventory Asset,fifo,false,,,,,2.00,false,Inventory,true,true,true,,,,,,,,,,,,,
5583220000001500233,2025-06-25 20:19:30,2026-01-26 13:03:49,PERM ABUT(2MM) 4.0 X 6.5MM 0* Secondary,,NGN 0.00,Sales,false,,,0.00,0.00,0.00,0.00,cm,kg,,,,,,,,goods,1,,,Inactive,pcs,Pieces,null,,,,,NGN 82834.56,Cost of Goods Sold,cm,Inventory Asset,fifo,false,,,,,0.00,false,Inventory,true,true,true,,,,,,,,,,,,,
5583220000001500242,2025-06-25 20:19:30,2026-01-26 13:04:04,RESORBABLE MEMBRANE 20X30MM (2),,NGN 0.00,Sales,false,,,0.00,0.00,0.00,0.00,,,,,,,,,,goods,1,,,Inactive,,,null,,,,,NGN 198457.81,Cost of Goods Sold,,Inventory Asset,fifo,false,,,,,0.00,false,Inventory,true,true,true,,,,,,,,,,,,,
5583220000001500303,2025-06-25 20:19:30,2026-01-26 12:38:08,(Bicon Accessories) Paralleling Pin 0°,,NGN 0.00,Sales,false,,,0.00,0.00,0.00,0.00,,,,,,,,,,goods,1,,,Inactive,,,null,,,,,NGN 24443.96,Cost of Goods Sold,,Inventory Asset,fifo,false,,,,,0.00,false,Inventory,true,true,true,,,,,,,,,,,,,
5583220000001500312,2025-06-25 20:19:31,2026-01-26 12:49:15,INTEGRA-CP (2.5MM) 4.0 X 6.0MM secondary,,NGN 0.00,Sales,false,,,0.00,0.00,0.00,0.00,cm,kg,,,,,,,,goods,1,,,Inactive,pcs,Pieces,null,,,,,NGN 108639.84,Cost of Goods Sold,cm,Inventory Asset,fifo,false,,,,,0.00,false,Inventory,true,true,true,,,,,,,,,,,,,
5583220000001500321,2025-06-25 20:19:31,2026-01-26 12:51:41,PERM ABUT (2.5MM) 5.0 X 6.5MM 15° (2) secondary,,NGN 0.00,Sales,false,,,0.00,0.00,0.00,0.00,cm,kg,,,,,,,,goods,1,,,Inactive,pcs,Pieces,null,,,,,NGN 74495.89,Cost of Goods Sold,cm,Inventory Asset,fifo,false,,,,,0.00,false,Inventory,true,true,true,,,,,,,,,,,,,
5583220000001500330,2025-06-25 20:19:31,2026-01-26 12:51:51,PERM ABUT (2MM) 4.0 X 6.5MM 15° (2) Secondary,,NGN 0.00,Sales,false,,,0.00,0.00,0.00,0.00,cm,kg,,,,,,,,goods,1,,,Inactive,pcs,Pieces,null,,,,,NGN 74495.89,Cost of Goods Sold,cm,Inventory Asset,fifo,false,,,,,0.00,false,Inventory,true,true,true,,,,,,,,,,,,,
5583220000001500339,2025-06-25 20:19:31,2026-01-26 12:52:21,PERM ABUT (3MM) 5.0 X 6.5MM 0° (2) secondary,,NGN 0.00,Sales,false,,,0.00,0.00,0.00,0.00,cm,kg,,,,,,,,goods,1,,,Inactive,Each,,null,,,,,NGN 74495.89,Cost of Goods Sold,cm,Inventory Asset,fifo,false,,,,,1.00,false,Inventory,true,true,true,,,,,,,,,,,,,
5583220000001500348,2025-06-25 20:19:31,2026-01-26 12:52:26,PERM ABUT (3MM) 5.0 X 6.5MM 15° (2) secondary,,NGN 0.00,Sales,false,,,0.00,0.00,0.00,0.00,cm,kg,,,,,,,,goods,1,,,Inactive,Each,,null,,,,,NGN 74495.89,Cost of Goods Sold,cm,Inventory Asset,fifo,false,,,,,0.00,false,Inventory,true,true,true,,,,,,,,,,,,,
5583220000001500391,2025-06-25 20:19:31,2026-01-29 16:58:47,DISTILLED WATER TANK (97461268) - (Castellini parts),,NGN 168100.00,Sales,false,Castellini,CASTELLINI,0.00,0.00,0.00,0.00,cm,kg,,,,,,,,goods,1,,,Active,pcs,Pieces,280-110-018,,,,,NGN 124510.32,Cost of Goods Sold,cm,Inventory Asset,fifo,false,,,,,3.00,false,Inventory,true,true,true,110-Dental Units & Accessories,280-Equipment,,,,,,,,,,,
5583220000001500400,2025-06-25 20:19:31,2026-01-29 16:58:14,1LT TANK FLANGE GROUP (91109397),,NGN 125100.00,Sales,false,,,0.00,0.00,0.00,0.00,cm,kg,,,,,,,,goods,1,,,Active,each,,280-110-003,,,,,NGN 92611.11,Cost of Goods Sold,,Inventory Asset,fifo,false,,,,,0.00,false,Inventory,true,true,true,110-Dental Units & Accessories,280-Equipment,,,,,,,,,,,
5583220000001500409,2025-06-25 20:19:31,2026-01-29 16:59:26,INTERNAL CAN BUS CABLE (97521378),,NGN 26600.00,Sales,false,,,0.00,0.00,0.00,0.00,cm,kg,,,,,,,,goods,1,,,Active,pcs,Pieces,280-110-034,,,,,NGN 19633.07,Cost of Goods Sold,,Inventory Asset,fifo,false,,,,,0.00,false,Inventory,true,true,true,110-Dental Units & Accessories,280-Equipment,,,,,,,,,,,
5583220000001500418,2025-06-25 20:19:31,2026-01-29 16:59:39,LAMP POTENT. EL. SYSTEM (97522186),,NGN 17900.00,Sales,false,,,0.00,0.00,0.00,0.00,cm,kg,,,,,,,,goods,1,,,Active,each,,280-110-039,,,,,NGN 13185.31,Cost of Goods Sold,,Inventory Asset,fifo,false,,,,,0.00,false,Inventory,true,true,true,110-Dental Units & Accessories,280-Equipment,,,,,,,,,,,
5583220000001500427,2025-06-25 20:19:31,2026-01-29 17:00:35,"SOLENOID VALVE 3/2 NC D1, 1 (97720234)",,NGN 96500.00,Sales,false,,,0.00,0.00,0.00,0.00,cm,kg,,,,,,,,goods,1,,,Active,pcs,Pieces,280-110-062,,,,,NGN 71420.43,Cost of Goods Sold,,Inventory Asset,fifo,false,,,,,0.00,false,Inventory,true,true,true,110-Dental Units & Accessories,280-Equipment,,,,,,,,,,,
5583220000001500436,2025-06-25 20:19:31,2026-01-29 17:00:48,TANK JUNCTION GR. WITH PROBE (91105859,,NGN 290600.00,Sales,false,CEFLA,CEFLA,0.00,0.00,0.00,0.00,cm,kg,,,,,,,,goods,1,,,Active,Each,,280-110-068,,,,,NGN 215239.50,Cost of Goods Sold,,Inventory Asset,fifo,false,,,,,0.00,false,Inventory,true,true,true,110-Dental Units & Accessories,280-Equipment,,,,,,,,,,,
5583220000001500467,2025-06-25 20:19:31,2026-01-29 17:00:37,STRAIGHT TUBES GR.D.11 X 2.3M,,NGN 165300.00,Sales,false,,,0.00,0.00,0.00,0.00,cm,kg,,,,,,,,goods,1,,,Active,pcs,Pieces,280-110-063,,,,,NGN 113729.02,Cost of Goods Sold,,Inventory Asset,fifo,false,,,,,3.00,false,Inventory,true,true,true,110-Dental Units & Accessories,280-Equipment,,,,,,,,,,,
5583220000001500476,2025-06-25 20:19:31,2026-01-29 17:00:14,SECT. TUB. SCALER L1400 (91106309),,NGN 334900.00,Sales,false,Castellini,CASTELLINI,0.00,0.00,0.00,0.00,cm,kg,,,,,,,,goods,1,,,Active,Pcs,,280-110-053,,,,,NGN 230490.82,Cost of Goods Sold,,Inventory Asset,fifo,false,,,,,1.00,false,Inventory,true,true,true,110-Dental Units & Accessories,280-Equipment,,,,,,,,,,,
5583220000001500501,2025-06-25 20:19:32,2026-01-29 17:02:28,(cattani) ASPIJET 6 MOBILE SUCTION,,NGN 3983000.00,Sales,false,,,0.00,0.00,0.00,0.00,cm,kg,,,,,,,,goods,1,,,Active,Item(s),,280-140-001,,,,,NGN 2949679.40,Cost of Goods Sold,,Inventory Asset,fifo,false,,,,,1.00,false,Inventory,true,true,true,140-Small Equipment,280-Equipment,,,,,,,,,,,
5583220000001500510,2025-06-25 20:19:32,2026-01-29 17:02:30,CENTRIFUGAL SEPARAT. T-JET 1/2 + BOX 230V (025240),,NGN 0.00,Sales,false,,,0.00,0.00,0.00,0.00,cm,kg,,,,,,,,goods,1,,,Active,pcs,Pieces,280-140-002,,,,,NGN 610435.58,Cost of Goods Sold,,Inventory Asset,fifo,false,,,,,0.00,false,Inventory,true,true,true,140-Small Equipment,280-Equipment,,,,,,,,,,,
5583220000001500519,2025-06-25 20:19:32,2026-01-29 17:03:09,"TURBO-JET  ""1"" MOD",,NGN 0.00,Sales,false,,,0.00,0.00,0.00,0.00,cm,kg,,,,,,,,goods,1,,,Active,Each,,280-140-017,,,,,NGN 3136454.47,Cost of Goods Sold,,Inventory Asset,fifo,false,,,,,0.00,false,Inventory,true,true,true,140-Small Equipment,280-Equipment,,,,,,,,,,,
5583220000001500544,2025-06-25 20:19:32,2026-01-26 12:38:28,(Dentslpy) AH PLUS,,NGN 0.00,Sales,false,,,0.00,0.00,0.00,0.00,,,,,,,,,,goods,1,,,Inactive,,,null,,,,,NGN 121516.40,Cost of Goods Sold,,Inventory Asset,fifo,false,,,,,0.00,false,Inventory,true,true,true,,,,,,,,,,,,,
5583220000001500553,2025-06-25 20:19:32,2026-01-29 08:49:06,IRM,,NGN 112200.00,Sales,false,,,0.00,0.00,0.00,0.00,cm,kg,,,,,,,,goods,1,,,Active,Each,,520-150-005,,,,,NGN 81012.70,Cost of Goods Sold,,Inventory Asset,fifo,false,,,,,0.00,false,Inventory,true,true,true,150-Cements & Liners,520-Restorative,,,,,,,,,,,
5583220000001500562,2025-06-25 20:19:32,2026-01-26 12:44:28,(Dentsply) K-FILE READYSTEEL 25MM 010,,NGN 0.00,Sales,false,,,0.00,0.00,0.00,0.00,,,,,,,,,,goods,1,,,Inactive,,,null,,,,,NGN 22369.36,Cost of Goods Sold,,Inventory Asset,fifo,false,,,,,5.00,false,Inventory,true,true,true,,,,,,,,,,,,,
5583220000001500571,2025-06-25 20:19:32,2026-01-26 12:47:29,DISPOSA-SHIELD No.2 TUBES (DENTSPLY),,NGN 0.00,Sales,false,,,0.00,0.00,0.00,0.00,,,,,,,,,,goods,1,,,Inactive,,,null,,,,,NGN 39701.28,Cost of Goods Sold,,Inventory Asset,fifo,false,,,,,88.00,false,Inventory,true,true,true,,,,,,,,,,,,,
5583220000001500580,2025-06-25 20:19:32,2026-01-26 12:47:33,DISPOSA-SHIELD No.3 TUBES (DENTSPLY),,NGN 0.00,Sales,false,,,0.00,0.00,0.00,0.00,,,,,,,,,,goods,1,,,Inactive,,,null,,,,,NGN 39701.28,Cost of Goods Sold,,Inventory Asset,fifo,false,,,,,90.00,false,Inventory,true,true,true,,,,,,,,,,,,,
5583220000001500589,2025-06-25 20:19:32,2026-01-26 12:48:46,GUTTA PERCHA PROTAPER F2 (DENTSPLY),,NGN 0.00,Sales,false,,,0.00,0.00,0.00,0.00,,,,,,,,,,goods,1,,,Inactive,,,null,,,,,NGN 31459.93,Cost of Goods Sold,,Inventory Asset,fifo,false,,,,,0.00,false,Inventory,true,true,true,,,,,,,,,,,,,
5583220000001500598,2025-06-25 20:19:32,2026-01-29 17:23:12,MIXING TIPS - TEAL (DENTSPLY) (48/PACK),,NGN 0.00,Sales,true,,,0.00,0.00,0.00,0.00,cm,kg,,,,,,,,goods,1,,,Active,PACK,,380-160-023,,,,,NGN 32154.75,Cost of Goods Sold,,Inventory Asset,fifo,false,,,,,29.00,false,Inventory,true,true,true,160-Impression Materials,380-Lab Products,,,,,,,,,,,
5583220000001500607,2025-06-25 20:19:32,2026-01-26 13:07:09,WAVEONE GOLD ASSORTED 4-FILE 25MM - Secondary,,NGN 0.00,Sales,false,,,0.00,0.00,0.00,0.00,cm,kg,,,,,,,,goods,1,,,Inactive,pcs,Pieces,null,,,,,NGN 94630.70,Cost of Goods Sold,cm,Inventory Asset,fifo,false,,,,,0.00,false,Inventory,true,true,true,,,,,,,,,,,,,
5583220000001500644,2025-06-25 20:19:32,2026-01-29 17:23:28,(PEARSON) BROWNIE PTs. SHP-PC2 (#0272),,NGN 9700.00,Sales,false,,,0.00,0.00,0.00,0.00,cm,kg,,,,,,,,goods,1,,,Active,Box(es),,380-180-003,,,,,NGN 7115.81,Cost of Goods Sold,,Inventory Asset,fifo,false,,,,,24.00,false,Inventory,true,true,true,180-Lab Burs,380-Lab Products,,,,,,,,,,,
5583220000001500653,2025-06-25 20:19:33,2026-01-29 09:01:08,(PELLA) CROWN FORM REFILL #11,,NGN 76700.00,Sales,false,,,0.00,0.00,0.00,0.00,cm,kg,,,,,,,,goods,1,,,Active,PCS,,520-190-002,,,,,NGN 56787.85,Cost of Goods Sold,,Inventory Asset,fifo,false,,,,,0.00,false,Inventory,true,true,true,190-Matrix Systems,520-Restorative,,,,,,,,,,,
5583220000001500662,2025-06-25 20:19:33,2026-01-29 08:58:59,(PELLA) CROWN FORM REFILL #111,,NGN 76700.00,Sales,false,,,0.00,0.00,0.00,0.00,cm,kg,,,,,,,,goods,1,,,Active,pcs,Pieces,520-190-004,,,,,NGN 56787.85,Cost of Goods Sold,,Inventory Asset,fifo,false,,,,,0.00,false,Inventory,true,true,true,190-Matrix Systems,520-Restorative,,,,,,,,,,,
5583220000001500671,2025-06-25 20:19:33,2026-01-29 08:58:59,(PELLA) CROWN FORM REFILL #161,,NGN 76700.00,Sales,false,,,0.00,0.00,0.00,0.00,cm,kg,,,,,,,,goods,1,,,Active,pcs,Pieces,520-190-006,,,,,NGN 56787.85,Cost of Goods Sold,,Inventory Asset,fifo,false,,,,,0.00,false,Inventory,true,true,true,190-Matrix Systems,520-Restorative,,,,,,,,,,,
5583220000001500680,2025-06-25 20:19:33,2026-01-29 08:58:58,(PELLA) CROWN FORM REFILL #22,,NGN 76700.00,Sales,false,,,0.00,0.00,0.00,0.00,cm,kg,,,,,,,,goods,1,,,Active,each,,520-190-008,,,,,NGN 56794.68,Cost of Goods Sold,,Inventory Asset,fifo,false,,,,,2.00,false,Inventory,true,true,true,190-Matrix Systems,520-Restorative,,,,,,,,,,,
5583220000001500689,2025-06-25 20:19:33,2026-01-26 12:44:32,2-IN-1 FLOSS & INTERDENT BRUSH Blue secondary,,NGN 0.00,Sales,false,,,0.00,0.00,0.00,0.00,cm,kg,,,,,,,,goods,1,,,Inactive,pcs,Pieces,null,,,,,NGN 4611.54,Cost of Goods Sold,cm,Inventory Asset,fifo,false,,,,,0.00,false,Inventory,true,true,true,,,Pieces,,,,,,,,,,
5583220000001500698,2025-06-25 20:19:33,2026-01-26 12:44:47,BIBS - BLUE (CROSSTEX) (2),,NGN 0.00,Sales,false,,,0.00,0.00,0.00,0.00,,,,,,,,,,goods,1,,,Inactive,,,null,,,,,NGN 74944.16,Cost of Goods Sold,,Inventory Asset,fifo,false,,,,,18.00,false,Inventory,true,true,true,,,,,,,,,,,,,
5583220000001500707,2025-06-25 20:19:33,2026-01-29 16:51:20,PLASDENT BIBS 2-PLY BLUE,"Premium 2-Ply Tissue, 1-Ply Poly (poly-back) Dental Bibs. Embossed horizontal pattern for maximum absorbency and water resistance. Size: 13"" x 18"".",NGN 62760.00,Sales,false,Plasdent,PLASDENT,3.18,45.00,33.00,21.00,cm,kg,,,,,,,,goods,1,,,Active,box,Box,200-190-006,,,,,NGN 41368.67,Cost of Goods Sold,,Inventory Asset,fifo,false,,,,,15.00,false,Inventory,true,true,true,190-Patient Bibs,200-Disposable Products,,https://www.plasdent.com,Queue for Upload,Plasdent Patient Bibs,Color,Blue,,,,,180-220-008
5583220000001500716,2025-06-25 20:19:33,2026-01-26 12:45:05,BIBS GREEN (PLASDENT) (BIB 04) (2),,NGN 0.00,Sales,false,,,0.00,0.00,0.00,0.00,cm,kg,,,,,,,,goods,1,,,Inactive,pcs,Pieces,null,,,,,NGN 52149.96,Cost of Goods Sold,cm,Inventory Asset,fifo,false,,,,,19.00,false,Inventory,true,true,true,,,Pieces,,,,,,,,,,
5583220000001500725,2025-06-25 20:19:33,2026-01-29 08:54:43,PLASDENT BIBS 2-PLY LAVENDER,"Premium 2-Ply Tissue, 1-Ply Poly (poly-back) Dental Bibs. Embossed horizontal pattern for maximum absorbency and water resistance. Size: 13"" x 18"".",NGN 62760.00,Sales,false,Plasdent,PLASDENT,3.18,45.00,33.00,21.00,cm,kg,,,,,,,,goods,1,,,Active,box,Box,200-190-008,,,,,NGN 41368.67,Cost of Goods Sold,,Inventory Asset,fifo,false,,,,,17.00,false,Inventory,true,true,true,190-Patient Bibs,200-Disposable Products,,https://www.plasdent.com,Queue for Upload,Plasdent Patient Bibs,Color,Lavender,,,,,180-220-010
5583220000001500734,2025-06-25 20:19:33,2026-01-29 16:51:27,PLASDENT BIBS 2-PLY PEACH,"Premium 2-Ply Tissue, 1-Ply Poly (poly-back) Dental Bibs. Embossed horizontal pattern for maximum absorbency and water resistance. Size: 13"" x 18"".",NGN 62760.00,Sales,false,Plasdent,PLASDENT,3.18,45.00,33.00,21.00,cm,kg,,,,,,,,goods,1,,,Active,box,Box,200-190-009,,,,,NGN 413683.67,Cost of Goods Sold,,Inventory Asset,fifo,false,,,,,30.00,false,Inventory,true,true,true,190-Patient Bibs,200-Disposable Products,,https://www.plasdent.com,Queue for Upload,Plasdent Patient Bibs,Color,Peach,,,,,180-220-009
5583220000001500743,2025-06-25 20:19:33,2026-01-26 12:45:09,BIBS PINK (PLASDENT) (BIB 06) (2),,NGN 0.00,Sales,false,,,0.00,0.00,0.00,0.00,,,,,,,,,,goods,1,,,Inactive,,,null,,,,,NGN 52149.96,Cost of Goods Sold,,Inventory Asset,fifo,false,,,,,24.00,false,Inventory,true,true,true,,,,,,,,,,,,,
5583220000001500752,2025-06-25 20:19:33,2026-01-29 09:04:33,BURS-TWO STRIPER SHORT-CUT DIAMOND 285.5C S (PEARSON),,NGN 42600.00,Sales,false,,,0.00,0.00,0.00,0.00,cm,kg,,,,,,,,goods,1,,,Active,Pcs,,160-130-001,,,,,NGN 31499.30,Cost of Goods Sold,,Inventory Asset,fifo,false,,,,,0.00,false,Inventory,true,true,true,130-Diamond Burs,160-Burs,,,,,,,,,,,
5583220000001500761,2025-06-25 20:19:33,2026-01-29 08:47:31,CARBIDE BUR FINE CUT 47XF,,NGN 28800.00,Sales,false,,,0.00,0.00,0.00,0.00,cm,kg,,,,,,,,goods,1,,,Active,Pcs,,160-120-007,,,,,NGN 21321.06,Cost of Goods Sold,,Inventory Asset,fifo,false,,,,,3.00,false,Inventory,true,true,true,120-Carbide Burs,160-Burs,,,,,,,,,,,
5583220000001500770,2025-06-25 20:19:33,2026-01-29 08:56:49,CAVIT WHITE,,NGN 318100.00,Sales,false,,,0.00,0.00,0.00,0.00,cm,kg,,,,,,,,goods,1,,,Active,pcs,Pieces,520-210-003,,,,,NGN 235638.60,Cost of Goods Sold,,Inventory Asset,fifo,false,,,,,1.00,false,Inventory,true,true,true,210-Temporary Filling Materials,520-Restorative,,,,,,,,,,,
5583220000001500779,2025-06-25 20:19:33,2026-01-26 12:46:13,Chlorhexidine Gluconate ORAL RINSE 0.12% (16OZ),,NGN 0.00,Sales,false,,,0.00,0.00,0.00,0.00,,,,,,,,,,goods,1,,,Inactive,,,null,,,,,NGN 14131.08,Cost of Goods Sold,,Inventory Asset,fifo,false,,,,,72.00,false,Inventory,true,true,true,,,,,,,,,,,,,
5583220000001500788,2025-06-25 20:19:33,2026-01-26 12:46:43,CRAYOLA  PIP-SQUEAKS TOOTHBRUSH (3-5YRS),,NGN 0.00,Sales,false,,,0.00,0.00,0.00,0.00,,,,,,,,,,goods,1,,,Inactive,,,null,,,,,NGN 2815.24,Cost of Goods Sold,,Inventory Asset,fifo,false,,,,,12.00,false,Inventory,true,true,true,,,,,,,,,,,,,
5583220000001500797,2025-06-25 20:19:33,2026-01-26 12:47:07,DENTAL NEEDLES (MONOJECT) -X-SHORT (2),,NGN 0.00,Sales,false,,,0.00,0.00,0.00,0.00,,,,,,,,,,goods,1,,,Inactive,,,null,,,,,NGN 29751.04,Cost of Goods Sold,,Inventory Asset,fifo,false,,,,,31.00,false,Inventory,true,true,true,,,,,,,,,,,,,
5583220000001500806,2025-06-25 20:19:33,2026-01-29 09:01:11,DIAMOND STRIPS 3.75MM WIDTH STD (10),,NGN 0.00,Sales,false,,,0.00,0.00,0.00,0.00,cm,kg,,,,,,,,goods,1,,,Active,Each,,520-170-003,,,,,NGN 85601.17,Cost of Goods Sold,,Inventory Asset,fifo,false,,,,,0.00,false,Inventory,true,true,true,170-Finishing & Polishing Kits,520-Restorative,,,,,,,,,,,
5583220000001500815,2025-06-25 20:19:33,2026-01-29 17:07:42,DIASHINE BRISTLE BRUSH HP SHANK,,NGN 0.00,Sales,false,,,0.00,0.00,0.00,0.00,cm,kg,,,,,,,,goods,1,,,Active,Each,,340-110-001,,,,,NGN 51736.97,Cost of Goods Sold,,Inventory Asset,fifo,false,,,,,0.00,false,Inventory,true,true,true,110-Accessories,340-Instruments,,,,,,,,,,,
5583220000001500824,2025-06-25 20:19:33,2026-01-29 08:49:08,DISP. BITE REGISTRATION TRAYS FULL ARCH (30),,NGN 39000.00,Sales,false,,,0.00,0.00,0.00,0.00,cm,kg,,,,,,,,goods,1,,,Active,pcs,Pieces,520-130-001,,,,,NGN 208689.87,Cost of Goods Sold,,Inventory Asset,fifo,false,,,,,6.00,false,Inventory,true,true,true,130-Bite Registration Materials,520-Restorative,,,,,,,,,,,
5583220000001500833,2025-06-25 20:19:33,2026-01-29 08:54:06,EFFERDENT ORIGINAL CLEANSER TABS (102PK),,NGN 17200.00,Sales,false,MEDTECH PRODUCTS INC.,MEDTECH PRODUCTS INC.,0.00,0.00,0.00,0.00,cm,kg,,,,,,,,goods,1,,,Active,Pack(s),,520-220-001,,,,,NGN 12333.90,Cost of Goods Sold,,Inventory Asset,fifo,false,,,,,25.00,false,Inventory,true,true,true,220-Denture,520-Restorative,,,,,,,,,,,
5583220000001500842,2025-06-25 20:19:33,2026-01-26 12:47:55,FILPOST 1.65MM X 22MM -BLUE (3L) (PEARSON) secondary,,NGN 0.00,Sales,false,,,0.00,0.00,0.00,0.00,cm,kg,,,,,,,,goods,1,,,Inactive,pcs,Pieces,null,,,,,NGN 313637.60,Cost of Goods Sold,cm,Inventory Asset,fifo,false,,,,,0.00,false,Inventory,true,true,true,,,,,,,,,,,,,
5583220000001500851,2025-06-25 20:19:33,2026-01-26 12:48:54,"HEADREST COVERS 9.5"" X 11"" CLEAR (2)",,NGN 41000.00,Sales,false,,,0.00,0.00,0.00,0.00,cm,kg,,,,,,,,goods,1,,,Inactive,Pack(s),,null,,,,,NGN 30308.06,Cost of Goods Sold,,Inventory Asset,fifo,false,,,,,0.00,false,Inventory,true,true,true,,,,,,,,,,,,,
5583220000001500860,2025-06-25 20:19:33,2026-01-26 12:50:24,KIDS TOOTHBRUSH 29 TUFT STAGE (2),,NGN 0.00,Sales,false,,,0.00,0.00,0.00,0.00,,,,,,,,,,goods,1,,,Inactive,,,null,,,,,NGN 996.97,Cost of Goods Sold,,Inventory Asset,fifo,false,,,,,5.00,false,Inventory,true,true,true,,,,,,,,,,,,,
5583220000001500869,2025-06-25 20:19:34,2026-01-26 12:50:39,"LIGNOSPAN STANDARD: LIDOCAINE HYDROCHLORIDE 2% OF EPINEPHRINE (1:100,000) (1.7ML) (50/BOX) (2)",,NGN 159100.00,Sales,false,Septodont,SEPTODONT,0.00,0.00,0.00,0.00,cm,kg,,,,,,,,goods,1,,,Inactive,Pack(s),,null,,,,,NGN 105819.95,Cost of Goods Sold,,Inventory Asset,fifo,false,,,,,0.00,false,Inventory,true,true,true,,,,,,,,,,,,,
5583220000001500878,2025-06-25 20:19:34,2026-01-29 08:58:07,NICTONE ORTHO POWDER  #14 FLORESCENT PINK (7oz),,NGN 0.00,Sales,false,,,0.00,0.00,0.00,0.00,cm,kg,,,,,,,,goods,1,,,Active,PCS,,420-110-009,,,,,NGN 55740.48,Cost of Goods Sold,,Inventory Asset,fifo,false,,,,,0.00,false,Inventory,true,true,true,110-Accessories,420-Orthodontics,,,,,,,,,,,
5583220000001500887,2025-06-25 20:19:34,2026-01-29 09:01:54,OMNICHROMA BLOCKER SYRINGE 4G,,NGN 0.00,Sales,false,,,0.00,0.00,0.00,0.00,cm,kg,,,,,,,,goods,1,,,Active,EACH,,520-160-018,,,,,NGN 243805.67,Cost of Goods Sold,,Inventory Asset,fifo,false,,,,,0.00,false,Inventory,true,true,true,160-Composites,520-Restorative,,,,,,,,,,,
5583220000001500896,2025-06-25 20:19:34,2026-01-29 09:01:54,OMNICHROMA SYRINGE 4G,,NGN 251600.00,Sales,false,,,0.00,0.00,0.00,0.00,cm,kg,,,,,,,,goods,1,,,Active,EACH,,520-160-019,,,,,NGN 243805.67,Cost of Goods Sold,,Inventory Asset,fifo,false,,,,,1.00,false,Inventory,true,true,true,160-Composites,520-Restorative,,,,,,,,,,,
5583220000001500905,2025-06-25 20:19:34,2026-01-29 08:51:05,ORAL-B STAGES 3 SPIDERMAN (MARVEL),,NGN 4600.00,Sales,false,,,0.00,0.00,0.00,0.00,cm,kg,,,,,,,,goods,1,,,Active,pcs,Pieces,480-150-047,,,,,NGN 2039.87,Cost of Goods Sold,cm,Inventory Asset,fifo,false,,,,,1.00,false,Inventory,true,true,true,150-Toothbrushes & Tongue Cleaners,480-Preventive Products,,,,,,,,,,,
5583220000001500914,2025-06-25 20:19:34,2026-01-29 08:53:11,PERIDEX RINSE 0.12% - 64oz,,NGN 175100.00,Sales,false,,,0.00,0.00,0.00,0.00,cm,kg,,,,,,,,goods,1,,,Active,Tube,,480-130-005,,,,,NGN 129650.23,Cost of Goods Sold,,Inventory Asset,fifo,false,,,,,0.00,false,Inventory,true,true,true,130-Mouthwashes,480-Preventive Products,,,,,,,,,,,
5583220000001500923,2025-06-25 20:19:34,2026-01-29 09:03:05,RAPID ACCESS FIXER AND DEVELOPER (500ML),,NGN 82500.00,Sales,false,,,0.00,0.00,0.00,0.00,cm,kg,,,,,,,,goods,1,,,Active,PCS,,500-110-007,,,,,NGN 76955.67,Cost of Goods Sold,,Inventory Asset,fifo,false,,,,,0.00,false,Inventory,true,true,true,110-Developer & Fixer,500-Radiography Supplies,,,,,,,,,,,
5583220000001500932,2025-06-25 20:19:34,2026-01-26 13:04:07,RETAINER BOX MINI Assorted (PEARSON),,NGN 0.00,Sales,false,,,0.00,0.00,0.00,0.00,,,,,,,,,,goods,1,,,Inactive,,,null,,,,,NGN 1174.85,Cost of Goods Sold,,Inventory Asset,fifo,false,,,,,116.00,false,Inventory,true,true,true,,,,,,,,,,,,,
5583220000001500941,2025-06-25 20:19:34,2026-01-29 08:49:56,"SHIELD POUCH 10.5"" X 17""",,NGN 101400.00,Sales,false,Pearson Dental,PEARSON DENTAL,0.00,0.00,0.00,0.00,cm,kg,,,,,,,,goods,1,,,Active,Each,,580-130-002,,,,,NGN 75111.29,Cost of Goods Sold,,Inventory Asset,fifo,false,,,,,0.00,false,Inventory,true,true,true,130-Sterilization Pouches,580-Sterilisation,,,,,,,,,,,
5583220000001500950,2025-06-25 20:19:34,2026-01-26 13:04:28,SNAP LIQUID (MONOMER)- (2),,NGN 0.00,Sales,false,,,0.00,0.00,0.00,0.00,,,,,,,,,,goods,1,,,Inactive,,,null,,,,,NGN 76367.15,Cost of Goods Sold,,Inventory Asset,fifo,false,,,,,2.00,false,Inventory,true,true,true,,,,,,,,,,,,,
5583220000001500959,2025-06-25 20:19:34,2026-01-29 17:20:53,SNAP POWDER SHADE #59,,NGN 98250.00,Sales,false,SNAP,PARKELL,0.00,0.00,0.00,0.00,cm,kg,,,,,,,,goods,1,,,Active,Bottle(s),,380-120-002,,,,,NGN 61375.38,Cost of Goods Sold,,Inventory Asset,fifo,false,,,,,4.00,false,Inventory,true,true,true,120-Acrylics & Resins,380-Lab Products,,,,,,,,,,,
5583220000001500968,2025-06-25 20:19:34,2026-01-26 13:04:32,SNAP POWDER #61-(2),,NGN 0.00,Sales,false,,,0.00,0.00,0.00,0.00,,,,,,,,,,goods,1,,,Inactive,,,null,,,,,NGN 78527.98,Cost of Goods Sold,,Inventory Asset,fifo,false,,,,,0.00,false,Inventory,true,true,true,,,,,,,,,,,,,
5583220000001500977,2025-06-25 20:19:34,2026-01-26 13:04:44,"STICKY WRAP ECO-PACK BLUE 4"" X 6"" (1,200)",,NGN 41900.00,Sales,false,,,0.00,0.00,0.00,0.00,cm,kg,,,,,,,,goods,1,,,Inactive,Pack(s),,null,,,,,NGN 24031.53,Cost of Goods Sold,,Inventory Asset,fifo,false,,,,,0.00,false,Inventory,true,true,true,,,,,,,,,,,,,
5583220000001500986,2025-06-25 20:19:34,2026-01-26 13:04:49,SURGICAL ASPIRATOR TIPS - BLUE (LONG AND SMALL),,NGN 0.00,Sales,false,,,0.00,0.00,0.00,0.00,,,,,,,,,,goods,1,,,Inactive,,,null,,,,,NGN 18841.45,Cost of Goods Sold,,Inventory Asset,fifo,false,,,,,12.00,false,Inventory,true,true,true,,,,,,,,,,,,,
5583220000001500995,2025-06-25 20:19:34,2026-01-26 13:04:54,SURGICAL ASPIRATOR TIPS - WHITE (REGULAR),,NGN 0.00,Sales,false,,,0.00,0.00,0.00,0.00,,,,,,,,,,goods,1,,,Inactive,,,null,,,,,NGN 15415.73,Cost of Goods Sold,,Inventory Asset,fifo,false,,,,,9.00,false,Inventory,true,true,true,,,,,,,,,,,,,
5583220000001501004,2025-06-25 20:19:34,2026-01-26 13:05:39,THERMOFORMING CLEAR SURG. TRAY/TEMP SPLINT .040 (PEARSON),,NGN 0.00,Sales,false,,,0.00,0.00,0.00,0.00,,,,,,,,,,goods,1,,,Inactive,,,null,,,,,NGN 43875.53,Cost of Goods Sold,,Inventory Asset,fifo,false,,,,,17.00,false,Inventory,true,true,true,,,,,,,,,,,,,
5583220000001501013,2025-06-25 20:19:34,2026-01-28 14:09:40,TOUGH ACRYLC. VNEERS+COMPOSITE TOOL KIT,,NGN 0.00,Sales,false,,,0.00,0.00,0.00,0.00,cm,kg,,,,,,,,goods,1,,,Active,PCS,,520-160-022,,,,,NGN 229945.95,Cost of Goods Sold,,Inventory Asset,fifo,false,,,,,0.00,false,Inventory,true,true,true,160-Composites,520-Restorative,,,,,,,,,,,
5583220000001501022,2025-06-25 20:19:34,2026-01-29 09:01:13,VIVID COLOR CORE ADV. SYRINGE KIT (10G),,NGN 80300.00,Sales,false,,,0.00,0.00,0.00,0.00,cm,kg,,,,,,,,goods,1,,,Active,pcs,Pieces,520-160-027,,,,,NGN 67196.76,Cost of Goods Sold,,Inventory Asset,fifo,false,,,,,7.00,false,Inventory,true,true,true,160-Composites,520-Restorative,,,,,,,,,,,
5583220000001501031,2025-06-25 20:19:34,2026-01-26 13:06:50,"VIVID DURACUP 5oz. YELLOW (1,000) Secondary",,NGN 0.00,Sales,false,,,0.00,0.00,0.00,0.00,cm,kg,,,,,,,,goods,1,,,Inactive,pcs,Pieces,null,,,,,NGN 65852.83,Cost of Goods Sold,cm,Inventory Asset,fifo,false,,,,,0.00,false,Inventory,true,true,true,,,,,,,,,,,,,
5583220000001501040,2025-06-25 20:19:34,2026-01-29 08:55:54,VIVID PROKLEEN MEDIUM BUBBLE GUM PROPHY PASTE (200PK),,NGN 0.00,Sales,false,,,0.00,0.00,0.00,0.00,cm,kg,,,,,,,,goods,1,,,Active,EACH,,480-140-009,,,,,NGN 43480.26,Cost of Goods Sold,,Inventory Asset,fifo,false,,,,,0.00,false,Inventory,true,true,true,140-Prophylaxis Pastes & Cups,480-Preventive Products,,,,,,,,,,,
5583220000001501049,2025-06-25 20:19:34,2026-01-29 08:54:06,Vivid QwikTemp C & B W/Tips (50ml) A2,,NGN 160500.00,Sales,false,,,0.00,0.00,0.00,0.00,cm,kg,,,,,,,,goods,1,,,Active,PCS,,520-210-006,,,,,NGN 155493.54,Cost of Goods Sold,,Inventory Asset,fifo,false,,,,,0.00,false,Inventory,true,true,true,210-Temporary Filling Materials,520-Restorative,,,,,,,,,,,
5583220000001501058,2025-06-25 20:19:34,2026-01-29 08:54:06,Vivid QwikTemp C & B W/Tips (50ml) A3,,NGN 160500.00,Sales,false,,,0.00,0.00,0.00,0.00,cm,kg,,,,,,,,goods,1,,,Active,PCS,,520-210-007,,,,,NGN 115691.60,Cost of Goods Sold,,Inventory Asset,fifo,false,,,,,0.00,false,Inventory,true,true,true,210-Temporary Filling Materials,520-Restorative,,,,,,,,,,,
5583220000001501067,2025-06-25 20:19:34,2026-01-29 08:45:39,VIVID SAFE POUCH BLUE 2 1/4 X 4 (200PK),,NGN 10600.00,Sales,false,,,0.00,0.00,0.00,0.00,cm,kg,,,,,,,,goods,1,,,Active,Pack(s),,580-130-011,,,,,NGN 7774.68,Cost of Goods Sold,,Inventory Asset,fifo,false,,,,,0.00,false,Inventory,true,true,true,130-Sterilization Pouches,580-Sterilisation,,,,,,,,,,,
5583220000001501076,2025-06-25 20:19:34,2026-01-29 08:51:03,VIVID TONGKLEEN BRUSH,,NGN 1100.00,Sales,false,,,0.00,0.00,0.00,0.00,cm,kg,,,,,,,,goods,1,,,Active,pcs,Pieces,480-150-056,,,,,NGN 988.19,Cost of Goods Sold,,Inventory Asset,fifo,false,,,,,23.00,false,Inventory,true,true,true,150-Toothbrushes & Tongue Cleaners,480-Preventive Products,,,,,,,,,,,
5583220000001501085,2025-06-25 20:19:35,2026-01-28 14:10:06,VIVID TRU ETCH 40% JUMBO SYRINGE (60GM) + TIPS,,NGN 79100.00,Sales,false,,,0.00,0.00,0.00,0.00,cm,kg,,,,,,,,goods,1,,,Active,Each,,520-140-005,,,,,NGN 54884.88,Cost of Goods Sold,,Inventory Asset,fifo,false,,,,,3.00,false,Inventory,true,true,true,140-Bonding Agents,520-Restorative,,,,,,,,,,,
5583220000001501094,2025-06-25 20:19:35,2026-01-29 08:55:56,VIVID X-WAVE FLOSSER BLACK 165ML,,NGN 71800.00,Sales,false,,,0.00,0.00,0.00,0.00,cm,kg,,,,,,,,goods,1,,,Active,ml,Milli Litre,480-110-025,,,,,NGN 64034.56,Cost of Goods Sold,,Inventory Asset,fifo,false,,,,,0.00,false,Inventory,true,true,true,110-Floss & Interdental Aids,480-Preventive Products,,,,,,,,,,,
5583220000001501103,2025-06-25 20:19:35,2026-01-29 08:56:52,WIZARD WEDGES 100 Wedges,,NGN 55600.00,Sales,false,,,0.00,0.00,0.00,0.00,cm,kg,,,,,,,,goods,1,,,Active,pack,,520-190-035,,,,,NGN 41139.90,Cost of Goods Sold,,Inventory Asset,fifo,false,,,,,1.00,false,Inventory,true,true,true,190-Matrix Systems,520-Restorative,,,,,,,,,,,
5583220000001501230,2025-06-25 20:19:35,2026-01-26 13:06:25,TRIPLE TRAYS- SIDELESS POSTERIOR (VIVID),,NGN 24100.00,Sales,false,,,0.00,0.00,0.00,0.00,cm,kg,,,,,,,,goods,1,,,Inactive,Pack(s),,null,,,,,NGN 17768.25,Cost of Goods Sold,,Inventory Asset,fifo,false,,,,,28.00,false,Inventory,true,true,true,,,,,,,,,,,,,
5583220000001501239,2025-06-25 20:19:35,2026-01-26 12:44:42,ALGINATE - PLASTALGIN - REGULAR Secondary,,NGN 0.00,Sales,false,,,0.00,0.00,0.00,0.00,cm,kg,,,,,,,,goods,1,,,Inactive,pcs,Pieces,null,,,,,NGN 0.00,Cost of Goods Sold,cm,Inventory Asset,fifo,false,,,,,17.00,false,Inventory,true,true,true,,,,,,,,,,,,,
5583220000001501248,2025-06-25 20:19:35,2026-01-29 08:11:10,BEESURE LATEX POWDER FREE GLOVES LARGE (100PK),"BeeSure Latex Powder Free Exam Gloves. Natural color. Smooth polymer interior coating, full-hand micro-textured for optimal grip. Protein-rated. 100/Box.",NGN 22900.00,Sales,false,BeeSure,BEESURE,0.00,0.00,0.00,0.00,cm,kg,,,,,,,,goods,1,,,Active,Pack(s),,200-170-001,,,,,NGN 16932.10,Cost of Goods Sold,,Inventory Asset,fifo,false,,,,,10.00,false,Inventory,true,true,true,170-Gloves,200-Disposable Products,,https://ecobeeworld.com/wp-content/uploads/2021/04/be2810-latex-inner.png,Published,BEESURE GLOVES,Size,Large,,,,,180-160-005
5583220000001501257,2025-06-25 20:19:35,2026-01-29 08:11:10,BEESURE LATEX POWDER FREE GLOVES MEDIUM (100PK),"BeeSure Latex Powder Free Exam Gloves. Natural color. Smooth polymer interior coating, full-hand micro-textured for optimal grip. Protein-rated. 100/Box.",NGN 22900.00,Sales,false,BeeSure,BEESURE,0.00,0.00,0.00,0.00,cm,kg,,,,,,,,goods,1,,,Active,Pack(s),,200-170-002,,,,,NGN 16932.10,Cost of Goods Sold,,Inventory Asset,fifo,false,,,,,0.00,false,Inventory,true,true,true,170-Gloves,200-Disposable Products,,https://ecobeeworld.com/wp-content/uploads/2021/04/be2810-latex-inner.png,Published,BEESURE GLOVES,Size,Medium,,,,,180-160-004
5583220000001501266,2025-06-25 20:19:35,2026-01-26 12:44:51,BIBS - LAVENDER (CROSSTEX) (2),,NGN 0.00,Sales,false,,,0.00,0.00,0.00,0.00,,,,,,,,,,goods,1,,,Inactive,,,null,,,,,NGN 61181.23,Cost of Goods Sold,,Inventory Asset,fifo,false,,,,,1.00,false,Inventory,true,true,true,,,,,,,,,,,,,
5583220000001501275,2025-06-25 20:19:35,2026-01-26 12:44:55,BIBS - PEACH (CROSSTEX) (2),,NGN 0.00,Sales,false,,,0.00,0.00,0.00,0.00,,,,,,,,,,goods,1,,,Inactive,,,null,,,,,NGN 61181.23,Cost of Goods Sold,,Inventory Asset,fifo,false,,,,,3.00,false,Inventory,true,true,true,,,,,,,,,,,,,
5583220000001501284,2025-06-25 20:19:35,2026-01-26 12:45:01,BIBS - YELLOW (CROSSTEX) (2),,NGN 0.00,Sales,false,,,0.00,0.00,0.00,0.00,,,,,,,,,,goods,1,,,Inactive,,,null,,,,,NGN 61181.23,Cost of Goods Sold,,Inventory Asset,fifo,false,,,,,10.00,false,Inventory,true,true,true,,,,,,,,,,,,,
5583220000001501293,2025-06-25 20:19:35,2026-01-26 12:45:15,BIBS YELLOW (PLASDENT) (BIB 03) (2),,NGN 0.00,Sales,false,,,0.00,0.00,0.00,0.00,,,,,,,,,,goods,1,,,Inactive,,,null,,,,,NGN 41394.07,Cost of Goods Sold,,Inventory Asset,fifo,false,,,,,0.00,false,Inventory,true,true,true,,,,,,,,,,,,,
5583220000001501302,2025-06-25 20:19:35,2026-01-26 12:45:28,BLOSSOM POWDER FREE GLOVES (2) (LARGE),,NGN 0.00,Sales,false,,,0.00,0.00,0.00,0.00,,,,,,,,,,goods,1,,,Inactive,,,null,,,,,NGN 14620.75,Cost of Goods Sold,,Inventory Asset,fifo,false,,,,,0.00,false,Inventory,true,true,true,,,,,,,,,,,,,
5583220000001501311,2025-06-25 20:19:35,2026-01-26 12:45:59,BURS-TWO STRIPER - 770.10C (PEARSON) secondary,,NGN 0.00,Sales,false,,,0.00,0.00,0.00,0.00,cm,kg,,,,,,,,goods,1,,,Inactive,pcs,Pieces,null,,,,,NGN 24999.59,Cost of Goods Sold,cm,Inventory Asset,fifo,false,,,,,0.00,false,Inventory,true,true,true,,,,,,,,,,,,,
5583220000001501320,2025-06-25 20:19:35,2026-01-29 16:46:28,BURS-TWO STRIPER  799.11VF (PEARSON),,NGN 33900.00,Sales,false,,,0.00,0.00,0.00,0.00,cm,kg,,,,,,,,goods,1,,,Active,pcs,Pieces,160-150-008,,,,,NGN 23648.15,Cost of Goods Sold,,Inventory Asset,fifo,false,,,,,0.00,false,Inventory,true,true,true,150-Two-Striper Burs,160-Burs,,,,,,,,,,,
5583220000001501329,2025-06-25 20:19:35,2026-01-29 16:56:24,CANAL LUBRICANT (ROYDENT),,NGN 283400.00,Sales,false,,,0.00,0.00,0.00,0.00,cm,kg,,,,,,,,goods,1,,,Active,pcs,Pieces,260-170-001,,,,,NGN 209769.90,Cost of Goods Sold,cm,Inventory Asset,fifo,false,,,,,0.00,false,Inventory,true,true,true,170-Intracanal Medicaments,260-Endodontics,,,,,,,,,,,
5583220000001501338,2025-06-25 20:19:35,2026-01-26 12:46:49,CURELASTIC LIGHT BARRIER 7-10MM secondary,,NGN 0.00,Sales,false,,,0.00,0.00,0.00,0.00,cm,kg,,,,,,,,goods,1,,,Inactive,pcs,Pieces,null,,,,,NGN 94124.97,Cost of Goods Sold,cm,Inventory Asset,fifo,false,,,,,1.00,false,Inventory,true,true,true,,,,,,,,,,,,,
5583220000001501347,2025-06-25 20:19:36,2026-01-26 12:46:53,CURVED UTILITY IRRIGATING SYRINGE Secondary,,NGN 0.00,Sales,false,,,0.00,0.00,0.00,0.00,cm,kg,,,,,,,,goods,1,,,Inactive,pcs,Pieces,null,,,,,NGN 43381.15,Cost of Goods Sold,cm,Inventory Asset,fifo,false,,,,,1.00,false,Inventory,true,true,true,,,,,,,,,,,,,
5583220000001501356,2025-06-25 20:19:36,2026-01-26 12:46:58,DENTAL NEEDLES (MONOJECT) -LONG 2,,NGN 0.00,Sales,false,,,0.00,0.00,0.00,0.00,,,,,,,,,,goods,1,,,Inactive,,,null,,,,,NGN 23531.24,Cost of Goods Sold,,Inventory Asset,fifo,false,,,,,3.00,false,Inventory,true,true,true,,,,,,,,,,,,,
5583220000001501365,2025-06-25 20:19:36,2026-01-26 12:47:03,DENTAL NEEDLES (MONOJECT) -SHORT (2),,NGN 0.00,Sales,false,,,0.00,0.00,0.00,0.00,,,,,,,,,,goods,1,,,Inactive,,,null,,,,,NGN 23050.16,Cost of Goods Sold,,Inventory Asset,fifo,false,,,,,19.00,false,Inventory,true,true,true,,,,,,,,,,,,,
5583220000001501374,2025-06-25 20:19:36,2026-01-26 12:47:20,DENTURE BOXES - CHROMA secondary,,NGN 0.00,Sales,false,,,0.00,0.00,0.00,0.00,cm,kg,,,,,,,,goods,1,,,Inactive,pcs,Pieces,null,,,,,NGN 1333.44,Cost of Goods Sold,cm,Inventory Asset,fifo,false,,,,,2.00,false,Inventory,true,true,true,,,,,,,,,,,,,
5583220000001501383,2025-06-25 20:19:36,2026-01-26 12:47:51,EXODONTIA SPONGE 2 X 2 FILLED N/S (RICHMOND DENTAL),,NGN 9000.00,Sales,false,,,0.00,0.00,0.00,0.00,cm,kg,,,,,,,,goods,1,,,Inactive,pcs,Pieces,null,,,,,NGN 5866.89,Cost of Goods Sold,cm,Inventory Asset,fifo,false,,,,,0.00,false,Inventory,true,true,true,,,Pieces,,,,,,,,,,
5583220000001501392,2025-06-25 20:19:36,2026-01-29 08:56:51,FILPOST 1.3MM X 17.5MM -RED (PEARSON),,NGN 336700.00,Sales,false,Filhol Dental,FILHOL DENTAL,0.00,0.00,0.00,0.00,cm,kg,,,,,,,,goods,1,,,Active,Pack(s),,520-200-005,,,,,NGN 244476.368,Cost of Goods Sold,,Inventory Asset,fifo,false,,,,,5.00,false,Inventory,true,true,true,200-Pins & Posts,520-Restorative,,,,,,,,,,,
5583220000001501401,2025-06-25 20:19:36,2026-01-28 13:56:29,FIXODENT + SCOPE ADHESIVE (2oz),,NGN 14500.00,Sales,false,P&G,P&G,0.00,0.00,0.00,0.00,cm,kg,,,,,,,,goods,1,,,Active,Tube(s),,420-110-023,,,,,NGN 7815.42,Cost of Goods Sold,,Inventory Asset,fifo,false,,,,,10.00,false,Inventory,true,true,true,110-Accessories,420-Orthodontics,,,,,,,,,,,
5583220000001501410,2025-06-25 20:19:36,2026-01-29 08:58:05,FIXODENT ORIGINAL ADHESIVE CREAM (1.4oz),,NGN 13200.00,Sales,false,,,0.00,0.00,0.00,0.00,cm,kg,,,,,,,,goods,1,,,Active,EACH,,420-110-024,,,,,NGN 9302.20,Cost of Goods Sold,,Inventory Asset,fifo,false,,,,,0.00,false,Inventory,true,true,true,110-Accessories,420-Orthodontics,,,,,,,,,,,
5583220000001501419,2025-06-25 20:19:36,2026-01-26 12:48:10,GLOVES NITRILE UTILITY - 8 secondary,,NGN 0.00,Sales,false,,,0.00,0.00,0.00,0.00,cm,kg,,,,,,,,goods,1,,,Inactive,pcs,Pieces,null,,,,,NGN 16245.27,Cost of Goods Sold,cm,Inventory Asset,fifo,false,,,,,3.00,false,Inventory,true,true,true,,,,,,,,,,,,,
5583220000001501428,2025-06-25 20:19:36,2026-01-26 12:48:15,GLOVES NITRILE UTILITY - 9 secondary,,NGN 0.00,Sales,false,,,0.00,0.00,0.00,0.00,cm,kg,,,,,,,,goods,1,,,Inactive,pcs,Pieces,null,,,,,NGN 16245.27,Cost of Goods Sold,cm,Inventory Asset,fifo,false,,,,,2.00,false,Inventory,true,true,true,,,,,,,,,,,,,
5583220000001501437,2025-06-25 20:19:36,2026-01-29 16:50:28,GRIP TOUCH LATEX POWDER FREE X-SMALL (100PK),,NGN 0.00,Sales,false,,,0.00,0.00,0.00,0.00,cm,kg,,,,,,,,goods,1,,,Active,Each,,200-170-011,,,,,NGN 12521.39,Cost of Goods Sold,,Inventory Asset,fifo,false,,,,,0.00,false,Inventory,true,true,true,170-Gloves,200-Disposable Products,,,,,,,,,,,
5583220000001501446,2025-06-25 20:19:36,2026-01-29 09:03:07,GUM BARBIE MANUAL TOOTHBRUSH,,NGN 3600.00,Sales,false,,,0.00,0.00,0.00,0.00,cm,kg,,,,,,,,goods,1,,,Active,Each,,480-150-034,,,,,NGN 2658.16,Cost of Goods Sold,,Inventory Asset,fifo,false,,,,,19.00,false,Inventory,true,true,true,150-Toothbrushes & Tongue Cleaners,480-Preventive Products,,,,,,,,,,,
5583220000001501455,2025-06-25 20:19:36,2026-01-29 09:03:07,GUM BARBIE POWERED TOOTHBRUSH,,NGN 18100.00,Sales,false,,,0.00,0.00,0.00,0.00,cm,kg,,,,,,,,goods,1,,,Active,each,,480-150-035,,,,,NGN 13381.43,Cost of Goods Sold,,Inventory Asset,fifo,false,,,,,18.00,false,Inventory,true,true,true,150-Toothbrushes & Tongue Cleaners,480-Preventive Products,,,,,,,,,,,
5583220000001501464,2025-06-25 20:19:36,2026-01-26 12:50:20,JOHNSON REACH LISTERINE DENTAL FLOSS COOLMINT (5 YARD) (4.6M),,NGN 0.00,Sales,false,,,0.00,0.00,0.00,0.00,,,,,,,,,,goods,1,,,Inactive,,,null,,,,,NGN 855.36,Cost of Goods Sold,,Inventory Asset,fifo,false,,,,,0.00,false,Inventory,true,true,true,,,,,,,,,,,,,
5583220000001501473,2025-06-25 20:19:36,2026-01-26 12:50:49,OPTIGUARD SURFACE SEALANT (5ML) REFILL,,NGN 0.00,Sales,false,,,0.00,0.00,0.00,0.00,,,,,,,,,,goods,1,,,Inactive,,,null,,,,,NGN 140622.70,Cost of Goods Sold,,Inventory Asset,fifo,false,,,,,1.00,false,Inventory,true,true,true,,,,,,,,,,,,,
5583220000001501482,2025-06-25 20:19:36,2026-01-29 08:55:53,ORAL B PRECISION STYLE TOOTHBRUSH HEAD (4PK),,NGN 12000.00,Sales,false,,,0.00,0.00,0.00,0.00,cm,kg,,,,,,,,goods,1,,,Active,pack,,480-150-007,,,,,NGN 11566.91,Cost of Goods Sold,,Inventory Asset,fifo,false,,,,,2.00,false,Inventory,true,true,true,150-Toothbrushes & Tongue Cleaners,480-Preventive Products,,,,,,,,,,,
5583220000001501491,2025-06-25 20:19:36,2026-01-29 08:51:02,"ORAL-B KIDS 3+ TOOTHBRUSH ""FROZEN""",,NGN 37000.00,Sales,false,,,0.00,0.00,0.00,0.00,cm,kg,,,,,,,,goods,1,,,Active,pcs,Pieces,480-150-061,,,,,NGN 2698.25,Cost of Goods Sold,,Inventory Asset,fifo,false,,,,,12.00,false,Inventory,true,true,true,150-Toothbrushes & Tongue Cleaners,480-Preventive Products,,,,,,,,,,,
5583220000001501500,2025-06-25 20:19:36,2026-01-29 08:51:02,"ORAL-B KIDS 3+ TOOTHBRUSH ""MARVEL""",,NGN 3700.00,Sales,false,Oral-B,ORAL-B,0.00,0.00,0.00,0.00,cm,kg,,,,,,,,goods,1,,,Active,Each,,480-150-059,,,,,NGN 2696.59,Cost of Goods Sold,,Inventory Asset,fifo,false,,,,,0.00,false,Inventory,true,true,true,150-Toothbrushes & Tongue Cleaners,480-Preventive Products,,,,,,,,,,,
5583220000001501509,2025-06-25 20:19:36,2026-01-29 08:51:02,"ORAL-B KIDS 3+ TOOTHBRUSH ""PIXAR""",,NGN 3700.00,Sales,false,,,0.00,0.00,0.00,0.00,cm,kg,,,,,,,,goods,1,,,Active,pcs,Pieces,480-150-060,,,,,NGN 2698.25,Cost of Goods Sold,,Inventory Asset,fifo,false,,,,,17.00,false,Inventory,true,true,true,150-Toothbrushes & Tongue Cleaners,480-Preventive Products,,,,,,,,,,,
5583220000001501518,2025-06-25 20:19:36,2026-01-29 09:03:06,ORAL-B KIDS STAGES 1 DISNEY POOH TOOTHBRUSH,,NGN 3700.00,Sales,false,,,0.00,0.00,0.00,0.00,cm,kg,,,,,,,,goods,1,,,Active,pcs,Pieces,480-150-045,,,,,NGN 2666.87,Cost of Goods Sold,,Inventory Asset,fifo,false,,,,,24.00,false,Inventory,true,true,true,150-Toothbrushes & Tongue Cleaners,480-Preventive Products,,,,,,,,,,,
5583220000001501527,2025-06-25 20:19:36,2026-01-29 08:51:05,ORAL-B KIDS STAGES 4 'FOR ME' TOOTHBRUSH,,NGN 3700.00,Sales,false,,,0.00,0.00,0.00,0.00,cm,kg,,,,,,,,goods,1,,,Active,pcs,Pieces,480-150-046,,,,,NGN 2666.87,Cost of Goods Sold,,Inventory Asset,fifo,false,,,,,30.00,false,Inventory,true,true,true,150-Toothbrushes & Tongue Cleaners,480-Preventive Products,,,,,,,,,,,
5583220000001501536,2025-06-25 20:19:37,2026-01-29 16:52:15,PLASTIC CUPS BLUE (N'SURE),,NGN 70700.00,Sales,false,N'SURE,N'SURE,0.00,0.00,0.00,0.00,cm,kg,,,,,,,,goods,1,,,Active,Pack(s),,200-200-015,,,,,NGN 52238.66,Cost of Goods Sold,,Inventory Asset,fifo,false,,,,,3.00,false,Inventory,true,true,true,200-Plastic Cup & Tray,200-Disposable Products,,,,,,,,,,,
5583220000001501545,2025-06-25 20:19:37,2026-01-26 13:03:52,PLASTIC CUPS LAVENDER (N'SURE),,NGN 0.00,Sales,false,,,0.00,0.00,0.00,0.00,,,,,,,,,,goods,1,,,Inactive,,,null,,,,,NGN 47041.57,Cost of Goods Sold,,Inventory Asset,fifo,false,,,,,3.00,false,Inventory,true,true,true,,,,,,,,,,,,,
5583220000001501554,2025-06-25 20:19:37,2026-01-26 13:03:56,PLASTIC CUPS PINK (N'SURE),,NGN 0.00,Sales,false,,,0.00,0.00,0.00,0.00,,,,,,,,,,goods,1,,,Inactive,,,null,,,,,NGN 52270.73,Cost of Goods Sold,,Inventory Asset,fifo,false,,,,,0.00,false,Inventory,true,true,true,,,,,,,,,,,,,
5583220000001501563,2025-06-25 20:19:37,2026-01-29 08:49:56,"PQ POUCHES 12"" X 15"" (100PK) (PEARSON)",,NGN 56500.00,Sales,false,,,0.00,0.00,0.00,0.00,cm,kg,,,,,,,,goods,1,,,Active,pcs,Pieces,580-130-001,,,,,NGN 41786.75,Cost of Goods Sold,,Inventory Asset,fifo,false,,,,,2.00,false,Inventory,true,true,true,130-Sterilization Pouches,580-Sterilisation,,,,,,,,,,,
5583220000001501572,2025-06-25 20:19:37,2026-01-26 13:04:00,REACH TOTALCARE FLOSS CLEAN TOOTHBRUSH,,NGN 3750.00,Sales,false,,,0.00,0.00,0.00,0.00,cm,kg,,,,,,,,goods,1,,,Inactive,Each,,null,,,,,NGN 2997.75,Cost of Goods Sold,,Inventory Asset,fifo,false,,,,,0.00,false,Inventory,true,true,true,,,,,,,,,,,,,
5583220000001501581,2025-06-25 20:19:37,2026-01-29 17:25:43,REMANIUM ROUND WIRE SPOOL 30M HARD,,NGN 124600.00,Sales,false,,,0.00,0.00,0.00,0.00,cm,kg,,,,,,,,goods,1,,,Active,EACH,,420-120-001,,,,,NGN 92185.87,Cost of Goods Sold,,Inventory Asset,fifo,false,,,,,0.00,false,Inventory,true,true,true,120-Archwires,420-Orthodontics,,,,,,,,,,,
5583220000001501590,2025-06-25 20:19:37,2026-01-26 13:04:11,RETAINER CASES - CHROMA 2000,,NGN 1500.00,Sales,false,,,0.00,0.00,0.00,0.00,cm,kg,,,,,,,,goods,1,,,Inactive,pcs,Pieces,null,,,,,NGN 1041.47,Cost of Goods Sold,,Inventory Asset,fifo,false,,,,,0.00,false,Inventory,true,true,true,,,,,,,,,,,,,
5583220000001501599,2025-06-25 20:19:37,2026-01-29 16:49:06,SALIVA EJECTOR WHITE WITH WHITE TIPS (100),,NGN 8500.00,Sales,false,,,0.00,0.00,0.00,0.00,cm,kg,,,,,,,,goods,1,,,Active,Pack(s),,200-140-011,,,,,NGN 6250.24,Cost of Goods Sold,,Inventory Asset,fifo,false,,,,,162.00,false,Inventory,true,true,true,140-Evacuation Tips & Valves,200-Disposable Products,,,,,,,,,,,
5583220000001501608,2025-06-25 20:19:37,2026-01-29 16:48:46,SALIVA TIP CLEAR ASSORTED TIP (100PK),,NGN 9900.00,Sales,false,,,0.00,0.00,0.00,0.00,cm,kg,,,,,,,,goods,1,,,Active,Pack(s),,200-140-003,,,,,NGN 7316.34,Cost of Goods Sold,,Inventory Asset,fifo,false,,,,,128.00,false,Inventory,true,true,true,140-Evacuation Tips & Valves,200-Disposable Products,,,,,,,,,,,
5583220000001501617,2025-06-25 20:19:37,2026-01-30 12:43:26,"SEPTOCAINE WITH EPINEPHRINE 1:200,000 2.2ML","Septocaine (Articaine HCl 4% with Epinephrine 1:200,000). 2.2ml cartridges. 50/Box.",NGN 205000.00,Sales,false,Septodont,SEPTODONT,0.00,0.00,0.00,0.00,cm,kg,,,,,,,,goods,1,,,Active,Pack(s),,100-130-003,,,,,NGN 147791.12,Cost of Goods Sold,cm,Inventory Asset,fifo,false,,,,,6.00,false,Inventory,true,true,true,130-Local Anaesthetics,100-Anaesthetics,,https://www.septodont.co.uk/product/septanest/,Queue for Upload,Septodont Local Anaesthetics,Type,4% (1:200k Epi),,,,,
5583220000001501626,2025-06-25 20:19:37,2026-01-26 13:04:24,SEPTOJECT NEEDLES 30GAS (SHORT) (100PK) Secondary,,NGN 0.00,Sales,false,,,0.00,0.00,0.00,0.00,cm,kg,,,,,,,,goods,1,,,Inactive,pcs,Pieces,null,,,,,NGN 0.00,Cost of Goods Sold,cm,Inventory Asset,fifo,false,,,,,0.00,false,Inventory,true,true,true,,,,,,,,,,,,,
5583220000001501635,2025-06-25 20:19:37,2026-01-26 13:04:36,SNAP POWDER #65- (2),,NGN 0.00,Sales,false,,,0.00,0.00,0.00,0.00,,,,,,,,,,goods,1,,,Inactive,,,null,,,,,NGN 65469.14,Cost of Goods Sold,,Inventory Asset,fifo,false,,,,,6.00,false,Inventory,true,true,true,,,,,,,,,,,,,
5583220000001501644,2025-06-25 20:19:37,2026-01-26 13:04:40,STERI SHIELD MULTI-USE BARRIER (500),,NGN 0.00,Sales,false,,,0.00,0.00,0.00,0.00,,,,,,,,,,goods,1,,,Inactive,,,null,,,,,NGN 73940.39,Cost of Goods Sold,,Inventory Asset,fifo,false,,,,,8.00,false,Inventory,true,true,true,,,,,,,,,,,,,
5583220000001501653,2025-06-25 20:19:37,2026-01-29 08:45:37,SURGICAL BLADE #15 STERILE C/S (100PK),,NGN 57200.00,Sales,false,,,0.00,0.00,0.00,0.00,cm,kg,,,,,,,,goods,1,,,Active,Pack(s),,600-150-001,,,,,NGN 42356.24,Cost of Goods Sold,cm,Inventory Asset,fifo,false,,,,,4.00,false,Inventory,true,true,true,150-Surgical Blades,600-Surgical Products,,,,,,,,,,,
5583220000001501662,2025-06-25 20:19:37,2026-01-29 08:45:37,SURGICAL BLADE #15C C/S STERILE (100PK),,NGN 72500.00,Sales,false,,,0.00,0.00,0.00,0.00,cm,kg,,,,,,,,goods,1,,,Active,Pack(s),,600-150-002,,,,,NGN 53651.23,Cost of Goods Sold,cm,Inventory Asset,fifo,false,,,,,9.00,false,Inventory,true,true,true,150-Surgical Blades,600-Surgical Products,,,,,,,,,,,
5583220000001501671,2025-06-25 20:19:37,2026-01-29 16:52:13,"TCD TRAY COVER BTC ""8-1/4 X 12"" PINK (1000)",,NGN 69200.00,Sales,false,,,0.00,0.00,0.00,0.00,cm,kg,,,,,,,,goods,1,,,Active,PCS,,200-200-014,,,,,NGN 49646.59,Cost of Goods Sold,,Inventory Asset,fifo,false,,,,,13.00,false,Inventory,true,true,true,200-Plastic Cup & Tray,200-Disposable Products,,,,,,,,,,,
5583220000001501680,2025-06-25 20:19:37,2026-01-26 13:05:43,TONGUE CLEANERS ASSORTED COLOUR Secondary,,NGN 0.00,Sales,false,,,0.00,0.00,0.00,0.00,cm,kg,,,,,,,,goods,1,,,Inactive,pcs,Pieces,null,,,,,NGN 546.88,Cost of Goods Sold,cm,Inventory Asset,fifo,false,,,,,6.00,false,Inventory,true,true,true,,,,,,,,,,,,,
5583220000001501689,2025-06-25 20:19:37,2026-01-26 13:05:47,TOPICAL GEL BUBBLE GUM (PEARSON) (2),,NGN 0.00,Sales,false,,,0.00,0.00,0.00,0.00,,,,,,,,,,goods,1,,,Inactive,,,null,,,,,NGN 9412.50,Cost of Goods Sold,,Inventory Asset,fifo,false,,,,,5.00,false,Inventory,true,true,true,,,,,,,,,,,,,
5583220000001501698,2025-06-25 20:19:37,2026-01-26 13:05:51,TOPICAL GEL CHERRY (PEARSON) (2),,NGN 0.00,Sales,false,,,0.00,0.00,0.00,0.00,,,,,,,,,,goods,1,,,Inactive,,,null,,,,,NGN 9412.50,Cost of Goods Sold,,Inventory Asset,fifo,false,,,,,18.00,false,Inventory,true,true,true,,,,,,,,,,,,,
5583220000001501707,2025-06-25 20:19:37,2026-01-29 08:53:13,TOPICAL GEL GRAPE (PEARSON),,NGN 13500.00,Sales,false,,,0.00,0.00,0.00,0.00,cm,kg,,,,,,,,goods,1,,,Active,each,,480-120-010,,,,,NGN 9406.72,Cost of Goods Sold,,Inventory Asset,fifo,false,,,,,7.00,false,Inventory,true,true,true,120-Fluoride Gels & Varnishes,480-Preventive Products,,,,,,,,,,,
5583220000001501716,2025-06-25 20:19:37,2026-01-26 13:05:58,TRAY COVER BLUE (N'SURE) (2),,NGN 0.00,Sales,false,,,0.00,0.00,0.00,0.00,,,,,,,,,,goods,1,,,Inactive,,,null,,,,,NGN 51245.82,Cost of Goods Sold,,Inventory Asset,fifo,false,,,,,7.00,false,Inventory,true,true,true,,,,,,,,,,,,,
5583220000001501725,2025-06-25 20:19:37,2026-01-26 13:06:02,TRAY COVER GREEN (N'SURE) (2),,NGN 0.00,Sales,false,,,0.00,0.00,0.00,0.00,,,,,,,,,,goods,1,,,Inactive,,,null,,,,,NGN 51245.82,Cost of Goods Sold,,Inventory Asset,fifo,false,,,,,7.00,false,Inventory,true,true,true,,,,,,,,,,,,,
5583220000001501734,2025-06-25 20:19:38,2026-01-26 13:06:06,TRAY COVER LAVENDER (N'SURE) (2),,NGN 0.00,Sales,false,,,0.00,0.00,0.00,0.00,,,,,,,,,,goods,1,,,Inactive,,,null,,,,,NGN 51245.82,Cost of Goods Sold,,Inventory Asset,fifo,false,,,,,8.00,false,Inventory,true,true,true,,,,,,,,,,,,,
5583220000001501743,2025-06-25 20:19:38,2026-01-26 13:06:11,TRAY COVER YELLOW (N'SURE) (2),,NGN 0.00,Sales,false,,,0.00,0.00,0.00,0.00,,,,,,,,,,goods,1,,,Inactive,,,null,,,,,NGN 46121.23,Cost of Goods Sold,,Inventory Asset,fifo,false,,,,,13.00,false,Inventory,true,true,true,,,,,,,,,,,,,
5583220000001501752,2025-06-25 20:19:38,2026-01-26 13:06:16,TREASURE CHEST WITH EXCELLENT TOYS (200ct),,NGN 0.00,Sales,false,,,0.00,0.00,0.00,0.00,,,,,,,,,,goods,1,,,Inactive,,,null,,,,,NGN 101466.72,Cost of Goods Sold,,Inventory Asset,fifo,false,,,,,0.00,false,Inventory,true,true,true,,,,,,,,,,,,,
5583220000001501761,2025-06-25 20:19:38,2026-01-26 13:06:21,TRIPLE TRAYS ANTERIOR (VIVID)- 2,,NGN 0.00,Sales,false,,,0.00,0.00,0.00,0.00,,,,,,,,,,goods,1,,,Inactive,,,null,,,,,NGN 16001.24,Cost of Goods Sold,,Inventory Asset,fifo,false,,,,,0.00,false,Inventory,true,true,true,,,,,,,,,,,,,
5583220000001501770,2025-06-25 20:19:38,2026-01-26 13:06:40,UNIVERSAL BOND INTRO KIT TOKUYAMA 2 X 50ML,,NGN 0.00,Sales,false,,,0.00,0.00,0.00,0.00,,,,,,,,,,goods,1,,,Inactive,,,null,,,,,NGN 274091.91,Cost of Goods Sold,,Inventory Asset,fifo,false,,,,,0.00,false,Inventory,true,true,true,,,,,,,,,,,,,
5583220000001501779,2025-06-25 20:19:38,2026-01-29 16:50:50,VIVID GRIP TOUCH LATEX POWDER FREE GLOVES LARGE (100PK),,NGN 17000.00,Sales,false,Vivid,VIVID,0.00,0.00,0.00,0.00,cm,kg,,,,,,,,goods,1,,,Active,Pack(s),,200-170-021,,,,,NGN 12521.39,Cost of Goods Sold,,Inventory Asset,fifo,false,,,,,40.00,false,Inventory,true,true,true,170-Gloves,200-Disposable Products,,,,,,,,,,,
5583220000001501788,2025-06-25 20:19:38,2026-01-29 16:50:53,VIVID GRIP TOUCH LATEX POWDER FREE GLOVES MEDIUM (100PK),,NGN 17000.00,Sales,false,Vivid,VIVID,0.00,0.00,0.00,0.00,cm,kg,,,,,,,,goods,1,,,Active,Pack(s),,200-170-022,,,,,NGN 12521.39,Cost of Goods Sold,,Inventory Asset,fifo,false,,,,,0.00,false,Inventory,true,true,true,170-Gloves,200-Disposable Products,,,,,,,,,,,
5583220000001501797,2025-06-25 20:19:38,2026-01-29 16:50:55,VIVID GRIP TOUCH LATEX POWDER FREE GLOVES SMALL (100PK),,NGN 17000.00,Sales,false,Vivid,VIVID,0.00,0.00,0.00,0.00,cm,kg,,,,,,,,goods,1,,,Active,Pack(s),,200-170-023,,,,,NGN 12521.39,Cost of Goods Sold,,Inventory Asset,fifo,false,,,,,7.00,false,Inventory,true,true,true,170-Gloves,200-Disposable Products,,,,,,,,,,,
5583220000001501806,2025-06-25 20:19:38,2026-01-30 17:20:41,VIVID IRRIGATING SYRINGE 3CC W/27G YELLOW (100PK),Vivid Irrigating Syringe 3cc with 27g Yellow Side-Vented Needle for endodontic irrigation.,NGN 56400.00,Sales,false,Vivid,DENTAL DIRECTORY,0.00,0.00,0.00,0.00,cm,kg,,,,,,,,goods,1,,,Active,pack,,100-150-006,,,,,NGN 41703.13,Cost of Goods Sold,,Inventory Asset,fifo,false,,,,,30.00,false,Inventory,true,true,true,150-Syringes,100-Anaesthetics,,https://www.ddgroup.com/vivid/needles--syringes/irrigating-syringes/,Queue for Upload,Vivid Syringes,Capacity,3cc,,,,,
5583220000001501815,2025-06-25 20:19:38,2026-01-29 16:48:57,VIVID MICROFOAM TIP FINE/PINK (100PK),,NGN 8600.00,Sales,false,,,0.00,0.00,0.00,0.00,cm,kg,,,,,,,,goods,1,,,Active,Pack(s),,200-140-008,,,,,NGN 6349.54,Cost of Goods Sold,,Inventory Asset,fifo,false,,,,,393.00,false,Inventory,true,true,true,140-Evacuation Tips & Valves,200-Disposable Products,,,,,,,,,,,
5583220000001501824,2025-06-25 20:19:38,2026-01-29 16:50:57,VIVID NOVOTOUCH POWDER FREE LATEX LARGE (100PK),,NGN 18400.00,Sales,false,,,0.00,0.00,0.00,0.00,cm,kg,,,,,,,,goods,1,,,Active,pack,,200-170-024,,,,,NGN 13587.49,Cost of Goods Sold,,Inventory Asset,fifo,false,,,,,50.00,false,Inventory,true,true,true,170-Gloves,200-Disposable Products,,,,,,,,,,,
5583220000001501833,2025-06-25 20:19:38,2026-01-29 16:50:59,VIVID NOVOTOUCH POWDER FREE LATEX MEDIUM (100PK),,NGN 18400.00,Sales,false,,,0.00,0.00,0.00,0.00,cm,kg,,,,,,,,goods,1,,,Active,Pack(s),,200-170-025,,,,,NGN 13587.49,Cost of Goods Sold,,Inventory Asset,fifo,false,,,,,0.00,false,Inventory,true,true,true,170-Gloves,200-Disposable Products,,,,,,,,,,,
5583220000001501842,2025-06-25 20:19:38,2026-01-29 08:55:55,VIVID PROBRUSH SCREW ON FLAT (100PK),,NGN 55920.00,Sales,false,,,0.00,0.00,0.00,0.00,cm,kg,,,,,,,,goods,1,,,Active,pack,,480-140-007,,,,,NGN 42356.24,Cost of Goods Sold,,Inventory Asset,fifo,false,,,,,22.00,false,Inventory,true,true,true,140-Prophylaxis Pastes & Cups,480-Preventive Products,,,,,,,,,,,
5583220000001501851,2025-06-25 20:19:38,2026-01-26 13:06:55,VIVID RITE GOWN 25GM SMS KNIT (BLUE) (10),,NGN 0.00,Sales,false,,,0.00,0.00,0.00,0.00,,,,,,,,,,goods,1,,,Inactive,,,null,,,,,NGN 20895.74,Cost of Goods Sold,,Inventory Asset,fifo,false,,,,,19.00,false,Inventory,true,true,true,,,,,,,,,,,,,
5583220000001501860,2025-06-25 20:19:38,2026-01-26 13:07:00,VIVID RITE GOWN 25GM SMS KNIT (PINK) (10),,NGN 0.00,Sales,false,,,0.00,0.00,0.00,0.00,,,,,,,,,,goods,1,,,Inactive,,,null,,,,,NGN 20895.74,Cost of Goods Sold,,Inventory Asset,fifo,false,,,,,21.00,false,Inventory,true,true,true,,,,,,,,,,,,,
5583220000001501869,2025-06-25 20:19:38,2026-01-29 08:45:39,VIVID SANIPOUCH CLEAR 2 1/4 X 4 (200),,NGN 10600.00,Sales,false,Pearson Dental,VIVID,0.00,0.00,0.00,0.00,cm,kg,,,,,,,,goods,1,,,Active,Pack(s),,580-130-012,,,,,NGN 5225.96,Cost of Goods Sold,,Inventory Asset,fifo,false,,,,,26.00,false,Inventory,true,true,true,130-Sterilization Pouches,580-Sterilisation,,,,,,,,,,,
5583220000001501878,2025-06-25 20:19:38,2026-01-26 13:07:05,VIVID SANIPOUCH CLEAR 2 3/4 X 10 (200),,NGN 0.00,Sales,false,,,0.00,0.00,0.00,0.00,,,,,,,,,,goods,1,,,Inactive,,,null,,,,,NGN 10109.72,Cost of Goods Sold,,Inventory Asset,fifo,false,,,,,35.00,false,Inventory,true,true,true,,,,,,,,,,,,,
5583220000001501887,2025-06-25 20:19:38,2026-01-29 16:52:41,VIVID SANITRAY DIVIDED (7 X 11) DISPOSABLE TRAYS (50PK),,NGN 24100.00,Sales,false,,,0.00,0.00,0.00,0.00,cm,kg,,,,,,,,goods,1,,,Active,pcs,Pieces,200-200-025,,,,,NGN 17768.25,Cost of Goods Sold,,Inventory Asset,fifo,false,,,,,5.00,false,Inventory,true,true,true,200-Plastic Cup & Tray,200-Disposable Products,,,,,,,,,,,
5583220000001501896,2025-06-25 20:19:38,2026-01-29 16:49:04,VIVID YELLOW INTRAORAL TIPS (100PK),,NGN 12600.00,Sales,false,,,0.00,0.00,0.00,0.00,cm,kg,,,,,,,,goods,1,,,Active,pack,,200-140-010,,,,,NGN 9302.20,Cost of Goods Sold,,Inventory Asset,fifo,false,,,,,30.00,false,Inventory,true,true,true,140-Evacuation Tips & Valves,200-Disposable Products,,,,,,,,,,,
5583220000001502173,2025-06-25 20:19:40,2026-01-29 16:58:35,AIR GR. (ADAPT + EV+ FLITER) (91104755),,NGN 737500.00,Sales,false,,,0.00,0.00,0.00,0.00,cm,kg,,,,,,,,goods,1,,,Active,Each,,280-110-012,,,,,NGN 546263.00,Cost of Goods Sold,,Inventory Asset,fifo,false,,,,,0.00,false,Inventory,true,true,true,110-Dental Units & Accessories,280-Equipment,,,,,,,,,,,
5583220000001502182,2025-06-25 20:19:40,2026-01-29 16:59:18,GR. MONITOR 19,,NGN 3681500.00,Sales,false,,,0.00,0.00,0.00,0.00,cm,kg,,,,,,,,goods,1,,,Active,EACH,,280-110-031,,,,,NGN 2727010.77,Cost of Goods Sold,,Inventory Asset,fifo,false,,,,,0.00,false,Inventory,true,true,true,110-Dental Units & Accessories,280-Equipment,,,,,,,,,,,
5583220000001502205,2025-06-25 20:19:40,2026-01-29 17:26:14,CORDLESS FREEDOM WATER FLOSSER,,NGN 121700.00,Sales,false,,,0.00,0.00,0.00,0.00,cm,kg,,,,,,,,goods,1,,,Active,EACH,,480-110-001,,,,,NGN 93472.22,Cost of Goods Sold,,Inventory Asset,fifo,false,,,,,14.00,false,Inventory,true,true,true,110-Floss & Interdental Aids,480-Preventive Products,,,,,,,,,,,
5583220000001502214,2025-06-25 20:19:40,2026-01-29 08:55:53,GENERIC ORAL-B PRECISION CLEAN TB HEAD (4PK),,NGN 12000.00,Sales,false,,,0.00,0.00,0.00,0.00,cm,kg,,,,,,,,goods,1,,,Active,each,,480-150-006,,,,,NGN 8463.28,Cost of Goods Sold,,Inventory Asset,fifo,false,,,,,0.00,false,Inventory,true,true,true,150-Toothbrushes & Tongue Cleaners,480-Preventive Products,,,,,,,,,,,
5583220000001502223,2025-06-25 20:19:40,2026-01-29 08:58:06,POLIGRIP SUPER ZINC (2.4oz),,NGN 21600.00,Sales,false,,,0.00,0.00,0.00,0.00,cm,kg,,,,,,,,goods,1,,,Active,Tube,,420-110-022,,,,,NGN 14293.54,Cost of Goods Sold,,Inventory Asset,fifo,false,,,,,30.00,false,Inventory,true,true,true,110-Accessories,420-Orthodontics,,,,,,,,,,,
5583220000001502232,2025-06-25 20:19:40,2026-01-29 16:48:19,STICKY WRAP BLUE 4 X 6 W/STAND (VIVID),,NGN 41900.00,Sales,false,,,0.00,0.00,0.00,0.00,cm,kg,,,,,,,,goods,1,,,Active,EACH,,200-110-021,,,,,NGN 22882.20,Cost of Goods Sold,,Inventory Asset,fifo,false,,,,,0.00,false,Inventory,true,true,true,110-Barrier Products,200-Disposable Products,,,,,,,,,,,
5583220000001502241,2025-06-25 20:19:40,2026-01-29 08:55:55,TRACE DISCLOSING TABLETS (250),,NGN 14900.00,Sales,false,,,0.00,0.00,0.00,0.00,cm,kg,,,,,,,,goods,1,,,Active,EACH,,480-140-004,,,,,NGN 88080.80,Cost of Goods Sold,,Inventory Asset,fifo,false,,,,,0.00,false,Inventory,true,true,true,140-Prophylaxis Pastes & Cups,480-Preventive Products,,,,,,,,,,,
5583220000001502250,2025-06-25 20:19:40,2026-01-29 08:55:56,WATERPIK CORDLESS ADV. FLOSS WHITE,,NGN 228200.00,Sales,false,,,0.00,0.00,0.00,0.00,cm,kg,,,,,,,,goods,1,,,Active,EACH,,480-110-026,,,,,NGN 168889.45,Cost of Goods Sold,,Inventory Asset,fifo,false,,,,,0.00,false,Inventory,true,true,true,110-Floss & Interdental Aids,480-Preventive Products,,,,,,,,,,,
5583220000001502307,2025-06-25 20:19:40,2026-01-29 08:45:38,ALVEOGYL,,NGN 138700.00,Sales,false,,,0.00,0.00,0.00,0.00,cm,kg,,,,,,,,goods,1,,,Active,pcs,Pieces,600-110-001,,,,,NGN 102699.04,Cost of Goods Sold,,Inventory Asset,fifo,false,,,,,4.00,false,Inventory,true,true,true,110-Dry Socket Paste,600-Surgical Products,,,,,,,,,,,
5583220000001502316,2025-06-25 20:19:41,2026-01-29 08:55:53,COLGATE TOOTHBRUSH TRIPLE ACTION MEDIUM,,NGN 6500.00,Sales,false,Colgate,COLGATE,0.00,0.00,0.00,0.00,cm,kg,,,,,,,,goods,1,,,Active,Each,,480-150-003,,,,,NGN 3232.674348,Cost of Goods Sold,,Inventory Asset,fifo,false,,,,,127.00,false,Inventory,true,true,true,150-Toothbrushes & Tongue Cleaners,480-Preventive Products,,,,,,,,,,,
5583220000001502325,2025-06-25 20:19:41,2026-01-29 17:22:45,SPRINTRAY-ONX-TOUGH 2-A2-500G(SRI-0202124),,NGN 0.00,Sales,false,,,0.00,0.00,0.00,0.00,cm,kg,,,,,,,,goods,1,,,Active,PCS,,380-160-012,,,,,NGN 1462340.11,Cost of Goods Sold,,Inventory Asset,fifo,false,,,,,0.00,false,Inventory,true,true,true,160-Impression Materials,380-Lab Products,,,,,,,,,,,
5583220000001502352,2025-06-25 20:19:41,2026-01-29 08:56:49,CAVIT NORMAL TUBE PACKS (10/PK),,NGN 160600.00,Sales,false,,,0.00,0.00,0.00,0.00,cm,kg,,,,,,,,goods,1,,,Active,PACK,,520-210-001,,,,,NGN 118910.27,Cost of Goods Sold,,Inventory Asset,fifo,false,,,,,0.00,false,Inventory,true,true,true,210-Temporary Filling Materials,520-Restorative,,,,,,,,,,,
5583220000001502361,2025-06-25 20:19:41,2026-01-29 17:26:05,DENTOMYCIN 2% W/W PERIODONTAL GEL (0.5G),,NGN 104500.00,Sales,false,,,0.00,0.00,0.00,0.00,cm,kg,,,,,,,,goods,1,,,Active,Tube(s),,460-120-001,,,,,NGN 86843.83,Cost of Goods Sold,cm,Inventory Asset,fifo,false,,,,,14.00,false,Inventory,true,true,true,120-Antibiotics,460-Pharmaceuticals,,,,,,,,,,,
5583220000001502370,2025-06-25 20:19:41,2026-01-29 08:49:06,DYCAL IVORY REFILL PACK,,NGN 105500.00,Sales,false,,,0.00,0.00,0.00,0.00,cm,kg,,,,,,,,goods,1,,,Active,EACH,,520-150-002,,,,,NGN 78133.71,Cost of Goods Sold,,Inventory Asset,fifo,false,,,,,4.00,false,Inventory,true,true,true,150-Cements & Liners,520-Restorative,,,,,,,,,,,
5583220000001502379,2025-06-25 20:19:41,2026-01-29 08:45:38,HEMOCOLLAGENE HAEMOSTATIC SPONGES,,NGN 268100.00,Sales,false,,,0.00,0.00,0.00,0.00,cm,kg,,,,,,,,goods,1,,,Active,pcs,Pieces,600-120-001,,,,,NGN 198528.04,Cost of Goods Sold,,Inventory Asset,fifo,false,,,,,1.00,false,Inventory,true,true,true,120-Haemostatic Agents,600-Surgical Products,,,,,,,,,,,
5583220000001502388,2025-06-25 20:19:41,2026-01-26 12:50:28,KODAK INSIGHT PERIAPICAL FILM (2) secondary,,NGN 0.00,Sales,false,,,0.00,0.00,0.00,0.00,cm,kg,,,,,,,,goods,1,,,Inactive,pcs,Pieces,null,,,,,NGN 176677.03,Cost of Goods Sold,cm,Inventory Asset,fifo,false,,,,,0.00,false,Inventory,true,true,true,,,,,,,,,,,,,
5583220000001502419,2025-06-25 20:19:41,2026-01-29 08:49:57,AUTOCLAVE C-17,,NGN 6750000.00,Sales,false,,,0.00,0.00,0.00,0.00,cm,kg,,,,,,,,goods,1,,,Active,Pcs,,580-120-001,,,,,NGN 4832851.38,Cost of Goods Sold,,Inventory Asset,fifo,false,,,,,1.00,false,Inventory,true,true,true,120-Heat Sterilizers,580-Sterilisation,,,,,,,,,,,
5583220000001502440,2025-06-25 20:19:41,2026-01-29 17:02:51,BAMBI PUMP COIL (BPVT150),,NGN 0.00,Sales,false,,,0.00,0.00,0.00,0.00,cm,kg,,,,,,,,goods,1,,,Active,EACH,,280-140-010,,,,,NGN 1703950.00,Cost of Goods Sold,,Inventory Asset,fifo,false,,,,,0.00,false,Inventory,true,true,true,140-Small Equipment,280-Equipment,,,,,,,,,,,
5583220000001502461,2025-06-25 20:19:42,2026-01-29 17:23:30,BEAUTY PINK WAX MEDIUM 0.45KG (1LB),,NGN 0.00,Sales,false,,,0.00,0.00,0.00,0.00,cm,kg,,,,,,,,goods,1,,,Active,Each,,380-190-001,,,,,NGN 16935.00,Cost of Goods Sold,,Inventory Asset,fifo,false,,,,,0.00,false,Inventory,true,true,true,190-Waxes,380-Lab Products,,,,,,,,,,,
5583220000001502470,2025-06-25 20:19:42,2026-01-29 17:22:13,Dental POP 25KG,,NGN 36000.00,Sales,false,,,0.00,0.00,0.00,0.00,cm,kg,,,,,,,,goods,1,,,Active,EACH,,380-150-001,,,,,NGN 26666.00,Cost of Goods Sold,,Inventory Asset,fifo,false,,,,,0.00,false,Inventory,true,true,true,150-Dental Stone & Gypsum,380-Lab Products,,,,,,,,,,,
5583220000001502493,2025-06-25 20:19:42,2026-01-29 08:47:29,BIO-GIDE (25x25MM),,NGN 390750.00,Sales,false,Geistlich,GEISTLICH PHARMA PC,0.00,0.00,0.00,0.00,cm,kg,,,,,,,,goods,1,,,Active,Pack(s),,140-120-004,,,,,NGN 313824.00,Cost of Goods Sold,,Inventory Asset,fifo,false,,,,,7.00,false,Inventory,true,true,true,120-Resorbable Membranes,140-Biomaterials,,,,,,,,,,,
5583220000001502502,2025-06-25 20:19:42,2026-01-26 12:45:24,BIO-OSS - 0.5GM (2) secondary,,NGN 0.00,Sales,false,,,0.00,0.00,0.00,0.00,cm,kg,,,,,,,,goods,1,,,Inactive,pcs,Pieces,null,,,,,NGN 173045.46,Cost of Goods Sold,cm,Inventory Asset,fifo,false,,,,,0.00,false,Inventory,true,true,true,,,,,,,,,,,,,
5583220000001502525,2025-06-25 20:19:42,2026-01-26 12:45:35,BRILL NG ENAMEL A1/B1 4G secondary,,NGN 0.00,Sales,false,,,0.00,0.00,0.00,0.00,cm,kg,,,,,,,,goods,1,,,Inactive,pcs,Pieces,null,,,,,NGN 18091.47,Cost of Goods Sold,cm,Inventory Asset,fifo,false,,,,,0.00,false,Inventory,true,true,true,,,,,,,,,,,,,
5583220000001502534,2025-06-25 20:19:42,2026-01-26 12:45:41,BRILL NG ENAMEL A2/B2 secondary,,NGN 0.00,Sales,false,,,0.00,0.00,0.00,0.00,cm,kg,,,,,,,,goods,1,,,Inactive,pcs,Pieces,null,,,,,NGN 18091.47,Cost of Goods Sold,cm,Inventory Asset,fifo,false,,,,,4.00,false,Inventory,true,true,true,,,,,,,,,,,,,
5583220000001502543,2025-06-25 20:19:42,2026-01-26 12:45:46,BRILL NG ENAMEL A3.5/B3 4G secondary,,NGN 0.00,Sales,false,,,0.00,0.00,0.00,0.00,cm,kg,,,,,,,,goods,1,,,Inactive,pcs,Pieces,null,,,,,NGN 18091.47,Cost of Goods Sold,cm,Inventory Asset,fifo,false,,,,,0.00,false,Inventory,true,true,true,,,,,,,,,,,,,
5583220000001502552,2025-06-25 20:19:42,2026-01-26 12:45:50,BRILL. FLOW A1/B1  2.3G secondary,,NGN 0.00,Sales,false,,,0.00,0.00,0.00,0.00,cm,kg,,,,,,,,goods,1,,,Inactive,pcs,Pieces,null,,,,,NGN 13770.50,Cost of Goods Sold,cm,Inventory Asset,fifo,false,,,,,0.00,false,Inventory,true,true,true,,,,,,,,,,,,,
5583220000001502561,2025-06-25 20:19:42,2026-01-29 16:57:00,HYSOLATE LATEX DENTAL DAM GREEN MEDIUM 127 X 127 (52PK),,NGN 48500.00,Sales,false,Coltene,COLTENE,0.00,0.00,0.00,0.00,cm,kg,,,,,,,,goods,1,,,Active,Pack(s),,260-200-002,,,,,NGN 40325.64,Cost of Goods Sold,,Inventory Asset,fifo,false,,,,,19.00,false,Inventory,true,true,true,200-Rubber Dam Systems,260-Endodontics,,,,,,,,,,,
5583220000001502570,2025-06-25 20:19:42,2026-01-26 12:51:07,PAPER POINT - SIZE 30,,NGN 0.00,Sales,false,,,0.00,0.00,0.00,0.00,,,,,,,,,,goods,1,,,Inactive,Pack(s),,null,,,,,NGN 18069.00,Cost of Goods Sold,,Inventory Asset,fifo,false,,,,,0.00,false,Inventory,true,true,true,,,,,,,,,,,,,
5583220000001502579,2025-06-25 20:19:42,2026-01-29 16:56:53,ROEKO PAPER POINT TOP COLOR ISO 20 (200PK),,NGN 24400.00,Sales,false,,,0.00,0.00,0.00,0.00,cm,kg,,,,,,,,goods,1,,,Active,pack,,260-180-010,,,,,NGN 17173.79,Cost of Goods Sold,,Inventory Asset,fifo,false,,,,,10.00,false,Inventory,true,true,true,180-Paper Points,260-Endodontics,,,,,,,,,,,
5583220000001502588,2025-06-25 20:19:42,2026-01-29 16:56:54,ROEKO PAPER POINT TOP COLOR ISO 30 (200PK),,NGN 24400.00,Sales,false,Coltene,COLTENE,0.00,0.00,0.00,0.00,cm,kg,,,,,,,,goods,1,,,Active,Pack(s),,260-180-011,,,,,NGN 17173.79,Cost of Goods Sold,,Inventory Asset,fifo,false,,,,,8.00,false,Inventory,true,true,true,180-Paper Points,260-Endodontics,,,,,,,,,,,
5583220000001502661,2025-06-25 20:19:43,2026-01-26 12:46:04,CAN LINER - LARGE - RED secondary,,NGN 0.00,Sales,false,,,0.00,0.00,0.00,0.00,cm,kg,,,,,,,,goods,1,,,Inactive,pcs,Pieces,null,,,,,NGN 6750.00,Cost of Goods Sold,cm,Inventory Asset,fifo,false,,,,,8.00,false,Inventory,true,true,true,,,,,,,,,,,,,
5583220000001502694,2025-06-25 20:19:43,2026-01-26 12:46:08,CATAFLAM 50MG (BIG PACK),,NGN 0.00,Sales,false,,,0.00,0.00,0.00,0.00,,,,,,,,,,goods,1,,,Inactive,,,null,,,,,NGN 17500.00,Cost of Goods Sold,,Inventory Asset,fifo,false,,,,,0.00,false,Inventory,true,true,true,,,,,,,,,,,,,
5583220000001502715,2025-06-25 20:19:43,2026-01-26 12:46:19,CLEAR MOUTHGUARD MATERIAL 3MM/125MM ROUND (9/KG) Secondary,,NGN 0.00,Sales,false,,,0.00,0.00,0.00,0.00,cm,kg,,,,,,,,goods,1,,,Inactive,pcs,Pieces,null,,,,,NGN 45688.62,Cost of Goods Sold,cm,Inventory Asset,fifo,false,,,,,0.00,false,Inventory,true,true,true,,,,,,,,,,,,,
5583220000001502736,2025-06-25 20:19:44,2026-01-26 12:46:24,Clear Splint Biocryl - 1.5mm/125mm Round (15/pkg),,NGN 0.00,Sales,false,,,0.00,0.00,0.00,0.00,,,,,,,,,,goods,1,,,Inactive,,,null,,,,,NGN 34585.14,Cost of Goods Sold,,Inventory Asset,fifo,false,,,,,2.00,false,Inventory,true,true,true,,,,,,,,,,,,,
5583220000001502745,2025-06-25 20:19:44,2026-01-26 12:46:28,Clear Splint Biocryl - 1mm/125mm Round (25/pkg),,NGN 0.00,Sales,false,,,0.00,0.00,0.00,0.00,,,,,,,,,,goods,1,,,Inactive,,,null,,,,,NGN 41433.68,Cost of Goods Sold,,Inventory Asset,fifo,false,,,,,2.00,false,Inventory,true,true,true,,,,,,,,,,,,,
5583220000001502754,2025-06-25 20:19:44,2026-01-26 12:46:34,Clear Splint Biocryl - 2mm/125mm Round (10/pkg),,NGN 0.00,Sales,false,,,0.00,0.00,0.00,0.00,,,,,,,,,,goods,1,,,Inactive,,,null,,,,,NGN 36639.70,Cost of Goods Sold,,Inventory Asset,fifo,false,,,,,0.00,false,Inventory,true,true,true,,,,,,,,,,,,,
5583220000001502763,2025-06-25 20:19:44,2026-01-26 12:50:15,ISOFOLAN 0.10/125MM ROUND (100P),,NGN 0.00,Sales,false,,,0.00,0.00,0.00,0.00,,,,,,,,,,goods,1,,,Inactive,,,null,,,,,NGN 91599.25,Cost of Goods Sold,,Inventory Asset,fifo,false,,,,,1.00,false,Inventory,true,true,true,,,,,,,,,,,,,
5583220000001502772,2025-06-25 20:19:44,2026-01-29 17:21:34,LC-PRIMER (10ML),,NGN 0.00,Sales,false,,,0.00,0.00,0.00,0.00,cm,kg,,,,,,,,goods,1,,,Active,EACH,,380-120-019,,,,,NGN 67512.28,Cost of Goods Sold,,Inventory Asset,fifo,false,,,,,0.00,false,Inventory,true,true,true,120-Acrylics & Resins,380-Lab Products,,,,,,,,,,,
5583220000001502803,2025-06-25 20:19:44,2026-01-29 16:53:11,CLINELL UNIV. SANITIZING WIPES,,NGN 29700.00,Sales,false,Clinell,CLINELL,0.00,0.00,0.00,0.00,cm,kg,,,,,,,,goods,1,,,Active,Pack(s),,200-230-001,,,,,NGN 11886.71,Cost of Goods Sold,cm,Inventory Asset,fifo,false,,,,,407.00,false,Inventory,true,true,true,230-Wipes,200-Disposable Products,,,,,,,,,,,
5583220000001502812,2025-06-25 20:19:44,2026-01-29 17:22:16,Dental Stone 25KG,,NGN 155500.00,Sales,false,,,0.00,0.00,0.00,0.00,cm,kg,,,,,,,,goods,1,,,Active,pcs,Pieces,380-150-002,,,,,NGN 116667.00,Cost of Goods Sold,cm,Inventory Asset,fifo,false,,,,,2.00,false,Inventory,true,true,true,150-Dental Stone & Gypsum,380-Lab Products,,,,,,,,,,,
5583220000001502859,2025-06-25 20:19:45,2026-01-29 17:18:27,CUP JUNIOR SCREW NYLON BRUSH (50PK) (STODDARD),,NGN 0.00,Sales,false,,,0.00,0.00,0.00,0.00,cm,kg,,,,,,,,goods,1,,,Active,Pcs,,360-130-002,,,,,NGN 36583.02,Cost of Goods Sold,,Inventory Asset,fifo,false,,,,,0.00,false,Inventory,true,true,true,130-Janitorial Equipment,360-Janitorial Supplies,,,,,,,,,,,
5583220000001502868,2025-06-25 20:19:45,2026-01-29 16:51:46,DISPOSABLE LARGE TRAY (28 X 18.3 X 1.7CM) (50PK),,NGN 0.00,Sales,false,,,0.00,0.00,0.00,0.00,cm,kg,,,,,,,,goods,1,,,Active,PCS,,200-200-004,,,,,NGN 9781.72,Cost of Goods Sold,,Inventory Asset,fifo,false,,,,,0.00,false,Inventory,true,true,true,200-Plastic Cup & Tray,200-Disposable Products,,,,,,,,,,,
5583220000001502877,2025-06-25 20:19:45,2026-01-29 08:58:06,RETAINER BRITE,,NGN 27720.00,Sales,false,,,0.00,0.00,0.00,0.00,cm,kg,,,,,,,,goods,1,,,Active,PCS,,420-110-019,,,,,NGN 23202.55,Cost of Goods Sold,,Inventory Asset,fifo,false,,,,,0.00,false,Inventory,true,true,true,110-Accessories,420-Orthodontics,,,,,,,,,,,
5583220000001502886,2025-06-25 20:19:45,2026-01-26 13:05:25,TEPE INTERDENTAL BRUSHES (Set) (DD) 0.4MM-PINK (10 x 8 pcs),,NGN 0.00,Sales,false,,,0.00,0.00,0.00,0.00,,,,,,,,,,goods,1,,,Inactive,,,null,,,,,NGN 79335.75,Cost of Goods Sold,,Inventory Asset,fifo,false,,,,,1.00,false,Inventory,true,true,true,,,,,,,,,,,,,
5583220000001502895,2025-06-25 20:19:45,2026-01-26 13:05:28,TEPE INTERDENTAL BRUSHES (Set) (DD) 0.5MM-RED (10 x 8 pcs),,NGN 0.00,Sales,false,,,0.00,0.00,0.00,0.00,,,,,,,,,,goods,1,,,Inactive,,,null,,,,,NGN 79335.75,Cost of Goods Sold,,Inventory Asset,fifo,false,,,,,2.00,false,Inventory,true,true,true,,,,,,,,,,,,,
5583220000001502904,2025-06-25 20:19:45,2026-01-26 13:05:32,TEPE INTERDENTAL BRUSHES (Set) (DD) 0.6MM-BLUE (10 x 8 pcs),,NGN 0.00,Sales,false,,,0.00,0.00,0.00,0.00,,,,,,,,,,goods,1,,,Inactive,,,null,,,,,NGN 79335.75,Cost of Goods Sold,,Inventory Asset,fifo,false,,,,,5.00,false,Inventory,true,true,true,,,,,,,,,,,,,
5583220000001502913,2025-06-25 20:19:45,2026-01-26 13:05:36,TEPE INTERDENTAL BRUSHES (Set) (DD) 0.7MM-YELLOW (10 x 8 pcs) secondary,,NGN 0.00,Sales,false,,,0.00,0.00,0.00,0.00,cm,kg,,,,,,,,goods,1,,,Inactive,pcs,Pieces,null,,,,,NGN 79335.75,Cost of Goods Sold,cm,Inventory Asset,fifo,false,,,,,0.00,false,Inventory,true,true,true,,,,,,,,,,,,,
5583220000001502922,2025-06-25 20:19:45,2026-01-29 08:51:02,TEPE TONGUE CLEANER,,NGN 11800.00,Sales,false,,,0.00,0.00,0.00,0.00,cm,kg,,,,,,,,goods,1,,,Active,PCS,,480-150-058,,,,,NGN 8501.17,Cost of Goods Sold,,Inventory Asset,fifo,false,,,,,46.00,false,Inventory,true,true,true,150-Toothbrushes & Tongue Cleaners,480-Preventive Products,,,,,,,,,,,
5583220000001502991,2025-06-25 20:19:46,2026-01-26 12:47:11,DENTAL NEEDLES 27G LONG,,NGN 0.00,Sales,false,,,0.00,0.00,0.00,0.00,,,,,,,,,,goods,1,,,Inactive,,,null,,,,,NGN 7500.00,Cost of Goods Sold,,Inventory Asset,fifo,false,,,,,0.00,false,Inventory,true,true,true,,,,,,,,,,,,,
5583220000001503012,2025-06-25 20:19:46,2026-01-26 12:47:41,ETHOSS 05.CC SYNTHETIC BONE GRAFT 3/PK (2) secondary,,NGN 0.00,Sales,false,,,0.00,0.00,0.00,0.00,cm,kg,,,,,,,,goods,1,,,Inactive,Pcs,,null,,,,,NGN 363047.73,Cost of Goods Sold,cm,Inventory Asset,fifo,false,,,,,0.00,false,Inventory,true,true,true,,,,,,,,,,,,,
5583220000001503021,2025-06-25 20:19:46,2026-01-26 12:47:46,ETHOSS 1CC SYNTHETIC BONE GRAFT 3/PK (2),,NGN 0.00,Sales,false,,,0.00,0.00,0.00,0.00,,,,,,,,,,goods,1,,,Inactive,,,null,,,,,NGN 436092.04,Cost of Goods Sold,,Inventory Asset,fifo,false,,,,,5.00,false,Inventory,true,true,true,,,,,,,,,,,,,
5583220000001503082,2025-06-25 20:19:47,2026-01-26 12:48:41,GUTTA PERCHA PROTAPER F1 (DENTSPLY),,NGN 0.00,Sales,false,,,0.00,0.00,0.00,0.00,,,,,,,,,,goods,1,,,Inactive,,,null,,,,,NGN 19008.97,Cost of Goods Sold,,Inventory Asset,fifo,false,,,,,4.00,false,Inventory,true,true,true,,,,,,,,,,,,,
5583220000001503091,2025-06-25 20:19:47,2026-01-26 12:48:50,GUTTA PERCHA PROTAPER F3 (DENTSPLY),,NGN 0.00,Sales,false,,,0.00,0.00,0.00,0.00,,,,,,,,,,goods,1,,,Inactive,,,null,,,,,NGN 29286.04,Cost of Goods Sold,,Inventory Asset,fifo,false,,,,,4.00,false,Inventory,true,true,true,,,,,,,,,,,,,
5583220000001503114,2025-06-25 20:19:47,2026-01-26 12:49:43,INTEGRA-CP (3MM) 4.5 X 5.0MM Secondary,,NGN 0.00,Sales,false,,,0.00,0.00,0.00,0.00,cm,kg,,,,,,,,goods,1,,,Inactive,pcs,Pieces,null,,,,,NGN 116090.53,Cost of Goods Sold,cm,Inventory Asset,fifo,false,,,,,0.00,false,Inventory,true,true,true,,,,,,,,,,,,,
5583220000001503123,2025-06-25 20:19:47,2026-01-26 12:50:06,INTEGRA-CP (3MM) 5.0 X 6MM secondary,,NGN 0.00,Sales,false,,,0.00,0.00,0.00,0.00,cm,kg,,,,,,,,goods,1,,,Inactive,pcs,Pieces,null,,,,,NGN 116090.53,Cost of Goods Sold,cm,Inventory Asset,fifo,false,,,,,0.00,false,Inventory,true,true,true,,,,,,,,,,,,,
5583220000001503132,2025-06-25 20:19:47,2026-01-26 12:50:10,INTEGRA-CP (3MM) 5.0 X 8MM - secondary,,NGN 0.00,Sales,false,,,0.00,0.00,0.00,0.00,cm,kg,,,,,,,,goods,1,,,Inactive,pcs,Pieces,null,,,,,NGN 116090.53,Cost of Goods Sold,cm,Inventory Asset,fifo,false,,,,,2.00,false,Inventory,true,true,true,,,,,,,,,,,,,
5583220000001503171,2025-06-25 20:19:47,2026-01-26 12:50:01,INTEGRA-CP (3MM) 5.0 X 5MM - Secondary,,NGN 0.00,Sales,false,,,0.00,0.00,0.00,0.00,cm,kg,,,,,,,,goods,1,,,Inactive,pcs,Pieces,null,,,,,NGN 108446.83,Cost of Goods Sold,cm,Inventory Asset,fifo,false,,,,,0.00,false,Inventory,true,true,true,,,,,,,,,,,,,
5583220000001503180,2025-06-25 20:19:47,2026-01-26 12:51:12,PATIENT TEASERS (25PK),,NGN 0.00,Sales,false,,,0.00,0.00,0.00,0.00,,,,,,,,,,goods,1,,,Inactive,,,null,,,,,NGN 929.54,Cost of Goods Sold,,Inventory Asset,fifo,false,,,,,25.00,false,Inventory,true,true,true,,,,,,,,,,,,,
5583220000001503189,2025-06-25 20:19:47,2026-01-26 12:51:16,PERM ABUT (2.5MM) 4.0 X 10MM 0° (2) secondary,,NGN 0.00,Sales,false,,,0.00,0.00,0.00,0.00,cm,kg,,,,,,,,goods,1,,,Inactive,pcs,Pieces,null,,,,,NGN 74363.54,Cost of Goods Sold,cm,Inventory Asset,fifo,false,,,,,0.00,false,Inventory,true,true,true,,,,,,,,,,,,,
5583220000001503198,2025-06-25 20:19:47,2026-01-26 12:51:20,PERM ABUT (2.5MM) 4.0 X 10MM 15° (2) secondary,,NGN 0.00,Sales,false,,,0.00,0.00,0.00,0.00,cm,kg,,,,,,,,goods,1,,,Inactive,pcs,Pieces,null,,,,,NGN 74363.54,Cost of Goods Sold,cm,Inventory Asset,fifo,false,,,,,0.00,false,Inventory,true,true,true,,,,,,,,,,,,,
5583220000001503207,2025-06-25 20:19:47,2026-01-26 12:51:29,PERM ABUT (2.5MM) 4.0 X 6.5MM 25° (2) secondary,,NGN 0.00,Sales,false,,,0.00,0.00,0.00,0.00,cm,kg,,,,,,,,goods,1,,,Inactive,pcs,Pieces,null,,,,,NGN 108446.83,Cost of Goods Sold,cm,Inventory Asset,fifo,false,,,,,0.00,false,Inventory,true,true,true,,,,,,,,,,,,,
5583220000001503216,2025-06-25 20:19:47,2026-01-26 12:51:33,PERM ABUT (2.5MM) 5.0 X 10MM 0° (2) secondary,,NGN 0.00,Sales,false,,,0.00,0.00,0.00,0.00,cm,kg,,,,,,,,goods,1,,,Inactive,pcs,Pieces,null,,,,,NGN 74363.54,Cost of Goods Sold,cm,Inventory Asset,fifo,false,,,,,4.00,false,Inventory,true,true,true,,,,,,,,,,,,,
5583220000001503225,2025-06-25 20:19:47,2026-01-26 12:51:56,PERM ABUT (3MM) 4.0 X 10MM 0° (2) Secondary,,NGN 0.00,Sales,false,,,0.00,0.00,0.00,0.00,cm,kg,,,,,,,,goods,1,,,Inactive,pcs,Pieces,null,,,,,NGN 74363.54,Cost of Goods Sold,cm,Inventory Asset,fifo,false,,,,,0.00,false,Inventory,true,true,true,,,,,,,,,,,,,
5583220000001503234,2025-06-25 20:19:48,2026-01-26 12:52:05,PERM ABUT (3MM) 4.0 X 6.5MM 0° (2) Secondary,,NGN 0.00,Sales,false,,,0.00,0.00,0.00,0.00,cm,kg,,,,,,,,goods,1,,,Inactive,pcs,Pieces,null,,,,,NGN 74363.54,Cost of Goods Sold,cm,Inventory Asset,fifo,false,,,,,0.00,false,Inventory,true,true,true,,,,,,,,,,,,,
5583220000001503243,2025-06-25 20:19:48,2026-01-26 13:05:02,TEMP ABUT (2.5MM) 5.0 X 4.5MM (2),,NGN 0.00,Sales,false,,,0.00,0.00,0.00,0.00,,,,,,,,,,goods,1,,,Inactive,,,null,,,,,NGN 54223.41,Cost of Goods Sold,,Inventory Asset,fifo,false,,,,,0.00,false,Inventory,true,true,true,,,,,,,,,,,,,
5583220000001503252,2025-06-25 20:19:48,2026-01-26 13:05:06,TEMP ABUT (2.5MM) 5.0 X 6.5MM (2),,NGN 0.00,Sales,false,,,0.00,0.00,0.00,0.00,,,,,,,,,,goods,1,,,Inactive,,,null,,,,,NGN 54223.41,Cost of Goods Sold,,Inventory Asset,fifo,false,,,,,0.00,false,Inventory,true,true,true,,,,,,,,,,,,,
5583220000001503261,2025-06-25 20:19:48,2026-01-26 13:05:10,TEMP ABUT (3MM) 5.0 X 4.5MM (2),,NGN 0.00,Sales,false,,,0.00,0.00,0.00,0.00,,,,,,,,,,goods,1,,,Inactive,,,null,,,,,NGN 54223.41,Cost of Goods Sold,,Inventory Asset,fifo,false,,,,,0.00,false,Inventory,true,true,true,,,,,,,,,,,,,
5583220000001503270,2025-06-25 20:19:48,2026-01-26 13:05:15,TEMP ABUT (3MM) 6.5 X 4.5MM (2),,NGN 0.00,Sales,false,,,0.00,0.00,0.00,0.00,,,,,,,,,,goods,1,,,Inactive,,,null,,,,,NGN 54223.41,Cost of Goods Sold,,Inventory Asset,fifo,false,,,,,0.00,false,Inventory,true,true,true,,,,,,,,,,,,,
5583220000001503279,2025-06-25 20:19:48,2026-01-26 13:05:20,TEMP ABUT (3MM) 6.5 X 6.5MM (2),,NGN 0.00,Sales,false,,,0.00,0.00,0.00,0.00,,,,,,,,,,goods,1,,,Inactive,,,null,,,,,NGN 54223.41,Cost of Goods Sold,,Inventory Asset,fifo,false,,,,,0.00,false,Inventory,true,true,true,,,,,,,,,,,,,
5583220000001503360,2025-06-25 20:19:48,2026-01-26 12:50:53,ORAL-B CROSS ACTION BLACK TOOTHBRUSH HEAD (2 PACK),,NGN 0.00,Sales,false,,,0.00,0.00,0.00,0.00,,,,,,,,,,goods,1,,,Inactive,,,null,,,,,NGN 18228.43,Cost of Goods Sold,,Inventory Asset,fifo,false,,,,,0.00,false,Inventory,true,true,true,,,,,,,,,,,,,
5583220000001503369,2025-06-25 20:19:48,2026-01-26 12:50:57,ORAL-B CROSS ACTION WHITE TOOTHBRUSH HEAD (2 PACK),,NGN 0.00,Sales,false,,,0.00,0.00,0.00,0.00,,,,,,,,,,goods,1,,,Inactive,,,null,,,,,NGN 18228.43,Cost of Goods Sold,,Inventory Asset,fifo,false,,,,,0.00,false,Inventory,true,true,true,,,,,,,,,,,,,
5583220000001503378,2025-06-25 20:19:48,2026-01-29 17:29:10,ORAL-B IO SPECIALISED CLEAN TOOTHBRUSH HEADS (2 PACK),,NGN 0.00,Sales,false,,,0.00,0.00,0.00,0.00,cm,kg,,,,,,,,goods,1,,,Active,Pack(s),,480-150-014,,,,,NGN 0.00,Cost of Goods Sold,,Inventory Asset,fifo,false,,,,,1.00,false,Inventory,true,true,true,150-Toothbrushes & Tongue Cleaners,480-Preventive Products,,,,,,,,,,,
5583220000001503387,2025-06-25 20:19:48,2026-01-29 09:03:06,ORAL-B KIDS ELECTRIC TOOTHBRUSH SPIDERMAN- VITALITY PRO,,NGN 0.00,Sales,false,,,0.00,0.00,0.00,0.00,cm,kg,,,,,,,,goods,1,,,Active,pcs,Pieces,480-150-044,,,,,NGN 0.00,Cost of Goods Sold,,Inventory Asset,fifo,false,,,,,0.00,false,Inventory,true,true,true,150-Toothbrushes & Tongue Cleaners,480-Preventive Products,,,,,,,,,,,
5583220000001503396,2025-06-25 20:19:48,2026-01-29 17:29:27,ORAL-B PRO 3 - 3000 - CROSS ACTION BLACK ELECTRIC TOOTHBRUSH,,NGN 0.00,Sales,false,,,0.00,0.00,0.00,0.00,cm,kg,,,,,,,,goods,1,,,Active,pcs,Pieces,480-150-021,,,,,NGN 87043.65,Cost of Goods Sold,,Inventory Asset,fifo,false,,,,,0.00,false,Inventory,true,true,true,150-Toothbrushes & Tongue Cleaners,480-Preventive Products,,,,,,,,,,,
5583220000001503405,2025-06-25 20:19:48,2026-01-29 09:03:10,ORAL-B PRO 3 - 3000 - WHITE ELECTRIC TOOTHBRUSH WITH BONUS CASE,,NGN 0.00,Sales,false,,,0.00,0.00,0.00,0.00,cm,kg,,,,,,,,goods,1,,,Active,pcs,Pieces,480-150-022,,,,,NGN 87041.66,Cost of Goods Sold,,Inventory Asset,fifo,false,,,,,0.00,false,Inventory,true,true,true,150-Toothbrushes & Tongue Cleaners,480-Preventive Products,,,,,,,,,,,
5583220000001503414,2025-06-25 20:19:48,2026-01-29 09:03:10,ORAL-B PRO 3 - 3500 - BLACK ELECTRIC TOOTHBRUSH WITH BONUS CASE,,NGN 0.00,Sales,false,,,0.00,0.00,0.00,0.00,cm,kg,,,,,,,,goods,1,,,Active,pcs,Pieces,480-150-023,,,,,NGN 87043.65,Cost of Goods Sold,,Inventory Asset,fifo,false,,,,,0.00,false,Inventory,true,true,true,150-Toothbrushes & Tongue Cleaners,480-Preventive Products,,,,,,,,,,,
5583220000001503423,2025-06-25 20:19:49,2026-01-29 17:26:37,ORAL-B PRO EXPERT DEEP CLEAN FLOSSING TAPE 50M WHITE,,NGN 117600.00,Sales,false,,,0.00,0.00,0.00,0.00,cm,kg,,,,,,,,goods,1,,,Active,pcs,Pieces,480-110-011,,,,,NGN 87043.65,Cost of Goods Sold,,Inventory Asset,fifo,false,,,,,0.00,false,Inventory,true,true,true,110-Floss & Interdental Aids,480-Preventive Products,,,,,,,,,,,
5583220000001503432,2025-06-25 20:19:49,2026-01-29 08:53:12,ORAL-B PRO-EXPERT PROFESSIONAL PROTECTION MOUTHWASH 500ML,,NGN 0.00,Sales,false,,,0.00,0.00,0.00,0.00,cm,kg,,,,,,,,goods,1,,,Active,Bottle(s),,480-130-004,,,,,NGN 0.00,Cost of Goods Sold,,Inventory Asset,fifo,false,,,,,0.00,false,Inventory,true,true,true,130-Mouthwashes,480-Preventive Products,,,,,,,,,,,
5583220000001503469,2025-06-25 20:19:49,2026-01-29 08:58:06,POLIGRIP ORIGINAL CREAM 2.4oz,,NGN 21600.00,Sales,false,,,0.00,0.00,0.00,0.00,cm,kg,,,,,,,,goods,1,,,Active,Tube,,420-110-021,,,,,NGN 17914.96,Cost of Goods Sold,,Inventory Asset,fifo,false,,,,,0.00,false,Inventory,true,true,true,110-Accessories,420-Orthodontics,,,,,,,,,,,
5583220000001503492,2025-06-25 20:19:49,2026-01-29 17:00:06,"PRESSURE REGULATOR ""C""",,NGN 0.00,Sales,false,,,0.00,0.00,0.00,0.00,cm,kg,,,,,,,,goods,1,,,Active,Each,,280-110-050,,,,,NGN 434009.70,Cost of Goods Sold,,Inventory Asset,fifo,false,,,,,0.00,false,Inventory,true,true,true,110-Dental Units & Accessories,280-Equipment,,,,,,,,,,,
5583220000001503537,2025-06-25 20:19:49,2026-01-29 16:50:35,SUPERGRIP LATEX POWDER FREE EXAM GLOVES MEDIUM,,NGN 0.00,Sales,false,,,0.00,0.00,0.00,0.00,cm,kg,,,,,,,,goods,1,,,Active,each,,200-170-014,,,,,NGN 4500.00,Cost of Goods Sold,,Inventory Asset,fifo,false,,,,,0.00,false,Inventory,true,true,true,170-Gloves,200-Disposable Products,,,,,,,,,,,
5583220000001503546,2025-06-25 20:19:50,2026-01-29 16:50:41,UNIGLOVES KOOLTOUCH MEDICAL NITRILE P/FREE BLUE GLOVES LARGE (LATEX FREE),,NGN 8500.00,Sales,false,,,0.00,0.00,0.00,0.00,cm,kg,,,,,,,,goods,1,,,Active,each,,200-170-017,,,,,NGN 4800.00,Cost of Goods Sold,,Inventory Asset,fifo,false,,,,,0.00,false,Inventory,true,true,true,170-Gloves,200-Disposable Products,,,,,,,,,,,
5583220000001503593,2025-06-25 20:19:50,2026-01-29 08:55:56,TEPE MINI FLOSSER (36/PK),,NGN 2800.00,Sales,false,,,0.00,0.00,0.00,0.00,cm,kg,,,,,,,,goods,1,,,Active,pack,,480-110-024,,,,,NGN 1980.00,Cost of Goods Sold,,Inventory Asset,fifo,false,,,,,39.00,false,Inventory,true,true,true,110-Floss & Interdental Aids,480-Preventive Products,,,,,,,,,,,
5583220000001503614,2025-06-25 20:19:50,2026-01-29 09:01:14,TOOTHFAIRY BPA-FREE PIT & FISSURE SEALANT,,NGN 0.00,Sales,false,,,0.00,0.00,0.00,0.00,cm,kg,,,,,,,,goods,1,,,Active,each,,520-160-021,,,,,NGN 48800.00,Cost of Goods Sold,,Inventory Asset,fifo,false,,,,,0.00,false,Inventory,true,true,true,160-Composites,520-Restorative,,,,,,,,,,,
5583220000001503635,2025-06-25 20:19:50,2026-01-29 17:00:54,"UNI JET 75 230V-50 D.30 PLAST. FAN, W/O BASE, WITH LONG TUBE (VACUUM MOTOR SPARE PART)",,NGN 1762300.00,Sales,false,,,0.00,0.00,0.00,0.00,cm,kg,,,,,,,,goods,1,,,Active,each,,280-110-070,,,,,NGN 719747.06,Cost of Goods Sold,,Inventory Asset,fifo,false,,,,,0.00,false,Inventory,true,true,true,110-Dental Units & Accessories,280-Equipment,,,,,,,,,,,
5583220000001503680,2025-06-25 20:19:51,2026-01-29 16:50:43,UNIGLOVES KOOLTOUCH MEDICAL NITRILE P/FREE BLUE GLOVES MEDIUM (LATEX FREE),,NGN 8500.00,Sales,false,,,0.00,0.00,0.00,0.00,cm,kg,,,,,,,,goods,1,,,Active,each,,200-170-018,,,,,NGN 4700.00,Cost of Goods Sold,,Inventory Asset,fifo,false,,,,,0.00,false,Inventory,true,true,true,170-Gloves,200-Disposable Products,,,,,,,,,,,
5583220000001503701,2025-06-25 20:19:51,2026-01-26 13:07:13,ZOOM KIT (for 2 patients) with TOUCH-UP secondary,,NGN 0.00,Sales,false,,,0.00,0.00,0.00,0.00,cm,kg,,,,,,,,goods,1,,,Inactive,pcs,Pieces,null,,,,,NGN 270212.82,Cost of Goods Sold,cm,Inventory Asset,fifo,false,,,,,-30.00,false,Inventory,true,true,true,,,,,,,,,,,,,
5583220000001761301,2025-07-03 08:50:49,2026-01-29 16:53:13,CLEANCIDE WIPES (80/PK),,NGN 8100.00,Sales,true,Wexford Labs,,0.00,0.00,0.00,0.00,cm,kg,,,,,,,,goods,1,,,Active,Pack(s),,200-230-002,,,,,NGN 4140.00,Cost of Goods Sold,cm,Inventory Asset,fifo,false,,,,,0.00,false,Inventory,true,true,true,230-Wipes,200-Disposable Products,,,,,,,,,,,
5583220000001761910,2025-07-03 09:06:55,2026-01-29 08:55:53,COLGATE TOOTHBRUSH ULTRASOFT,,NGN 2600.00,Sales,true,Colgate,COLGATE,0.00,0.00,0.00,0.00,cm,kg,,,,,,,,goods,1,,,Active,Each,,480-150-004,,,,,NGN 1916.31,Cost of Goods Sold,cm,Inventory Asset,fifo,false,,,,,30.00,false,Inventory,true,true,true,150-Toothbrushes & Tongue Cleaners,480-Preventive Products,,,,,,,,,,,
5583220000001762571,2025-07-03 09:42:59,2026-01-29 08:52:05,REPAIR OF WATER DISTILLER,,NGN 32000.00,Sales,false,,,0.00,0.00,0.00,0.00,cm,kg,false,,,,,,,service,1,,,Active,Each,,560-120-017,,,,,NGN 27000.00,Cost of Goods Sold,cm,Inventory Asset,,false,,,,,,false,Sales and Purchases,true,true,false,120-Equipment Repairs,560-Services,,,,,,,,,,,
5583220000001775929,2025-07-03 13:57:23,2026-01-29 17:03:46,USB PC CABLE-CEFLA 1.8 MT,,NGN 165900.00,Sales,true,CEFLA,CEFLA,0.00,0.00,0.00,0.00,cm,kg,,,,,,,,goods,1,,,Active,Each,,280-150-008,,,,,NGN 122854.03,Cost of Goods Sold,cm,Inventory Asset,fifo,false,,,,,0.00,false,Inventory,true,true,true,150-Software,280-Equipment,,,,,,,,,,,
5583220000001775972,2025-07-03 13:59:40,2026-01-29 17:01:56,TURBINE MODULE GROUP,,NGN 843500.00,Sales,true,CEFLA,CEFLA,0.00,0.00,0.00,0.00,cm,kg,,,,,,,,goods,1,,,Active,Each,,280-120-022,,,,,NGN 624748.86,Cost of Goods Sold,cm,Inventory Asset,fifo,false,,,,,0.00,false,Inventory,true,true,true,120-Handpieces,280-Equipment,,,,,,,,,,,
5583220000001777539,2025-07-03 14:10:47,2026-01-29 08:52:06,REPAIR CHARGE- MOTOR FOR AE-225-30 (260-028-425),,NGN 928500.00,Sales,false,Bicon,BICON,0.00,0.00,0.00,0.00,cm,kg,false,,,,,,,service,1,,,Active,Each,,560-120-011,,,,,NGN 687748.04,Cost of Goods Sold,cm,Inventory Asset,,false,,,,,,false,Sales and Purchases,true,true,false,120-Equipment Repairs,560-Services,,,,,,,,,,,
5583220000002407047,2025-07-07 13:51:47,2026-01-29 08:49:59,DELIVERY FEES,,NGN 0.00,Shipping Charge,false,,,0.00,0.00,0.00,0.00,cm,kg,false,,,,,,,service,1,,,Active,Each,,560-130-007,,,,,NGN 0.00,Cost of Goods Sold,cm,Inventory Asset,,false,,,,,,false,Sales and Purchases,true,true,false,130-Support,560-Services,,,,,,,,,,,
5583220000002602263,2025-07-09 11:34:22,2026-01-29 08:52:08,CALL-OUT FEES,,NGN 20000.00,Sales,false,,,0.00,0.00,0.00,0.00,cm,kg,false,,,,,,,service,1,,,Active,Each,,560-120-002,,,,,NGN 20000.00,Cost of Goods Sold,cm,Inventory Asset,,false,,,,,,false,Sales and Purchases,true,true,false,120-Equipment Repairs,560-Services,,,,,,,,,,,
5583220000002589081,2025-07-09 11:36:32,2026-01-29 17:39:01,PURCHASE OF SWITCH FOR THE AUTOCLAVE,CALL OUT FEES,NGN 7000.00,Sales,false,,,0.00,0.00,0.00,0.00,cm,kg,false,,,,,,,service,1,,,Active,Each,,560-130-011,,,,,NGN 7000.00,Cost of Goods Sold,cm,Inventory Asset,,false,,,,,,false,Sales and Purchases,true,true,false,130-Support,560-Services,,,Ignore,,,,,,,,
5583220000002589090,2025-07-09 11:37:16,2026-01-29 08:50:00,SWAPPING OF FOOT PEDAL,,NGN 10000.00,Sales,false,,,0.00,0.00,0.00,0.00,cm,kg,false,,,,,,,service,1,,,Active,Each,,560-120-022,,,,,NGN 10000.00,Cost of Goods Sold,cm,Inventory Asset,,false,,,,,,false,Sales and Purchases,true,true,false,120-Equipment Repairs,560-Services,,,,,,,,,,,
5583220000002589099,2025-07-09 11:37:54,2026-01-29 08:52:05,REPAIR OF WATER LEAKAGE IN SURGERY 3'S CHAIR CONSOLE,,NGN 15000.00,Sales,false,,,0.00,0.00,0.00,0.00,cm,kg,false,,,,,,,service,1,,,Active,Each,,560-120-019,,,,,NGN 15000.00,Cost of Goods Sold,cm,Inventory Asset,,false,,,,,,false,Sales and Purchases,true,true,false,120-Equipment Repairs,560-Services,,,,,,,,,,,
5583220000002589108,2025-07-09 11:47:59,2026-01-29 08:52:08,FIXING OF AUTOCLAVE FAULTY POWER SWITCH,,NGN 15000.00,Sales,false,,,0.00,0.00,0.00,0.00,cm,kg,false,,,,,,,service,1,,,Active,Each,,560-120-005,,,,,NGN 15000.00,Cost of Goods Sold,cm,Inventory Asset,,false,,,,,,false,Sales and Purchases,true,true,false,120-Equipment Repairs,560-Services,,,,,,,,,,,
5583220000002620515,2025-07-09 13:52:44,2026-01-29 08:52:07,FIXING OF SURGERY 1 DENTAL UNIT COLSOLE PNEUMATIC SYSTEM LEAKAGE,,NGN 15000.00,Sales,false,,,0.00,0.00,0.00,0.00,,,false,,,,,,,service,1,,,Active,Each,,560-120-008,,,,,NGN 15000.00,Cost of Goods Sold,,Inventory Asset,,false,,,,,,false,Sales and Purchases,true,true,false,120-Equipment Repairs,560-Services,,,,,,,,,,,
5583220000002620524,2025-07-09 13:53:21,2026-01-29 08:52:07,GENERAL SERVICING OF DENTAL UNIT,,NGN 20000.00,Sales,false,,,0.00,0.00,0.00,0.00,,,false,,,,,,,service,1,,,Active,Each,,560-120-009,,,,,NGN 20000.00,Cost of Goods Sold,,Inventory Asset,,false,,,,,,false,Sales and Purchases,true,true,false,120-Equipment Repairs,560-Services,,,,,,,,,,,
5583220000002589554,2025-07-09 14:08:15,2026-01-29 08:45:36,INTRODUCTION TO IMPLANTOLOGY WITH HANDS-ON TRAINING- PHYSICAL (VAT INCLUSIVE),,NGN 55000.00,Sales,false,,,0.00,0.00,0.00,0.00,cm,kg,false,,,,,,,service,1,,,Active,EAC,,620-110-002,,,,,NGN 55000.00,Cost of Goods Sold,,Inventory Asset,,false,,,,,,false,Sales and Purchases,true,true,false,110-Clinical,620-Training,,,,,,,,,,,
5583220000002663195,2025-07-09 14:49:25,2026-01-29 08:45:36,INTRODUCTION TO IMPLANTOLOGY TRAINING- ONLINE (VAT INCLUSIVE),,NGN 25000.00,Sales,false,,,0.00,0.00,0.00,0.00,cm,kg,false,VAT,7.500000,ItemAmount,,,,service,1,,,Active,Each,,620-110-001,,,,,NGN 25000.00,Cost of Goods Sold,,Inventory Asset,,false,,,,,,false,Sales and Purchases,true,true,false,110-Clinical,620-Training,,,,,,,,,,,
5583220000002722648,2025-07-10 08:55:38,2026-01-29 08:52:08,CLEARING OF ANTHOS AUTOCLAVE DISPLAY ERROR & SERVICING OF PNEUMATIC SYSTEM,,NGN 15000.00,Sales,false,,,0.00,0.00,0.00,0.00,cm,kg,false,,,,,,,service,1,,,Active,EACH,,560-120-003,,,,,NGN 15000.00,Cost of Goods Sold,cm,Inventory Asset,,false,,,,,,false,Sales and Purchases,true,true,false,120-Equipment Repairs,560-Services,,,,,,,,,,,
5583220000002722657,2025-07-10 08:56:24,2026-01-29 08:52:07,FIXING OF DAMAGED DENTIST CHAIR,,NGN 10000.00,Sales,false,,,0.00,0.00,0.00,0.00,cm,kg,false,,,,,,,service,1,,,Active,Each,,560-120-007,,,,,NGN 10000.00,Cost of Goods Sold,cm,Inventory Asset,,false,,,,,,false,Sales and Purchases,true,true,false,120-Equipment Repairs,560-Services,,,,,,,,,,,
5583220000002792702,2025-07-11 11:32:17,2026-01-29 08:52:08,"COST OF SHIPPING FAULTY IMPLANTOR CABLE VIA FEDEX TO BICON, USA",,NGN 113400.00,Sales,false,,,0.00,0.00,0.00,0.00,cm,kg,false,,,,,,,service,1,,,Active,EACH,,560-120-004,,,,,NGN 113400.00,Cost of Goods Sold,cm,Inventory Asset,,false,,,,,,false,Sales and Purchases,true,true,false,120-Equipment Repairs,560-Services,,,,,,,,,,,
5583220000002822381,2025-07-11 13:21:43,2026-01-29 08:52:05,REPAIR OF TWO FAST HAND PIECES,,NGN 10000.00,Sales,false,,,0.00,0.00,0.00,0.00,cm,kg,false,,,,,,,service,1,,,Active,EACH,,560-120-016,,,,,NGN 10000.00,Cost of Goods Sold,cm,Inventory Asset,,false,,,,,,false,Sales and Purchases,true,true,false,120-Equipment Repairs,560-Services,,,,,,,,,,,
5583220000002822392,2025-07-11 13:22:24,2026-01-29 08:52:07,FIXING OF COMPRESSOR,,NGN 25000.00,Sales,false,,,0.00,0.00,0.00,0.00,cm,kg,false,,,,,,,service,1,,,Active,Each,,560-120-006,,,,,NGN 25000.00,Cost of Goods Sold,cm,Inventory Asset,,false,,,,,,false,Sales and Purchases,true,true,false,120-Equipment Repairs,560-Services,,,,,,,,,,,
5583220000002837390,2025-07-11 16:41:23,2026-01-29 08:52:05,SPARE PART FOR THEREPAIR OF WATER DISTILLER,,NGN 5000.00,Sales,false,,,0.00,0.00,0.00,0.00,cm,kg,false,,,,,,,service,1,,,Active,EACH,,560-120-018,,,,,NGN 5000.00,Cost of Goods Sold,cm,Inventory Asset,,false,,,,,,false,Sales and Purchases,true,true,false,120-Equipment Repairs,560-Services,,,,,,,,,,,
5583220000002837401,2025-07-11 16:41:49,2026-01-29 08:49:59,LABOR,,NGN 15000.00,Sales,false,,,0.00,0.00,0.00,0.00,cm,kg,false,,,,,,,service,1,,,Active,EACH,,560-130-004,,,,,NGN 15000.00,Cost of Goods Sold,cm,Inventory Asset,,false,,,,,,false,Sales and Purchases,true,true,false,130-Support,560-Services,,,,,,,,,,,
5583220000002844954,2025-07-14 08:55:24,2026-01-29 08:52:07,REPAIR CHARGE FOR MOTOR FOR AE-225-30,,NGN 928500.00,Sales,false,,,0.00,0.00,0.00,0.00,cm,kg,false,,,,,,,service,1,,,Active,Each,,560-120-010,,,,,NGN 928500.00,Cost of Goods Sold,cm,Inventory Asset,,false,,,,,,false,Sales and Purchases,true,true,false,120-Equipment Repairs,560-Services,,,,,,,,,,,
5583220000002859278,2025-07-14 10:08:14,2026-01-29 08:52:10,"IMPLANT PROCEDURE D112: A DOCTOR, TWO IMPLANTS, TWO PERMANENT ABUTMENTS, TWO CROWNS & LOANING OF AN IMPLANT KIT",,NGN 805800.00,Sales,false,,,0.00,0.00,0.00,0.00,cm,kg,false,,,,,,,service,1,,,Active,Each,,560-110-001,,,,,NGN 805800.00,Cost of Goods Sold,cm,Inventory Asset,,false,,,,,,false,Sales and Purchases,true,true,false,110-Consultation,560-Services,,,,,,,,,,,
5583220000002859490,2025-07-14 10:50:53,2026-01-29 08:52:06,REPAIR OF FAULTY HANDPIECE,,NGN 10000.00,Sales,false,,,0.00,0.00,0.00,0.00,cm,kg,false,,,,,,,service,1,,,Active,EACH,,560-120-013,,,,,NGN 10000.00,Cost of Goods Sold,cm,Inventory Asset,,false,,,,,,false,Sales and Purchases,true,true,false,120-Equipment Repairs,560-Services,,,,,,,,,,,
5583220000002880057,2025-07-15 17:03:32,2026-01-26 13:05:55,TOPICAL GEL PINA COLADA (PEARSON) (2),,NGN 13500.00,Sales,false,,,0.00,0.00,0.00,0.00,,,,,,,,,,goods,1,,,Inactive,,,null,,,,,NGN 0.00,Cost of Goods Sold,,Inventory Asset,fifo,false,,,,,0.00,false,Inventory,true,true,true,,,,,,,,,,,,,
5583220000002931709,2025-07-17 11:15:03,2026-01-29 08:50:00,RETURN OF TWO FAULTY ZEN-X GROUPS TO CEFLA IN ITALY,,NGN 143877.00,Sales,false,,CEFLA,0.00,0.00,0.00,0.00,cm,kg,false,,,,,,,service,1,,,Active,EACH,,560-120-023,,,,,NGN 143877.00,Cost of Goods Sold,cm,Inventory Asset,,false,,,,,,false,Sales and Purchases,true,true,false,120-Equipment Repairs,560-Services,,,,,,,,,,,
5583220000003043961,2025-07-30 14:17:33,2026-01-29 08:49:58,MIGRATION OF INVENTORY FROM DEAR SYSTEMS TO ZOHO ACCOUNTS,,NGN 0.00,Sales,false,,,0.00,0.00,0.00,0.00,,,false,,,,,,,service,1,,,Active,,,560-130-008,,,,,NGN 0.00,Cost of Goods Sold,,Inventory Asset,,false,,,,,,false,Sales and Purchases,true,true,false,130-Support,560-Services,,,,,,,,,,,
5583220000003057096,2025-07-30 14:30:03,2026-01-29 08:49:59,COMPLETE MIGRATION OF DATA FROM DEAR INVENTORY TO ZOHO INVENTORY,,NGN 0.00,Sales,false,,,0.00,0.00,0.00,0.00,,,false,,,,,,,service,1,,,Active,,,560-130-003,,,,,NGN 0.00,Cost of Goods Sold,,Inventory Asset,,false,,,,,,false,Sales and Purchases,true,true,false,130-Support,560-Services,,,,,,,,,,,
5583220000003057527,2025-07-30 15:47:09,2026-01-29 08:49:57,RENEWAL OF SERVICE CONTRACT AGREEMENT FOR 45KVA GENERATOR,,NGN 0.00,Sales,false,,,0.00,0.00,0.00,0.00,,,false,,,,,,,service,1,,,Active,,,560-130-013,,,,,NGN 0.00,Cost of Goods Sold,,Inventory Asset,,false,,,,,,false,Sales and Purchases,true,true,false,130-Support,560-Services,,,,,,,,,,,
5583220000003056198,2025-07-30 15:56:22,2026-01-29 16:58:45,CENTRALIZED EV COMPLETE GR.,,NGN 375800.00,Sales,true,CEFLA,CEFLA,0.00,0.00,0.00,0.00,cm,kg,,,,,,,,goods,1,,,Active,Each,,280-110-017,,,,,NGN 278317.18,Cost of Goods Sold,cm,Inventory Asset,fifo,false,,,,,0.00,false,Inventory,true,true,true,110-Dental Units & Accessories,280-Equipment,,,,,,,,,,,
5583220000003056209,2025-07-30 15:58:28,2026-01-29 16:59:12,EV 2 DISTRIBUTOR SMALL BLOCK,,NGN 471100.00,Sales,true,CEFLA,CEFLA,0.00,0.00,0.00,0.00,cm,kg,,,,,,,,goods,1,,,Active,Each,,280-110-028,,,,,NGN 348929.21,Cost of Goods Sold,cm,Inventory Asset,fifo,false,,,,,0.00,false,Inventory,true,true,true,110-Dental Units & Accessories,280-Equipment,,,,,,,,,,,
5583220000003056220,2025-07-30 16:09:59,2026-01-29 17:03:44,TINY HYDRIC BOARD 2013,,NGN 522000.00,Sales,true,CEFLA,CEFLA,0.00,0.00,0.00,0.00,cm,kg,,,,,,,,goods,1,,,Active,Each,,280-150-007,,,,,NGN 386651.29,Cost of Goods Sold,cm,Inventory Asset,fifo,false,,,,,0.00,false,Inventory,true,true,true,150-Software,280-Equipment,,,,,,,,,,,
5583220000003056231,2025-07-30 16:11:32,2026-01-29 16:58:56,DOCTOR PANEL CONSOLE,,NGN 222800.00,Sales,true,CEFLA,CEFLA,0.00,0.00,0.00,0.00,cm,kg,,,,,,,,goods,1,,,Active,Each,,280-110-022,,,,,NGN 165034.09,Cost of Goods Sold,cm,Inventory Asset,fifo,false,,,,,0.00,false,Inventory,true,true,true,110-Dental Units & Accessories,280-Equipment,,,,,,,,,,,
5583220000003063245,2025-08-01 09:39:46,2026-01-29 08:49:58,PURCHASE OF ADHESIVE BALL JOINT ATTACHMENT,,NGN 0.00,Sales,false,,,0.00,0.00,0.00,0.00,,,,,,,,,,goods,1,,,Active,EACH,,560-130-010,,,,,NGN 0.00,Cost of Goods Sold,,Inventory Asset,,false,,,,,,false,Sales and Purchases,true,true,false,130-Support,560-Services,,,,,,,,,,,
5583220000003063256,2025-08-01 09:40:22,2026-01-29 08:49:58,PURCHASE OF ADDITIONAL 35MM LENS UHD,,NGN 0.00,Sales,false,,,0.00,0.00,0.00,0.00,,,,,,,,,,goods,1,,,Active,,,560-130-009,,,,,NGN 0.00,Cost of Goods Sold,,Inventory Asset,,false,,,,,,false,Sales and Purchases,true,true,false,130-Support,560-Services,,,,,,,,,,,
5583220000003063289,2025-08-01 09:42:23,2026-01-29 08:49:59,CUSTOM AND CLEARING CHARGES,,NGN 0.00,Sales,false,,,0.00,0.00,0.00,0.00,,,false,,,,,,,service,1,,,Active,,,560-130-005,,,,,NGN 0.00,Cost of Goods Sold,,Inventory Asset,,false,,,,,,false,Sales and Purchases,true,true,false,130-Support,560-Services,,,,,,,,,,,
5583220000003109632,2025-08-06 13:23:01,2026-01-29 17:07:38,UNIVERSAL ABUTMENT UA4 SP 15 DEGREES- 2.5MM TALL POST,Bicon universal abutments provide versatility for various restorative indications with the signature locking taper connection.,NGN 111200.00,Sales,true,Bicon,BICON,0.005,0.40,0.40,0.25,cm,kg,,,,,,,,goods,1,,,Active,Each,,320-170-002,,,,,NGN 82367.92,Cost of Goods Sold,cm,Inventory Asset,fifo,false,,,,,0.00,false,Inventory,true,true,true,170-Universal Abutments,320-Implantology,,,Queue for Upload,Bicon Universal,Well,2.5MM,Size,UA4,Degree,15°,320-123-002
5583220000003109643,2025-08-06 13:24:15,2026-01-29 17:07:35,UNIVERSAL ABUTMENT UA4 SP 0 DEGREES- 2.5MM TALL POST,Bicon universal abutments provide versatility for various restorative indications with the signature locking taper connection.,NGN 111200.00,Sales,true,Bicon,BICON,0.005,0.40,0.40,0.25,cm,kg,,,,,,,,goods,1,,,Active,Each,,320-170-001,,,,,NGN 82367.92,Cost of Goods Sold,cm,Inventory Asset,fifo,false,,,,,0.00,false,Inventory,true,true,true,170-Universal Abutments,320-Implantology,,,Queue for Upload,Bicon Universal,Well,2.5MM,Size,UA4,Degree,0°,320-123-001
5583220000003281001,2025-08-13 12:07:26,2026-01-29 17:04:14,"SUPPORT DESIGN STOOL, STANDARD VINYL, HIGH SEAT(60-86cm) COLOUR: DEEP SEA(17-48)",,NGN 0.00,Sales,true,QUAYLE DENTAL MAN. (EXPORT) LTD,,0.00,0.00,0.00,0.00,cm,kg,,,,,,,,goods,1,,,Active,Each,,300-130-002,,,,,NGN 0.00,Cost of Goods Sold,cm,Inventory Asset,fifo,false,,,,,0.00,false,Inventory,true,true,true,130-Operator Stools,300-Furniture,,,,,,,,,,,
5583220000003333413,2025-08-20 10:24:30,2026-01-29 16:59:01,ELECTRODE ASSORTED SET (7) BLUE,,NGN 208100.00,Sales,true,MAGPIE TECH CORP.,MAGPIE TECH CORP.,0.00,0.00,0.00,0.00,cm,kg,,,,,,,,goods,1,,,Active,Pack(s),,280-110-024,,,,,NGN 150006.91,Cost of Goods Sold,cm,Inventory Asset,fifo,false,,,,,2.00,false,Inventory,true,true,true,110-Dental Units & Accessories,280-Equipment,,,,,,,,,,,
5583220000003333426,2025-08-20 10:30:43,2026-01-30 12:43:16,CARBOCAINE 3% PLAIN MEPIVACAINE (50/PK),Carbocaine 3% (Mepivacaine HCl) without vasoconstrictor. 1.7ml cartridges. 50/Box.,NGN 182500.00,Sales,true,Septodont,SEPTODONT,0.00,0.00,0.00,0.00,cm,kg,,,,,,,,goods,1,,,Active,Pack(s),,100-130-001,,,,,NGN 135182.70,Cost of Goods Sold,cm,Inventory Asset,fifo,false,,,,,1.00,false,Inventory,true,true,true,130-Local Anaesthetics,100-Anaesthetics,,https://www.septodontusa.com/product/pain-management-carbocaine-3/,Queue for Upload,Septodont Local Anaesthetics,Type,3% Plain (Mepivacaine),,,,,
5583220000003333437,2025-08-20 10:34:14,2026-01-28 14:17:47,"MUSLIN BUFF WHITE 4"" X 50 PLY",,NGN 32200.00,Sales,true,Pearson Dental,PEARSON DENTAL,0.00,0.00,0.00,0.00,cm,kg,,,,,,,,goods,1,,,Active,Roll,,520-170-011,,,,,NGN 23824.63,Cost of Goods Sold,cm,Inventory Asset,fifo,false,,,,,0.00,false,Inventory,true,true,true,170-Finishing & Polishing Kits,520-Restorative,,,,,,,,,,,
5583220000003333448,2025-08-20 10:35:43,2026-01-28 14:17:29,"MUSLIN BUFF WHITE 6"" X 50 PLY",,NGN 24900.00,Sales,true,Pearson Dental,PEARSON DENTAL,0.00,0.00,0.00,0.00,cm,kg,,,,,,,,goods,1,,,Active,Roll,,520-170-013,,,,,NGN 4411.97,Cost of Goods Sold,cm,Inventory Asset,fifo,false,,,,,0.00,false,Inventory,true,true,true,170-Finishing & Polishing Kits,520-Restorative,,,,,,,,,,,
5583220000003333459,2025-08-20 10:37:26,2026-01-29 16:52:39,VIVID MONOTRAY DISP. TRAYS WHITE (100/PK),,NGN 26500.00,Sales,true,Pearson Dental,PEARSON DENTAL,0.00,0.00,0.00,0.00,cm,kg,,,,,,,,goods,1,,,Active,Pack(s),,200-200-024,,,,,NGN 19608.75,Cost of Goods Sold,cm,Inventory Asset,fifo,false,,,,,28.00,false,Inventory,true,true,true,200-Plastic Cup & Tray,200-Disposable Products,,,,,,,,,,,
5583220000003333476,2025-08-20 10:43:38,2026-01-29 08:55:55,PROPHY MATE NEO (CONNECTS TO NSK SWVL),,NGN 3156800.00,Sales,true,NSK AMERICA,NSK AMERICA,0.00,0.00,0.00,0.00,cm,kg,,,,,,,,goods,1,,,Active,Each,,480-140-008,,,,,NGN 2338342.94,Cost of Goods Sold,cm,Inventory Asset,fifo,false,,,,,0.00,false,Inventory,true,true,true,140-Prophylaxis Pastes & Cups,480-Preventive Products,,,,,,,,,,,
5583220000003333489,2025-08-20 10:48:06,2026-01-29 17:03:18,WESTBEND SINGLE ELECTRONIC TIMER,,NGN 40400.00,Sales,true,WEST BEND,WEST BEND,0.00,0.00,0.00,0.00,cm,kg,,,,,,,,goods,1,,,Active,Each,,280-140-021,,,,,NGN 29903.34,Cost of Goods Sold,cm,Inventory Asset,fifo,false,,,,,2.00,false,Inventory,true,true,true,140-Small Equipment,280-Equipment,,,,,,,,,,,
5583220000003333502,2025-08-20 10:50:06,2026-01-29 08:53:11,DUO-TONE DISCLOSING TABLET (250/PK),,NGN 93100.00,Sales,true,Plak Smacker,PLAK SMACKER,0.00,0.00,0.00,0.00,cm,kg,,,,,,,,goods,1,,,Active,Pack(s),,480-140-001,,,,,NGN 68905.13,Cost of Goods Sold,cm,Inventory Asset,fifo,false,,,,,0.00,false,Inventory,true,true,true,140-Prophylaxis Pastes & Cups,480-Preventive Products,,,,,,,,,,,
5583220000003333513,2025-08-20 10:52:30,2026-01-29 17:23:06,VIVID IMAGE PUTTY MINT R/S (600MG),,NGN 112600.00,Sales,true,Pearson Dental,PEARSON DENTAL,0.00,0.00,0.00,0.00,cm,kg,,,,,,,,goods,1,,,Active,Pack(s),,380-160-020,,,,,NGN 83337.17,Cost of Goods Sold,cm,Inventory Asset,fifo,false,,,,,2.00,false,Inventory,true,true,true,160-Impression Materials,380-Lab Products,,,,,,,,,,,
5583220000003333524,2025-08-20 10:54:07,2026-01-29 17:23:03,VIVID FLAVORMATCH BERRY R/S LIGHT BODY (4/PK),,NGN 79700.00,Sales,true,Pearson Dental,PEARSON DENTAL,0.00,0.00,0.00,0.00,cm,kg,,,,,,,,goods,1,,,Active,Pack(s),,380-160-019,,,,,NGN 59022.33,Cost of Goods Sold,cm,Inventory Asset,fifo,false,,,,,2.00,false,Inventory,true,true,true,160-Impression Materials,380-Lab Products,,,,,,,,,,,
5583220000003333535,2025-08-20 10:58:42,2026-01-29 09:01:12,VIVID NANOFIL UNIV. SYRINGE A1 (4GM),,NGN 42700.00,Sales,true,Pearson Dental,PEARSON DENTAL,0.00,0.00,0.00,0.00,cm,kg,,,,,,,,goods,1,,,Active,Each,,520-160-028,,,,,NGN 13456.22,Cost of Goods Sold,cm,Inventory Asset,fifo,false,,,,,2.00,false,Inventory,true,true,true,160-Composites,520-Restorative,,,,,,,,,,,
5583220000003333546,2025-08-20 11:24:54,2026-01-29 17:23:00,VIVID ELEGANCE VPS LIGHT RS (2 X 50ML),,NGN 59600.00,Sales,true,Pearson Dental,PEARSON DENTAL,0.00,0.00,0.00,0.00,cm,kg,,,,,,,,goods,1,,,Active,Pack(s),,380-160-018,,,,,NGN 44119.68,Cost of Goods Sold,cm,Inventory Asset,fifo,false,,,,,2.00,false,Inventory,true,true,true,160-Impression Materials,380-Lab Products,,,,,,,,,,,
5583220000003333557,2025-08-20 11:26:36,2026-01-29 17:18:22,VIVID MIRRORBRITE 1QT. (32 oz) BOTTLE,,NGN 27100.00,Sales,true,Pearson Dental,PEARSON DENTAL,0.00,0.00,0.00,0.00,cm,kg,,,,,,,,goods,1,,,Active,Bottle(s),,360-120-009,,,,,NGN 20020.53,Cost of Goods Sold,cm,Inventory Asset,fifo,false,,,,,1.00,false,Inventory,true,true,true,120-Cleaning Chemicals,360-Janitorial Supplies,,,,,,,,,,,
5583220000003333574,2025-08-20 11:29:08,2026-01-29 09:03:05,INSTA-DENT INSTANT DEV. & FIXER,,NGN 60100.00,Sales,true,NUSOURCE,NUSOURCE,0.00,0.00,0.00,0.00,cm,kg,,,,,,,,goods,1,,,Active,Bottle(s),,500-110-006,,,,,NGN 43296.11,Cost of Goods Sold,cm,Inventory Asset,fifo,false,,,,,3.00,false,Inventory,true,true,true,110-Developer & Fixer,500-Radiography Supplies,,,,,,,,,,,
5583220000003333585,2025-08-20 11:42:48,2026-01-29 17:20:12,VIVID XTRUDEZE-1 DISP. GUN 1:1,,NGN 71500.00,Sales,true,Vivid,PEARSON DENTAL,0.00,0.00,0.00,0.00,cm,kg,,,,,,,,goods,1,,,Active,Each,,380-110-034,,,,,NGN 52924.05,Cost of Goods Sold,cm,Inventory Asset,fifo,false,,,,,2.00,false,Inventory,true,true,true,110-Accessories,380-Lab Products,,,,,,,,,,,
5583220000003333596,2025-08-20 11:44:11,2026-01-29 17:20:10,VIVID WINGMIX TIPS YELLOW 4.2MM (48/PK),,NGN 52900.00,Sales,true,Vivid,PEARSON DENTAL,0.00,0.00,0.00,0.00,cm,kg,,,,,,,,goods,1,,,Active,Pack(s),,380-110-033,,,,,NGN 39119.45,Cost of Goods Sold,cm,Inventory Asset,fifo,false,,,,,20.00,false,Inventory,true,true,true,110-Accessories,380-Lab Products,,,,,,,,,,,
5583220000003333649,2025-08-20 11:52:17,2026-01-29 08:53:10,PROPHY BRUSH RA LATCH STYLE WHITE (12PK),,NGN 4800.00,Sales,true,Pearson Dental,PEARSON DENTAL,0.00,0.00,0.00,0.00,cm,kg,,,,,,,,goods,1,,,Active,Pack(s),,480-140-003,,,,,NGN 3509.97,Cost of Goods Sold,cm,Inventory Asset,fifo,false,,,,,1.00,false,Inventory,true,true,true,140-Prophylaxis Pastes & Cups,480-Preventive Products,,,,,,,,,,,
5583220000003346929,2025-08-20 16:07:19,2026-01-30 08:22:24,SENSODYNE RAPID ACTION,,NGN 3520.00,Sales,true,GSK GROUP OF COMPANIES,NEOCOSMED COMPANY LIMITED,0.00,0.00,0.00,0.00,cm,kg,,,,,,,,goods,1,,,Active,Pkg,,480-160-002,,,,,NGN 3166.66,Cost of Goods Sold,cm,Inventory Asset,fifo,false,,,,,38.00,false,Inventory,true,true,true,160-Toothpastes,480-Preventive Products,,,,,,,,,,,
5583220000003409001,2025-08-22 10:35:47,2026-01-29 08:52:09,"IMPLANT PROCEDURE D113: A DOCTOR, THREE IMPLANTS, THREE PERMANENT ABUTMENTS, THREE CROWNS & LOANING OF AN IMPLANT KIT",,NGN 1710000.00,Sales,false,,,0.00,0.00,0.00,0.00,cm,kg,false,,,,,,,service,1,,,Active,Each,,560-110-002,,,,,NGN 1510000.00,Cost of Goods Sold,cm,Inventory Asset,,false,,,,,,false,Sales and Purchases,true,true,false,110-Consultation,560-Services,,,,,,,,,,,
5583220000003428557,2025-08-26 14:25:20,2026-01-29 17:16:27,TOOTH FORCEPS N.1 (2500/1),,NGN 66800.00,Sales,true,Medesy,MEDESY,0.00,0.00,0.00,0.00,cm,kg,,,,,,,,goods,1,,,Active,Each,,340-190-089,,,,,NGN 49423.70,Cost of Goods Sold,cm,Inventory Asset,fifo,false,,,,,2.00,false,Inventory,true,true,true,190-Surgical Instruments,340-Instruments,,,,,,,,,,,
5583220000003428568,2025-08-26 14:26:35,2026-01-29 17:17:23,TOOTH FORCEPS PEDO N.123 (2500/123),,NGN 66800.00,Sales,true,Medesy,MEDESY,0.00,0.00,0.00,0.00,cm,kg,,,,,,,,goods,1,,,Active,Each,,340-190-111,,,,,NGN 49423.70,Cost of Goods Sold,cm,Inventory Asset,fifo,false,,,,,2.00,false,Inventory,true,true,true,190-Surgical Instruments,340-Instruments,,,,,,,,,,,
5583220000003428579,2025-08-26 14:28:23,2026-01-29 17:16:44,TOOTH FORCEPS N.187 (2500/187),,NGN 66800.00,Sales,true,Medesy,MEDESY,0.00,0.00,0.00,0.00,cm,kg,,,,,,,,goods,1,,,Active,Each,,340-190-095,,,,,NGN 49423.70,Cost of Goods Sold,cm,Inventory Asset,fifo,false,,,,,2.00,false,Inventory,true,true,true,190-Surgical Instruments,340-Instruments,,,,,,,,,,,
5583220000003428590,2025-08-26 14:29:58,2026-01-29 17:16:48,TOOTH FORCEPS N.23 (2500/23),,NGN 66800.00,Sales,true,Medesy,MEDESY,0.00,0.00,0.00,0.00,cm,kg,,,,,,,,goods,1,,,Active,Each,,340-190-097,,,,,NGN 49423.70,Cost of Goods Sold,cm,Inventory Asset,fifo,false,,,,,2.00,false,Inventory,true,true,true,190-Surgical Instruments,340-Instruments,,,,,,,,,,,
5583220000003428601,2025-08-26 14:30:48,2026-01-29 17:16:50,TOOTH FORCEPS N.24 (2500/24),,NGN 66800.00,Sales,true,Medesy,MEDESY,0.00,0.00,0.00,0.00,cm,kg,,,,,,,,goods,1,,,Active,Each,,340-190-098,,,,,NGN 49423.70,Cost of Goods Sold,cm,Inventory Asset,fifo,false,,,,,2.00,false,Inventory,true,true,true,190-Surgical Instruments,340-Instruments,,,,,,,,,,,
5583220000003428612,2025-08-26 14:32:17,2026-01-29 17:16:54,TOOTH FORCEPS N.33 (2500/33),,NGN 66800.00,Sales,true,Medesy,MEDESY,0.00,0.00,0.00,0.00,cm,kg,,,,,,,,goods,1,,,Active,Each,,340-190-099,,,,,NGN 49423.70,Cost of Goods Sold,cm,Inventory Asset,fifo,false,,,,,2.00,false,Inventory,true,true,true,190-Surgical Instruments,340-Instruments,,,,,,,,,,,
5583220000003428623,2025-08-26 14:33:56,2026-01-29 17:17:03,TOOTH FORCEPS N.73 (2500/73),,NGN 66800.00,Sales,true,Medesy,MEDESY,0.00,0.00,0.00,0.00,cm,kg,,,,,,,,goods,1,,,Active,Each,,340-190-103,,,,,NGN 49423.70,Cost of Goods Sold,cm,Inventory Asset,fifo,false,,,,,2.00,false,Inventory,true,true,true,190-Surgical Instruments,340-Instruments,,,,,,,,,,,
5583220000003428634,2025-08-26 14:34:46,2026-01-29 17:16:40,TOOTH FORCEPS N.18 (2500/18),,NGN 66800.00,Sales,true,Medesy,MEDESY,0.00,0.00,0.00,0.00,cm,kg,,,,,,,,goods,1,,,Active,Each,,340-190-094,,,,,NGN 49423.70,Cost of Goods Sold,cm,Inventory Asset,fifo,false,,,,,2.00,false,Inventory,true,true,true,190-Surgical Instruments,340-Instruments,,,,,,,,,,,
5583220000003428645,2025-08-26 14:35:40,2026-01-29 17:16:37,TOOTH FORCEPS N.17 (2500/17),,NGN 66800.00,Sales,true,Medesy,MEDESY,0.00,0.00,0.00,0.00,cm,kg,,,,,,,,goods,1,,,Active,Each,,340-190-093,,,,,NGN 49423.70,Cost of Goods Sold,cm,Inventory Asset,fifo,false,,,,,2.00,false,Inventory,true,true,true,190-Surgical Instruments,340-Instruments,,,,,,,,,,,
5583220000003428656,2025-08-26 14:36:32,2026-01-29 17:17:00,TOOTH FORCEPS N.7 (2500/7),,NGN 66800.00,Sales,true,Medesy,MEDESY,0.00,0.00,0.00,0.00,cm,kg,,,,,,,,goods,1,,,Active,Each,,340-190-102,,,,,NGN 49423.70,Cost of Goods Sold,cm,Inventory Asset,fifo,false,,,,,2.00,false,Inventory,true,true,true,190-Surgical Instruments,340-Instruments,,,,,,,,,,,
5583220000003428667,2025-08-26 14:37:46,2026-01-29 17:11:15,KIT WAX AND MODEL INSTRUMENTS,,NGN 111700.00,Sales,true,Medesy,MEDESY,0.00,0.00,0.00,0.00,cm,kg,,,,,,,,goods,1,,,Active,Each,,340-140-004,,,,,NGN 82722.79,Cost of Goods Sold,cm,Inventory Asset,fifo,false,,,,,0.00,false,Inventory,true,true,true,140-Laboratory Instruments,340-Instruments,,,,,,,,,,,
5583220000003428678,2025-08-26 14:43:14,2026-01-29 17:25:45,PLIER CENTURY ADERER LONG,,NGN 130200.00,Sales,true,Medesy,MEDESY,0.00,0.00,0.00,0.00,cm,kg,,,,,,,,goods,1,,,Active,Each,,420-120-002,,,,,NGN 96371.26,Cost of Goods Sold,cm,Inventory Asset,fifo,false,,,,,0.00,false,Inventory,true,true,true,120-Archwires,420-Orthodontics,,,,,,,,,,,
5583220000003428689,2025-08-26 15:10:30,2026-01-29 17:12:48,FILLING INSTRUMENT OT2 (500/2),,NGN 11500.00,Sales,true,Medesy,MEDESY,0.00,0.00,0.00,0.00,cm,kg,,,,,,,,goods,1,,,Active,Each,,340-180-011,,,,,NGN 8498.10,Cost of Goods Sold,cm,Inventory Asset,fifo,false,,,,,3.00,false,Inventory,true,true,true,180-Restorative Instruments,340-Instruments,,,,,,,,,,,
5583220000003428700,2025-08-26 15:19:31,2026-01-29 17:12:50,FILLING INSTRUMENT OT3 (500/3),,NGN 11500.00,Sales,true,Medesy,MEDESY,0.00,0.00,0.00,0.00,cm,kg,,,,,,,,goods,1,,,Active,Each,,340-180-012,,,,,NGN 8498.10,Cost of Goods Sold,cm,Inventory Asset,fifo,false,,,,,3.00,false,Inventory,true,true,true,180-Restorative Instruments,340-Instruments,,,,,,,,,,,
5583220000003428711,2025-08-26 15:20:38,2026-01-29 16:51:08,BIB HOLDER (10PCS) (6210),Autoclavable bib and towel holders featuring serrated edge clips. Designed for durability and resistant to wear and tear from repeated autoclave sterilization cycles. Sold in packs of 10.,NGN 45400.00,Sales,true,Medesy,MEDESY,0.10,0.00,0.00,0.00,cm,kg,,,,,,,,goods,1,,,Active,Pack(s),,200-190-001,,,,,NGN 33576.42,Cost of Goods Sold,cm,Inventory Asset,fifo,false,,,,,1.00,false,Inventory,true,true,true,190-Patient Bibs,200-Disposable Products,,https://www.medesy.it/en/products/bib-and-towel-holders-autoclavable/,Queue for Upload,,,,,,,,180-130-004
5583220000003428722,2025-08-26 15:22:03,2026-01-29 17:14:49,ROOT ELEVATOR COUPLAND 3MM (798/1),,NGN 39400.00,Sales,true,Medesy,MEDESY,0.00,0.00,0.00,0.00,cm,kg,,,,,,,,goods,1,,,Active,Each,,340-190-050,,,,,NGN 29178.80,Cost of Goods Sold,cm,Inventory Asset,fifo,false,,,,,2.00,false,Inventory,true,true,true,190-Surgical Instruments,340-Instruments,,,,,,,,,,,
5583220000003428733,2025-08-26 15:23:01,2026-01-29 17:14:47,ROOT ELEVATOR COUPLAND 3.6MM (798/2),,NGN 39400.00,Sales,true,Medesy,MEDESY,0.00,0.00,0.00,0.00,cm,kg,,,,,,,,goods,1,,,Active,Each,,340-190-049,,,,,NGN 29178.80,Cost of Goods Sold,cm,Inventory Asset,fifo,false,,,,,2.00,false,Inventory,true,true,true,190-Surgical Instruments,340-Instruments,,,,,,,,,,,
5583220000003428744,2025-08-26 15:24:49,2026-01-29 17:15:40,ROOT ELEVATOR SELDIN LEFT (720/23),,NGN 40300.00,Sales,true,Medesy,MEDESY,0.00,0.00,0.00,0.00,cm,kg,,,,,,,,goods,1,,,Active,Each,,340-190-070,,,,,NGN 29812.69,Cost of Goods Sold,cm,Inventory Asset,fifo,false,,,,,2.00,false,Inventory,true,true,true,190-Surgical Instruments,340-Instruments,,,,,,,,,,,
5583220000003428755,2025-08-26 15:26:10,2026-01-29 17:15:44,ROOT ELEVATOR SELDIN RIGHT (720/22),,NGN 40300.00,Sales,true,Medesy,MEDESY,0.00,0.00,0.00,0.00,cm,kg,,,,,,,,goods,1,,,Active,Each,,340-190-071,,,,,NGN 29812.69,Cost of Goods Sold,cm,Inventory Asset,fifo,false,,,,,2.00,false,Inventory,true,true,true,190-Surgical Instruments,340-Instruments,,,,,,,,,,,
5583220000003428766,2025-08-26 15:27:19,2026-01-29 08:58:09,DRINKING CUP DISPENSER WHITE (6161/W),Practical anodised aluminium cup dispenser. Available in 3 colours. Measurements: 85x85x360 mm.,NGN 45800.00,Sales,true,Medesy,MEDESY,0.00,0.00,0.00,0.00,cm,kg,,,,,,,,goods,1,,,Active,Each,,400-140-003,,,,,NGN 33873.56,Cost of Goods Sold,cm,Inventory Asset,fifo,false,,,,,1.00,false,Inventory,true,true,true,140-Storage & Organization,400-Office Products,,https://www.medesy.it/en/products/cup-dispenser/,,,,,,,,,
5583220000003428777,2025-08-26 15:28:40,2026-01-29 17:13:45,EXCAVATOR SPOON 17 (664/17),Medesy spoon excavators for cutting and removing decayed dentin are available in the classic spoon shape version or the oval spoon model. The dual tip is installed on our special 6 mm ø Dalila handle.,NGN 16500.00,Sales,true,Medesy,MEDESY,0.025,17.00,1.00,1.00,cm,kg,,,,,,,,goods,1,,,Active,Each,,340-190-020,,,,,NGN 12182.60,Cost of Goods Sold,cm,Inventory Asset,fifo,false,,,,,2.00,false,Inventory,true,true,true,190-Surgical Instruments,340-Instruments,,https://www.medesy.it/en/products/spoon-excavator/,Queue for Upload,,,,,,,,
5583220000003428788,2025-08-26 15:29:47,2026-01-29 17:11:39,PROBE DOUBLE CP15/23,,NGN 19500.00,Sales,true,Medesy,MEDESY,0.00,0.00,0.00,0.00,cm,kg,,,,,,,,goods,1,,,Active,Each,,340-170-008,,,,,NGN 14401.21,Cost of Goods Sold,cm,Inventory Asset,fifo,false,,,,,0.00,false,Inventory,true,true,true,170-Periodontal Instruments,340-Instruments,,,,,,,,,,,
5583220000003428799,2025-08-26 15:31:10,2026-01-29 17:23:32,WAX KNIVES FAHNENSTOCK 180MM,,NGN 13200.00,Sales,true,Medesy,MEDESY,0.00,0.00,0.00,0.00,cm,kg,,,,,,,,goods,1,,,Active,Each,,380-190-002,,,,,NGN 9706.46,Cost of Goods Sold,cm,Inventory Asset,fifo,false,,,,,0.00,false,Inventory,true,true,true,190-Waxes,380-Lab Products,,,,,,,,,,,
5583220000003428810,2025-08-26 15:32:18,2026-01-29 17:14:28,PLASTER SHEAR (4559),,NGN 45400.00,Sales,true,Medesy,MEDESY,0.00,0.00,0.00,0.00,cm,kg,,,,,,,,goods,1,,,Active,Each,,340-190-040,,,,,NGN 33576.42,Cost of Goods Sold,cm,Inventory Asset,fifo,false,,,,,0.00,false,Inventory,true,true,true,190-Surgical Instruments,340-Instruments,,,,,,,,,,,
5583220000003428821,2025-08-26 15:34:02,2026-01-30 17:20:38,SYRINGE INTRALIGAMENTAL 1.8ML,"Medesy Intraligamental Syringe, 1.8ml. Pen-style stainless steel pressure syringe.",NGN 266100.00,Sales,true,Medesy,MEDESY,0.00,0.00,0.00,0.00,cm,kg,,,,,,,,goods,1,,,Active,Each,,100-150-005,,,,,NGN 197100.52,Cost of Goods Sold,cm,Inventory Asset,fifo,false,,,,,0.00,false,Inventory,true,true,true,150-Syringes,100-Anaesthetics,,https://www.medesy.it/en/products/syringes-accessories/intraligamental-syringes/intraligamental-syringe-p-14251/,Queue for Upload,Medesy Syringes,Capacity,1.8ml,,,,,
5583220000003428832,2025-08-26 15:35:23,2026-01-29 17:11:17,WAX AND MODELLING INSTRUMENT ZAHLE 120MM (591),,NGN 12000.00,Sales,true,Medesy,MEDESY,0.00,0.00,0.00,0.00,cm,kg,,,,,,,,goods,1,,,Active,Each,,340-140-005,,,,,NGN 8854.66,Cost of Goods Sold,cm,Inventory Asset,fifo,false,,,,,0.00,false,Inventory,true,true,true,140-Laboratory Instruments,340-Instruments,,,,,,,,,,,
5583220000003428843,2025-08-26 15:36:35,2026-01-29 17:11:19,WAX AND MODELLING INSTRUMENT ZAHLE 130MM (592),,NGN 12000.00,Sales,true,Medesy,MEDESY,0.00,0.00,0.00,0.00,cm,kg,,,,,,,,goods,1,,,Active,Each,,340-140-006,,,,,NGN 8854.67,Cost of Goods Sold,cm,Inventory Asset,fifo,false,,,,,0.00,false,Inventory,true,true,true,140-Laboratory Instruments,340-Instruments,,,,,,,,,,,
5583220000003428854,2025-08-26 15:38:39,2026-01-29 17:14:32,PLIER CENTURY ANGLE N. 138 TC (3000/86 TC),,NGN 208000.00,Sales,true,Medesy,MEDESY,0.00,0.00,0.00,0.00,cm,kg,,,,,,,,goods,1,,,Active,Each,,340-190-042,,,,,NGN 154015.73,Cost of Goods Sold,cm,Inventory Asset,fifo,false,,,,,0.00,false,Inventory,true,true,true,190-Surgical Instruments,340-Instruments,,,,,,,,,,,
5583220000003428865,2025-08-26 15:40:25,2026-01-29 17:10:26,MIRROR HANDLE LIGHT MILLIMETER (4902/MM),,NGN 10100.00,Sales,true,Medesy,MEDESY,0.00,0.00,0.00,0.00,cm,kg,,,,,,,,goods,1,,,Active,Each,,340-120-001,,,,,NGN 7428.41,Cost of Goods Sold,cm,Inventory Asset,fifo,false,,,,,20.00,false,Inventory,true,true,true,120-Diagnostic Instruments,340-Instruments,,,,,,,,,,,
5583220000003428876,2025-08-26 15:42:41,2026-01-29 17:19:54,SPATULA FOR ALGINATE (209),,NGN 10500.00,Sales,true,Medesy,MEDESY,0.00,0.00,0.00,0.00,cm,kg,,,,,,,,goods,1,,,Active,Each,,380-110-027,,,,,NGN 7725.55,Cost of Goods Sold,cm,Inventory Asset,fifo,false,1.00,,,,2.00,false,Inventory,true,true,true,110-Accessories,380-Lab Products,,,,,,,,,,,
5583220000003428887,2025-08-26 15:43:52,2026-01-29 17:11:46,PROBE DOUBLE WHO/CP12 (563/2),,NGN 21600.00,Sales,true,Medesy,MEDESY,0.00,0.00,0.00,0.00,cm,kg,,,,,,,,goods,1,,,Active,Each,,340-170-010,,,,,NGN 15946.32,Cost of Goods Sold,cm,Inventory Asset,fifo,false,,,,,5.00,false,Inventory,true,true,true,170-Periodontal Instruments,340-Instruments,,,,,,,,,,,
5583220000003428898,2025-08-26 15:45:12,2026-01-29 17:24:40,EXPANDERS SOFT- SMALL (4916/6),"In addition to the steel models, MEDESY also offers a line of plastic cheek retractors and expanders that are durable and perfectly autoclavable, as well as being even lighter and easier to handle.",NGN 18600.00,Sales,true,Medesy,MEDESY,0.015,10.00,5.00,2.00,cm,kg,,,,,,,,goods,1,,,Active,Each,,420-110-002,,,,,NGN 13767.32,Cost of Goods Sold,cm,Inventory Asset,fifo,false,,,,,3.00,false,Inventory,true,true,true,110-Accessories,420-Orthodontics,,https://www.medesy.it/en/products/plastic-cheek-retractor/,Queue for Upload,,,,,,,,
5583220000003428909,2025-08-26 15:46:00,2026-01-29 08:58:09,EXPANDERS SOFT- STANDARD (4916/7),,NGN 18600.00,Sales,true,Medesy,MEDESY,0.00,0.00,0.00,0.00,cm,kg,,,,,,,,goods,1,,,Active,Each,,420-110-003,,,,,NGN 13767.32,Cost of Goods Sold,cm,Inventory Asset,fifo,false,,,,,3.00,false,Inventory,true,true,true,110-Accessories,420-Orthodontics,,,,,,,,,,,
5583220000003428920,2025-08-26 15:47:40,2026-01-26 13:04:15,ROOT ELEVATOR CRYER 9MM LEFT MAESTRALE (720/27S.SL),,NGN 101300.00,Sales,true,Medesy,MEDESY,0.00,0.00,0.00,0.00,cm,kg,,,,,,,,goods,1,,,Inactive,Each,,null,,,,,NGN 74977.43,Cost of Goods Sold,cm,Inventory Asset,fifo,false,,,,,3.00,false,Inventory,true,true,true,,,,,,,,,,,,,
5583220000003428931,2025-08-26 15:49:15,2026-01-29 17:15:03,ROOT ELEVATOR CRYER 9MM RIGHT MAESTRALE (720/28S.SL),,NGN 101300.00,Sales,true,,MEDESY,0.00,0.00,0.00,0.00,cm,kg,,,,,,,,goods,1,,,Active,Each,,340-190-055,,,,,NGN 74977.43,Cost of Goods Sold,cm,Inventory Asset,fifo,false,,,,,3.00,false,Inventory,true,true,true,190-Surgical Instruments,340-Instruments,,,,,,,,,,,
5583220000003429097,2025-08-26 16:48:27,2026-01-29 17:15:00,ROOT ELEVATOR CRYER 15MM RIGHT (720/28),,NGN 40300.00,Sales,true,Medesy,MEDESY,0.00,0.00,0.00,0.00,cm,kg,,,,,,,,goods,1,,,Active,Each,,340-190-054,,,,,NGN 29812.69,Cost of Goods Sold,cm,Inventory Asset,fifo,false,,,,,2.00,false,Inventory,true,true,true,190-Surgical Instruments,340-Instruments,,,,,,,,,,,
5583220000003429108,2025-08-26 16:51:21,2026-01-29 17:15:10,ROOT ELEVATOR LINDO-LEVIAN 2.5MM MAESTRALE (725/1.SL),,NGN 88800.00,Sales,true,Medesy,MEDESY,0.00,0.00,0.00,0.00,cm,kg,,,,,,,,goods,1,,,Active,Each,,340-190-058,,,,,NGN 65766.20,Cost of Goods Sold,cm,Inventory Asset,fifo,false,,,,,3.00,false,Inventory,true,true,true,190-Surgical Instruments,340-Instruments,,,,,,,,,,,
5583220000003429119,2025-08-26 16:53:13,2026-01-29 17:15:14,ROOT ELEVATOR LINDO-LEVIAN 3MM MAESTRALE (725/2.SL),,NGN 88800.00,Sales,true,Medesy,MEDESY,0.00,0.00,0.00,0.00,cm,kg,,,,,,,,goods,1,,,Active,Each,,340-190-059,,,,,NGN 65766.20,Cost of Goods Sold,cm,Inventory Asset,fifo,false,,,,,3.00,false,Inventory,true,true,true,190-Surgical Instruments,340-Instruments,,,,,,,,,,,
5583220000003429130,2025-08-26 16:54:18,2026-01-29 17:15:16,ROOT ELEVATOR LINDO-LEVIAN 4MM MAESTRALE (725/3.SL),,NGN 88800.00,Sales,true,Medesy,MEDESY,0.00,0.00,0.00,0.00,cm,kg,,,,,,,,goods,1,,,Active,Each,,340-190-060,,,,,NGN 65766.20,Cost of Goods Sold,cm,Inventory Asset,fifo,false,,,,,3.00,false,Inventory,true,true,true,190-Surgical Instruments,340-Instruments,,,,,,,,,,,
5583220000003429141,2025-08-26 16:56:17,2026-01-29 17:14:38,ROOT ELEVATOR 2MM MAESTRALE (726/1S. SL),,NGN 88900.00,Sales,true,Medesy,MEDESY,0.00,0.00,0.00,0.00,cm,kg,,,,,,,,goods,1,,,Active,Each,,340-190-045,,,,,NGN 65845.44,Cost of Goods Sold,cm,Inventory Asset,fifo,false,,,,,3.00,false,Inventory,true,true,true,190-Surgical Instruments,340-Instruments,,,,,,,,,,,
5583220000003430001,2025-08-27 08:41:13,2026-01-29 17:02:44,COMPRESSOR AIR FILTER (DOUBLE),,NGN 49500.00,Sales,true,,,0.00,0.00,0.00,0.00,cm,kg,,,,,,,,goods,1,,,Active,Each,,280-140-007,,,,,NGN 43000.00,Cost of Goods Sold,cm,Inventory Asset,fifo,false,,,,,0.00,false,Inventory,true,true,true,140-Small Equipment,280-Equipment,,,,,,,,,,,
5583220000003430012,2025-08-27 08:56:24,2026-01-29 17:14:37,ROOT ELEVATOR 2.5MM MAESTRALE (726/2S. SL),,NGN 88900.00,Sales,true,Medesy,MEDESY,0.00,0.00,0.00,0.00,cm,kg,,,,,,,,goods,1,,,Active,Each,,340-190-044,,,,,NGN 65845.44,Cost of Goods Sold,cm,Inventory Asset,fifo,false,,,,,3.00,false,Inventory,true,true,true,190-Surgical Instruments,340-Instruments,,,,,,,,,,,
5583220000003430023,2025-08-27 08:57:34,2026-01-29 17:14:40,ROOT ELEVATOR 3MM MAESTRALE (726/3S. SL),,NGN 88900.00,Sales,true,Medesy,MEDESY,0.00,0.00,0.00,0.00,cm,kg,,,,,,,,goods,1,,,Active,Each,,340-190-046,,,,,NGN 65845.44,Cost of Goods Sold,cm,Inventory Asset,fifo,false,,,,,3.00,false,Inventory,true,true,true,190-Surgical Instruments,340-Instruments,,,,,,,,,,,
5583220000003430034,2025-08-27 08:59:00,2026-01-29 17:15:26,ROOT ELEVATOR LUSSATORE 3MM (730/3S),,NGN 43800.00,Sales,true,Medesy,MEDESY,0.00,0.00,0.00,0.00,cm,kg,,,,,,,,goods,1,,,Active,Each,,340-190-064,,,,,NGN 32287.88,Cost of Goods Sold,cm,Inventory Asset,fifo,false,,,,,2.00,false,Inventory,true,true,true,190-Surgical Instruments,340-Instruments,,,,,,,,,,,
5583220000003514156,2025-09-05 14:03:20,2026-01-29 17:03:36,ITERO LUMINA MOBILE CONFIGURATION,,NGN 62656500.00,Sales,true,,,0.00,0.00,0.00,0.00,cm,kg,,,,,,,,goods,1,,,Active,Each,,280-150-004,,,,,NGN 46190000.00,Cost of Goods Sold,cm,Inventory Asset,fifo,false,,,,,0.00,false,Inventory,true,true,true,150-Software,280-Equipment,,,,,,,,,,,
5583220000003544460,2025-09-10 11:33:03,2026-01-29 08:50:00,CLEARING CHARGES,,NGN 0.00,Sales,false,,,0.00,0.00,0.00,0.00,,,false,,,,,,,service,1,,,Active,Each,,560-130-001,,,,,NGN 0.00,Cost of Goods Sold,,Inventory Asset,,false,,,,,,false,Sales and Purchases,true,true,false,130-Support,560-Services,,,,,,,,,,,
5583220000003645214,2025-09-12 16:08:22,2026-01-29 08:50:01,REPLACEMENT OF X-RAY SWITCH,,NGN 15000.00,Sales,false,,,0.00,0.00,0.00,0.00,cm,kg,false,,,,,,,service,1,,,Active,,,560-120-020,,,,,NGN 2000.00,Cost of Goods Sold,cm,Inventory Asset,,false,,,,,,false,Sales and Purchases,true,true,false,120-Equipment Repairs,560-Services,,,,,,,,,,,
5583220000003675441,2025-09-17 13:05:50,2026-01-29 08:53:15,DURAPHAT CPL 10ML/PK VARNISH,,NGN 89400.00,Sales,true,Colgate,COLGATE,0.00,0.00,0.00,0.00,cm,kg,,,,,,,,goods,1,,,Active,Pack(s),,480-120-001,,,,,NGN 66197.67,Cost of Goods Sold,cm,Inventory Asset,fifo,false,,,,,0.00,false,Inventory,true,true,true,120-Fluoride Gels & Varnishes,480-Preventive Products,,,,,,,,,,,
5583220000003725380,2025-09-24 12:41:14,2026-01-29 17:22:48,PRESIDENT THE ORIGINAL PUTTY SOFT (2 X 300ML),,NGN 97800.00,Sales,true,President,COLTENE,0.00,0.00,0.00,0.00,cm,kg,,,,,,,,goods,1,,,Active,Pack(s),,380-160-013,,,,,NGN 72402.15,Cost of Goods Sold,cm,Inventory Asset,fifo,false,,,,,2.00,false,Inventory,true,true,true,160-Impression Materials,380-Lab Products,,,,,,,,,,,
5583220000003725391,2025-09-24 12:42:57,2026-01-29 17:22:42,PRESIDENT THE ORIGINAL LIGHT BODY (2 X 50ML),,NGN 88200.00,Sales,true,President,COLTENE,0.00,0.00,0.00,0.00,cm,kg,,,,,,,,goods,1,,,Active,Pack(s),,380-160-011,,,,,NGN 65263.40,Cost of Goods Sold,cm,Inventory Asset,fifo,false,,,,,2.00,false,Inventory,true,true,true,160-Impression Materials,380-Lab Products,,,,,,,,,,,
5583220000003738272,2025-09-25 15:45:39,2026-01-29 16:58:51,BIG SIZE COMPLETE TERMINAL (91109166),,NGN 52800.00,Sales,true,CEFLA,CEFLA,0.00,0.00,0.00,0.00,cm,kg,,,,,,,,goods,1,,,Active,Pack(s),,280-110-020,,,,,NGN 39062.06,Cost of Goods Sold,cm,Inventory Asset,fifo,false,,,,,0.00,false,Inventory,true,true,true,110-Dental Units & Accessories,280-Equipment,,,,,,,,,,,
5583220000003738283,2025-09-25 15:46:30,2026-01-29 17:00:32,SMALL SIZE COMPLETE TERMINAL (91109167),,NGN 52800.00,Sales,true,CEFLA,CEFLA,0.00,0.00,0.00,0.00,cm,kg,,,,,,,,goods,1,,,Active,Pack(s),,280-110-061,,,,,NGN 39062.06,Cost of Goods Sold,cm,Inventory Asset,fifo,false,,,,,0.00,false,Inventory,true,true,true,110-Dental Units & Accessories,280-Equipment,,,,,,,,,,,
5583220000003738294,2025-09-25 15:47:51,2026-01-29 17:12:03,SCALER MOD. GR. EV H20 2W (91109500),,NGN 292300.00,Sales,true,CEFLA,CEFLA,0.00,0.00,0.00,0.00,cm,kg,,,,,,,,goods,1,,,Active,Pack(s),,340-170-018,,,,,NGN 216468.92,Cost of Goods Sold,cm,Inventory Asset,fifo,false,,,,,0.00,false,Inventory,true,true,true,170-Periodontal Instruments,340-Instruments,,,,,,,,,,,
5583220000003780161,2025-10-03 09:19:35,2026-01-29 08:58:07,RETAINER CASE- PHILIPS ZOOM,,NGN 1500.00,Sales,true,PHILIPS ZOOM,PHILIPS ZOOM,0.00,0.00,0.00,0.00,cm,kg,,,,,,,,goods,1,,,Active,Each,,420-110-012,,,,,NGN 1000.00,Cost of Goods Sold,cm,Inventory Asset,fifo,false,,,,,16.00,false,Inventory,true,true,true,110-Accessories,420-Orthodontics,,,,,,,,,,,
5583220000003797539,2025-10-07 11:54:55,2026-01-29 17:29:08,ORAL-B CROSS ACTION WHITE TOOTHBRUSH HEAD- PACK OF 2 COUNTS,,NGN 21400.00,Sales,true,Oral-B,ORAL-B,0.00,0.00,0.00,0.00,cm,kg,,,,,,,,goods,1,,,Active,Pack(s),,480-150-013,,,,,NGN 15842.85,Cost of Goods Sold,cm,Inventory Asset,fifo,false,,,,,0.00,false,Inventory,true,true,true,150-Toothbrushes & Tongue Cleaners,480-Preventive Products,,,,,,,,,,,
5583220000003797550,2025-10-07 11:56:17,2026-01-29 17:29:06,ORAL-B CROSS ACTION BLACK TOOTHBRUSH HEAD- PACK OF 2 COUNTS,,NGN 21400.00,Sales,true,Oral-B,ORAL-B,0.00,0.00,0.00,0.00,cm,kg,,,,,,,,goods,1,,,Active,Pack(s),,480-150-012,,,,,NGN 15842.85,Cost of Goods Sold,cm,Inventory Asset,fifo,false,,,,,0.00,false,Inventory,true,true,true,150-Toothbrushes & Tongue Cleaners,480-Preventive Products,,,,,,,,,,,
5583220000003797561,2025-10-07 11:57:40,2026-01-29 17:29:25,ORAL-B PRECISION CLEAN WHITE TOOTHBRUSH HEAD- PACK OF 2 COUNTS,,NGN 17500.00,Sales,true,Oral-B,ORAL-B,0.00,0.00,0.00,0.00,cm,kg,,,,,,,,goods,1,,,Active,Pack(s),,480-150-020,,,,,NGN 12946.61,Cost of Goods Sold,cm,Inventory Asset,fifo,false,,,,,0.00,false,Inventory,true,true,true,150-Toothbrushes & Tongue Cleaners,480-Preventive Products,,,,,,,,,,,
5583220000003797572,2025-10-07 12:00:09,2026-01-29 17:29:12,ORAL-B iO ULTIMATE CLEAN BLACK TOOTHBRUSH HEADS- PACK OF 2 COUNTS,,NGN 37000.00,Sales,true,Oral-B,ORAL-B,0.00,0.00,0.00,0.00,cm,kg,,,,,,,,goods,1,,,Active,Pack(s),,480-150-015,,,,,NGN 27341.35,Cost of Goods Sold,cm,Inventory Asset,fifo,false,,,,,2.00,false,Inventory,true,true,true,150-Toothbrushes & Tongue Cleaners,480-Preventive Products,,,,,,,,,,,
5583220000003797583,2025-10-07 12:02:37,2026-01-29 17:29:21,ORAL-B iO2 NIGHT BLACK ELECTRIC TOOTHBRUSH + TRAVEL CASE,,NGN 123600.00,Sales,true,Oral-B,ORAL-B,0.00,0.00,0.00,0.00,cm,kg,,,,,,,,goods,1,,,Active,Each,,480-150-018,,,,,NGN 91534.07,Cost of Goods Sold,cm,Inventory Asset,fifo,false,,,,,0.00,false,Inventory,true,true,true,150-Toothbrushes & Tongue Cleaners,480-Preventive Products,,,,,,,,,,,
5583220000003797594,2025-10-07 12:03:48,2026-01-29 17:29:17,ORAL-B iO ULTIMATE CLEAN TOOTHBRUSH HEADS- PACK OF 2 COUNTS,,NGN 37000.00,Sales,true,Oral-B,ORAL-B,0.00,0.00,0.00,0.00,cm,kg,,,,,,,,goods,1,,,Active,Pack(s),,480-150-016,,,,,NGN 27341.35,Cost of Goods Sold,cm,Inventory Asset,fifo,false,,,,,3.00,false,Inventory,true,true,true,150-Toothbrushes & Tongue Cleaners,480-Preventive Products,,,,,,,,,,,
5583220000003797605,2025-10-07 12:06:15,2026-01-29 17:29:19,ORAL-B iO2 FOREST GREEN ELECTRIC TOOTHBRUSH + TRAVEL CASE,,NGN 123600.00,Sales,true,Oral-B,ORAL-B,0.00,0.00,0.00,0.00,cm,kg,,,,,,,,goods,1,,,Active,Pack(s),,480-150-017,,,,,NGN 91534.07,Cost of Goods Sold,cm,Inventory Asset,fifo,false,,,,,0.00,false,Inventory,true,true,true,150-Toothbrushes & Tongue Cleaners,480-Preventive Products,,,,,,,,,,,
5583220000003797616,2025-10-07 12:08:28,2026-01-29 17:29:23,ORAL-B iO2 WHITE ELECTRIC TOOTHBRUSH + TRAVEL CASE,,NGN 123600.00,Sales,true,Oral-B,ORAL-B,0.00,0.00,0.00,0.00,cm,kg,,,,,,,,goods,1,,,Active,Pack(s),,480-150-019,,,,,NGN 91534.07,Cost of Goods Sold,cm,Inventory Asset,fifo,false,,,,,0.00,false,Inventory,true,true,true,150-Toothbrushes & Tongue Cleaners,480-Preventive Products,,,,,,,,,,,
5583220000003856378,2025-10-08 10:25:37,2026-01-29 08:58:10,COMPUTER (HP ProOne 240 G10),,NGN 0.00,Sales,false,,,0.00,0.00,0.00,0.00,,,,,,,,,,goods,1,,,Active,pcs,Pieces,400-140-002,,,,,NGN 850000.00,Cost of Goods Sold,,Inventory Asset,,false,,,,,,false,Sales and Purchases,true,true,false,140-Storage & Organization,400-Office Products,,,,,,,,,,,
5583220000004850504,2025-10-13 14:52:41,2026-01-26 12:45:32,BPB1002A START RELAY TYPE 75 240v 1/2hp,,NGN 0.00,Sales,false,,,0.00,0.00,0.00,0.00,cm,kg,,,,,,,,goods,1,,,Inactive,pcs,Pieces,null,,,,,NGN 163200.00,Cost of Goods Sold,,Inventory Asset,,false,,,,,,false,Sales and Purchases,true,true,false,,,,,,,,,,,,,
5583220000004867347,2025-10-14 10:41:38,2026-01-29 08:52:09,"AC BRACKET, OUTDOOR UNIT",,NGN 0.00,Sales,false,,,0.00,0.00,0.00,0.00,,,,,,,,,,goods,1,,,Active,Unit(s),,560-120-001,,,,,NGN 8300.00,Cost of Goods Sold,,Inventory Asset,,false,,,,,,false,Sales and Purchases,true,true,false,120-Equipment Repairs,560-Services,,,,,,,,,,,
5583220000004867358,2025-10-14 10:42:40,2026-01-29 08:49:59,LG SPLIT 1.5HP GEN CCOL-B,,NGN 0.00,Sales,false,,,0.00,0.00,0.00,0.00,,,,,,,,,,goods,1,,,Active,Unit(s),,560-130-006,,,,,NGN 558000.00,Cost of Goods Sold,,Inventory Asset,,false,,,,,,false,Sales and Purchases,true,true,false,130-Support,560-Services,,,,,,,,,,,
5583220000004867673,2025-10-14 11:48:02,2026-01-29 08:49:58,R410: 1HP & 1.5HP/R22:1HP,,NGN 0.00,Sales,false,,,0.00,0.00,0.00,0.00,,,,,,,,,,goods,1,,,Active,,,560-130-012,,,,,NGN 0.00,Cost of Goods Sold,,Inventory Asset,,false,,,,,,false,Sales and Purchases,true,true,false,130-Support,560-Services,,,,,,,,,,,
5583220000004899419,2025-10-16 13:41:52,2026-01-29 09:01:53,PERMAFLO PINK- LIGHT-CURE COMPOSITE FOR GUM MASKING (2 X 1.2ML) SYRINGE,,NGN 84800.00,Sales,true,ULTRADENT PRODUCTS INC.,ULTRADENT PRODUCTS INC.,0.00,0.00,0.00,0.00,cm,kg,,,,,,,,goods,1,,,Active,Tube(s),,520-160-020,,,,,NGN 62750.00,Cost of Goods Sold,,Inventory Asset,fifo,false,,,,,0.00,false,Inventory,true,true,true,160-Composites,520-Restorative,,,,,,,,,,,
5583220000004949364,2025-10-21 11:50:01,2026-01-29 17:25:47,CHILDRENS DENTAL ACTIVITY FUN BOOK,,NGN 1500.00,Sales,true,YOUNG INNOVATIONS,PLAK SMACKER,0.00,0.00,0.00,0.00,cm,kg,,,,,,,,goods,1,,,Active,Each,,440-120-001,,,,,NGN 1088.90,Cost of Goods Sold,,Inventory Asset,fifo,false,,,,,12.00,false,Inventory,true,true,true,120-Children,440-Patient Giveaways,,,,,,,,,,,
5583220000005041001,2025-10-30 09:39:19,2026-01-29 17:11:04,4 SERIES SULCUS FORMER,,NGN 111700.00,Sales,true,Bicon,BICON,0.00,0.00,0.00,0.00,cm,kg,,,,,,,,goods,1,,,Active,Pack(s),,340-130-003,,,,,NGN 82715.43,Cost of Goods Sold,,Inventory Asset,fifo,false,,,,,0.00,false,Inventory,true,true,true,130-Implant Instruments,340-Instruments,,,,,,,,,,,
5583220000005041012,2025-10-30 09:40:42,2026-01-29 17:06:54,3.0MM DIGITAL IMPLANT ANALOG KIT,,NGN 104300.00,Sales,true,Bicon,BICON,0.00,0.00,0.00,0.00,cm,kg,,,,,,,,goods,1,,,Active,Pack(s),,320-150-005,,,,,NGN 77231.96,Cost of Goods Sold,,Inventory Asset,fifo,false,,,,,0.00,false,Inventory,true,true,true,150-Surgical Kits,320-Implantology,,,,,,,,,,,
5583220000005041023,2025-10-30 09:41:49,2026-01-29 17:04:16,3.0MM TITANIUM IMPRESSION POST & SLEEVE,,NGN 73000.00,Sales,true,Bicon,BICON,0.00,0.00,0.00,0.00,cm,kg,,,,,,,,goods,1,,,Active,Pack(s),,320-120-001,,,,,NGN 54062.37,Cost of Goods Sold,,Inventory Asset,fifo,false,,,,,0.00,false,Inventory,true,true,true,120-Implant Sleeves & Wells,320-Implantology,,,,,,,,,,,
5583220000005072287,2025-11-06 10:14:38,2026-01-29 08:52:06,REPAIR OF HANDPIECE WATER DISPENSER LEAKAGE,,NGN 7500.00,Sales,false,,,0.00,0.00,0.00,0.00,cm,kg,false,,,,,,,service,1,,,Active,Each,,560-120-014,,,,,NGN 4000.00,Cost of Goods Sold,,Inventory Asset,,false,,,,,,false,Sales and Purchases,true,true,false,120-Equipment Repairs,560-Services,,,,,,,,,,,
5583220000005072617,2025-11-06 10:33:52,2026-01-29 08:52:05,REPAIR OF ROTOR FOR HANDPIECE,,NGN 15000.00,Sales,false,,,0.00,0.00,0.00,0.00,cm,kg,false,,,,,,,service,1,,,Active,Each,,560-120-015,,,,,NGN 10000.00,Cost of Goods Sold,,Inventory Asset,,false,,,,,,false,Sales and Purchases,true,true,false,120-Equipment Repairs,560-Services,,,,,,,,,,,
5583220000005130628,2025-11-10 09:21:57,2026-01-29 08:52:09,LOANING OF BICON IMPLANT KIT,,NGN 250000.00,Sales,false,Bicon,BICON,0.00,0.00,0.00,0.00,cm,kg,false,,,,,,,service,1,,,Active,Each,,560-110-005,,,,,NGN 200000.00,Cost of Goods Sold,,Inventory Asset,,false,,,,,,false,Sales and Purchases,true,true,false,110-Consultation,560-Services,,,,,,,,,,,
5583220000005130639,2025-11-10 09:23:04,2026-01-29 08:49:59,DOCTOR'S SUPERVISION FEE,,NGN 120000.00,Sales,false,,,0.00,0.00,0.00,0.00,cm,kg,false,,,,,,,service,1,,,Active,Each,,560-130-002,,,,,NGN 100000.00,Cost of Goods Sold,,Inventory Asset,,false,,,,,,false,Sales and Purchases,true,true,false,130-Support,560-Services,,,,,,,,,,,
5583220000005172300,2025-11-12 13:59:38,2026-01-29 08:50:59,DENTAL MAT DEVELOPER & FIXER (500ML),,NGN 62400.00,Sales,true,Dentamat,DENTAMAT,0.00,0.00,0.00,0.00,cm,kg,,,,,,,,goods,1,,,Active,Set,,500-110-005,,,,,NGN 46166.67,Cost of Goods Sold,,Inventory Asset,fifo,false,,,,,2.00,false,Inventory,true,true,true,110-Developer & Fixer,500-Radiography Supplies,,,,,,,,,,,
5583220000005332224,2025-11-18 13:08:37,2026-01-29 16:47:51,PROTECTIVE EYE GOOGLE- GREEN,,NGN 9450.00,Sales,true,,,0.00,0.00,0.00,0.00,cm,kg,,,,,,,,goods,1,,,Active,Each,,200-110-011,,,,,NGN 7000.00,Cost of Goods Sold,,Inventory Asset,fifo,false,,,,,0.00,false,Inventory,true,true,true,110-Barrier Products,200-Disposable Products,,,,,,,,,,,
5583220000005356019,2025-11-19 08:34:46,2026-01-29 16:47:53,PROTECTIVE GOOGLE- RED,,NGN 10125.00,Sales,true,,,0.00,0.00,0.00,0.00,cm,kg,,,,,,,,goods,1,,,Active,Each,,200-110-012,,,,,NGN 7500.00,Cost of Goods Sold,,Inventory Asset,fifo,false,,,,,0.00,false,Inventory,true,true,true,110-Barrier Products,200-Disposable Products,,,,,,,,,,,
5583220000005375001,2025-11-20 08:26:29,2026-01-29 17:12:23,UNODENT SCALER TIPS NP3 N53,,NGN 80000.00,Sales,true,UnoDent,UNODENT,0.00,0.00,0.00,0.00,cm,kg,,,,,,,,goods,1,,,Active,Each,,340-170-026,,,,,NGN 50000.00,Cost of Goods Sold,,Inventory Asset,fifo,false,,,,,3.00,false,Inventory,true,true,true,170-Periodontal Instruments,340-Instruments,,,,,,,,,,,
5583220000005375038,2025-11-20 08:32:23,2026-01-29 16:54:12,FALCON K-FILES #40 (25MM),,NGN 28750.00,Sales,true,,,0.00,0.00,0.00,0.00,cm,kg,,,,,,,,goods,1,,,Active,Pack(s),,260-150-003,,,,,NGN 0.00,Cost of Goods Sold,,Inventory Asset,fifo,false,,,,,3.00,false,Inventory,true,true,true,150-Files & Reamers,260-Endodontics,,,,,,,,,,,
5583220000005375049,2025-11-20 08:35:34,2026-01-29 08:58:07,SCREW WIRETENTION BORE #1006C14,,NGN 20000.00,Sales,true,,,0.00,0.00,0.00,0.00,cm,kg,,,,,,,,goods,1,,,Active,Pack(s),,420-110-011,,,,,NGN 7353.99,Cost of Goods Sold,,Inventory Asset,fifo,false,,,,,1.00,false,Inventory,true,true,true,110-Accessories,420-Orthodontics,,,,,,,,,,,
5583220000005433271,2025-11-26 09:48:38,2026-01-29 17:02:47,BAMBI COMPRESSOR VT75 OIL FREE LOW NOISE 0.75HP 24L RECEIVER (SINGLE SURGERY),,NGN 4190000.00,Sales,true,Bambi,BAMBI,0.00,0.00,0.00,0.00,cm,kg,,,,,,,,goods,1,,,Active,Each,,280-140-008,,,,,NGN 3000000.00,Cost of Goods Sold,,Inventory Asset,fifo,false,,,,,0.00,false,Inventory,true,true,true,140-Small Equipment,280-Equipment,,,,,,,,,,,
5583220000005433282,2025-11-26 09:52:30,2026-01-29 17:02:39,BAMBI COMPREESOR VT150 OIL FREE ULTRA LOW NOISE 1.5HP 50L RECEIVER (2-3 SURGERIES),,NGN 4935000.00,Sales,true,Bambi,BAMBI,0.00,0.00,0.00,0.00,cm,kg,,,,,,,,goods,1,,,Active,Each,,280-140-005,,,,,NGN 3650000.00,Cost of Goods Sold,,Inventory Asset,fifo,false,,,,,0.00,false,Inventory,true,true,true,140-Small Equipment,280-Equipment,,,,,,,,,,,
5583220000005434363,2025-11-26 12:22:33,2026-01-29 17:24:23,PIECE OF STAMP,,NGN 0.00,,false,,,0.00,0.00,0.00,0.00,,,,,,,,,,goods,1,,,Active,,,400-130-015,,,,,NGN 20000.00,Printing & Stationeries,,,,false,,,,,,false,Purchases,false,true,false,130-Stationery,400-Office Products,,,,,,,,,,,
5583220000005434374,2025-11-26 12:24:07,2026-01-29 17:24:21,PIECE OF I.D. CARD WITH CLIP AND HOLDER,,NGN 0.00,,false,,,0.00,0.00,0.00,0.00,,,,,,,,,,goods,1,,,Active,,,400-130-014,,,,,NGN 10000.00,Printing & Stationeries,,,,false,,,,,,false,Purchases,false,true,false,130-Stationery,400-Office Products,,,,,,,,,,,
5583220000005515982,2025-12-03 13:03:13,2026-01-29 17:15:30,ROOT ELEVATOR LUSSATORE 4MM (STRAIGHT),,NGN 43800.00,Sales,true,Medesy,MEDESY,0.00,0.00,0.00,0.00,cm,kg,,,,,,,,goods,1,,,Active,Each,,340-190-066,,,,,NGN 32387.88,Cost of Goods Sold,,Inventory Asset,fifo,false,,,,,2.00,false,Inventory,true,true,true,190-Surgical Instruments,340-Instruments,,,,,,,,,,,
5583220000005504635,2025-12-03 13:52:12,2026-01-29 17:03:01,BPB1002A START RELAY TYPE,,NGN 0.00,Sales,true,,,0.00,0.00,0.00,0.00,cm,kg,,,,,,,,goods,1,,,Active,pcs,Pieces,280-140-014,,,,,NGN 167200.00,Cost of Goods Sold,,Inventory Asset,fifo,false,,,,,1.00,false,Inventory,true,true,true,140-Small Equipment,280-Equipment,,,,,,,,,,,
5583220000005524096,2025-12-03 14:51:25,2026-01-29 17:18:12,ISO-PROPHYL ALCOHOL,,NGN 54000.00,Sales,true,MOLYCHEM INDIA LLP,MOLYCHEM INDIA LLP,0.00,0.00,0.00,0.00,cm,kg,,,,,,,,goods,1,,,Active,Keg(s),,360-120-004,,,,,NGN 40000.00,Cost of Goods Sold,,Inventory Asset,fifo,false,,,,,0.00,false,Inventory,true,true,true,120-Cleaning Chemicals,360-Janitorial Supplies,,,,,,,,,,,
5583220000005504722,2025-12-05 12:15:25,2026-01-29 17:04:30,4.5*6.0MM BRASS IMPLANT 3.0MM,,NGN 0.00,Sales,false,,,0.00,0.00,0.00,0.00,cm,kg,,,,,,,,goods,1,,,Active,PCS,,320-120-007,,,,,NGN 0.00,Cost of Goods Sold,,Inventory Asset,fifo,false,,,,,0.00,false,Inventory,true,true,true,120-Implant Sleeves & Wells,320-Implantology,,,,,,,,,,,
5583220000005504757,2025-12-05 12:18:59,2026-01-29 17:23:47,PRODUCT CATALOG,,NGN 0.00,Sales,false,,,0.00,0.00,0.00,0.00,cm,kg,,,,,,,,goods,1,,,Active,PCS,,400-120-005,,,,,NGN 0.00,Cost of Goods Sold,,Inventory Asset,fifo,false,,,,,0.00,false,Inventory,true,true,true,120-Promotional Items,400-Office Products,,,,,,,,,,,
5583220000005538001,2025-12-05 12:40:09,2026-01-29 17:05:15,3.0MM IMPRESSION KIT,,NGN 73400.00,Sales,true,Bicon,BICON,0.00,0.00,0.00,0.00,cm,kg,,,,,,,,goods,1,,,Active,PACK,,320-120-024,,,,,NGN 53747.10,Cost of Goods Sold,,Inventory Asset,fifo,false,,,,,0.00,false,Inventory,true,true,true,120-Implant Sleeves & Wells,320-Implantology,,,,,,,,,,,
5583220000005538012,2025-12-05 12:41:12,2026-01-29 17:05:11,2.5MM IMPRESSION KIT,,NGN 73400.00,Sales,true,Bicon,BICON,0.00,0.00,0.00,0.00,cm,kg,,,,,,,,goods,1,,,Active,PACK,,320-120-023,,,,,NGN 53747.10,Cost of Goods Sold,,Inventory Asset,fifo,false,,,,,0.00,false,Inventory,true,true,true,120-Implant Sleeves & Wells,320-Implantology,,https://store.bicon.com/prosthetics/,,,,,,,,,
5583220000005540722,2025-12-05 14:19:17,2026-01-29 08:52:06,REPAIR CHARGES,,NGN 28000.00,Sales,false,,,0.00,0.00,0.00,0.00,cm,kg,false,,,,,,,service,1,,,Active,Each,,560-120-012,,,,,NGN 20000.00,Cost of Goods Sold,,Inventory Asset,,false,,,,,,false,Sales and Purchases,true,true,false,120-Equipment Repairs,560-Services,,,,,,,,,,,
5583220000005563216,2025-12-09 10:49:39,2026-01-29 17:30:47,TEPE ANGLE INTERDENTAL BRUSH ASSORTED (6/PK),"TePe Angle™ is designed to clean the gaps between the teeth, where a regular toothbrush is unable to reach. This interdental brush has a long handle and an angled head for easier access between the back teeth. Use daily to keep gums and teeth healthy and fresh. TePe Angle™ Interdental Brushes come in 6 colour coded siz",NGN 9200.00,Sales,true,Tepe,TEPE,0.00,0.00,0.00,0.00,cm,kg,,,,,,,,goods,1,,,Active,Pack(s),,480-150-057,,,,7350121257795,NGN 6741.40,Cost of Goods Sold,,Inventory Asset,fifo,false,,,,,3.00,false,Inventory,true,true,true,150-Toothbrushes & Tongue Cleaners,480-Preventive Products,,https://tepedirect.com/products/tepe-interdental-brushes-angle,Queue for Upload,,,,,,,,
5583220000005563227,2025-12-09 10:54:25,2026-01-29 17:17:47,UNIROSE PERITOME PT2 SILICONE HANDLE ANTERIOR ORANGE,,NGN 25300.00,Sales,true,,,0.00,0.00,0.00,0.00,cm,kg,,,,,,,,goods,1,,,Active,Each,,340-190-121,,,,,NGN 18670.12,Cost of Goods Sold,,Inventory Asset,fifo,false,,,,,2.00,false,Inventory,true,true,true,190-Surgical Instruments,340-Instruments,,,,,,,,,,,
5583220000005563240,2025-12-09 11:02:09,2026-01-29 08:58:05,FIXODENT PLUS UNBEATABLE BITE 40G,,NGN 8400.00,Sales,true,Procter and Gamble,PROCTER & GAMBLE UK,0.00,0.00,0.00,0.00,cm,kg,,,,,,,,goods,1,,,Active,Tube(s),,420-110-025,,,,,NGN 6159.69,Cost of Goods Sold,,Inventory Asset,fifo,false,,,,,34.00,false,Inventory,true,true,true,110-Accessories,420-Orthodontics,,,,,,,,,,,
5583220000005563251,2025-12-09 11:05:04,2026-01-29 17:22:56,UNODENT IMPREP 2 AC IMPRESSION MATERIAL WASH- NORMAL SET- LIGHT BODY (CORAL) (2 X 50ML),,NGN 80900.00,Sales,true,UnoDent,UNODENT,0.00,0.00,0.00,0.00,cm,kg,,,,,,,,goods,1,,,Active,Pack(s),,380-160-016,,,,,NGN 59874.59,Cost of Goods Sold,,Inventory Asset,fifo,false,,,,,5.00,false,Inventory,true,true,true,160-Impression Materials,380-Lab Products,,,,,,,,,,,
5583220000005563262,2025-12-09 11:09:50,2026-01-29 17:22:52,UNODENT IMPREP 2 AC IMPRESSION MATERIAL PUTTY- SOFT NORMAL SET (GREEN) (2 X 300ML),,NGN 64400.00,Sales,true,UnoDent,UNODENT,0.00,0.00,0.00,0.00,cm,kg,,,,,,,,goods,1,,,Active,Pack(s),,380-160-015,,,,,NGN 47651.86,Cost of Goods Sold,,Inventory Asset,fifo,false,,,,,10.00,false,Inventory,true,true,true,160-Impression Materials,380-Lab Products,,,,,,,,,,,
5583220000005563273,2025-12-09 12:42:40,2026-01-29 08:45:40,UNODENT STERILISATION POUCHES 250 X 370MM (9.8 x 14.6) (200PK),,NGN 63400.00,Sales,true,UnoDent,UNODENT,0.00,0.00,0.00,0.00,cm,kg,,,,,,,,goods,1,,,Active,Pack(s),,580-130-008,,,,,NGN 46916.82,Cost of Goods Sold,,Inventory Asset,fifo,false,,,,,10.00,false,Inventory,true,true,true,130-Sterilization Pouches,580-Sterilisation,,,,,,,,,,,
5583220000005563366,2025-12-09 12:45:44,2026-01-29 17:09:59,UNODENT LARGE CODE RINGS ORANGE,,NGN 22400.00,Sales,true,UnoDent,UNODENT,0.00,0.00,0.00,0.00,cm,kg,,,,,,,,goods,1,,,Active,Pack(s),,340-110-058,,,,,NGN 16522.10,Cost of Goods Sold,,Inventory Asset,fifo,false,,,,,5.00,false,Inventory,true,true,true,110-Accessories,340-Instruments,,,,,,,,,,,
5583220000005569010,2025-12-10 09:21:06,2026-01-29 17:13:55,EXTRACTION FORCEPS AUTOCLAVABLE MOLARS UPPER/LOWER (UNODENT),DFO530 : Extraction Forceps  Autoclavable Molars  Upper  Lower,NGN 101400.00,Sales,true,UnoDent,UNODENT,0.00,0.00,0.00,0.00,cm,kg,,,,,,,,goods,1,,,Active,Each,,340-190-025,,,,,NGN 75072.12,Cost of Goods Sold,,Inventory Asset,fifo,false,,,,,2.00,false,Inventory,true,true,true,190-Surgical Instruments,340-Instruments,,https://www.ddgroup.com/hand-instruments/extraction-forceps/dfo530--extraction-forceps--autoclavable-molars--upper--lower/,Queue for Upload,,,,,,,,
5583220000005575434,2025-12-10 13:05:43,2026-01-29 08:45:39,UNODENT STERILISATION POUCHES 57 X 95MM (2.25 x 3.7) (200/PK),,NGN 14800.00,Sales,true,UnoDent,UNODENT,0.00,0.00,0.00,0.00,cm,kg,,,,,,,,goods,1,,,Active,Pack(s),,580-130-009,,,,,NGN 10920.66,Cost of Goods Sold,,Inventory Asset,fifo,false,,,,,10.00,false,Inventory,true,true,true,130-Sterilization Pouches,580-Sterilisation,,,,,,,,,,,
5583220000005575738,2025-12-10 15:30:12,2026-01-29 08:45:39,UNODENT STERILISATION POUCHES 70 X 230MM (2.75 x 9) (200/PK),,NGN 25500.00,Sales,true,UnoDent,UNODENT,0.00,0.00,0.00,0.00,cm,kg,,,,,,,,goods,1,,,Active,Pack(s),,580-130-010,,,,,NGN 18817.13,Cost of Goods Sold,,Inventory Asset,fifo,false,,,,,50.00,false,Inventory,true,true,true,130-Sterilization Pouches,580-Sterilisation,,,,,,,,,,,
5583220000005575749,2025-12-10 15:31:42,2026-01-29 17:30:26,TEPE DAILY TOOTHPASTE 75ML KIDS,"TePe Daily Kids™ Toothpaste is a gentle everyday fluoride toothpaste for kids to help with cavity prevention. The toothpaste is made with a few and carefully selected ingredients in collaboration with dental experts, specifically for children between 3 and 6 years of age. It’s a children’s toothpaste without sodium lau",NGN 5700.00,Sales,true,Tepe,TEPE,0.00,0.00,0.00,0.00,cm,kg,,,,,,,,goods,1,,,Active,Tube,,480-150-049,,,,7350121253575,NGN 4172.50,Cost of Goods Sold,,Inventory Asset,fifo,false,,,,,20.00,false,Inventory,true,true,true,150-Toothbrushes & Tongue Cleaners,480-Preventive Products,,https://tepedirect.com/products/tepe-daily-kids-toothpaste,Queue for Upload,,,,,,,,
5583220000005575762,2025-12-10 15:56:52,2026-01-29 16:59:09,EURONDA MONOART SALIVA EJECTORS CLEAR DIAMETER 6.5MM LENGTH 12.5CM,,NGN 8500.00,Sales,true,Euronda,EURONDA,0.00,0.00,0.00,0.00,cm,kg,,,,,,,,goods,1,,,Active,Pack(s),,280-110-027,,,,,NGN 6195.37,Cost of Goods Sold,,Inventory Asset,fifo,false,,,,,24.00,false,Inventory,true,true,true,110-Dental Units & Accessories,280-Equipment,,,,,,,,,,,
5583220000005575773,2025-12-10 15:58:39,2026-01-29 09:03:08,COLGATE KIDS BATTERY TOOTHBRUSH SPIDER MAN,"The Colgate Kids Advanced Cavity Fighter* Battery Toothbrush is the **next-generation replacement for the hum Kids Battery Powered Toothbrush**, offering the same fun, effective cleaning power with **enhanced cavity-fighting benefits**. Designed for kids ages 6 and up, this battery-powered toothbrush **removes 5x more plaque along the gum line** than a manual toothbrush, helping to fight the root cause** of cavities, plaque buildup, and bad breath. Like the previous model, this Colgate kids electric toothbrush **comes with a replaceable soft toothbrush head** and 1 AA battery included for easy, long-lasting use. Parents and kids who loved the hum Kids Battery Powered Toothbrush can now enjoy the Colgate Kids Advanced Cavity Fighter, built to keep little smiles healthy, bright, and cavity-free. *when used with Colgate Cavity Protection toothpaste **caused by bacteria",NGN 26100.00,Sales,true,Colgate,COLGATE,0.00,0.00,0.00,0.00,cm,kg,,,,,,,,goods,1,,,Active,Each,,480-150-031,,,,,NGN 19282.56,Cost of Goods Sold,,Inventory Asset,fifo,false,,,,,30.00,false,Inventory,true,true,true,150-Toothbrushes & Tongue Cleaners,480-Preventive Products,,https://shop.colgate.com/products/colgate-unicorn-kids-toothbrush-gift-set-with-toothpaste-4-piece-set?bvstate=pg:5/ct:r&srsltid=AfmBOoqgpQnYbqddT7WMkPGk_TBuVmh_sQcYDvcE9KQWf2hUp7avx4JV,,,,,,,,,
5583220000005575784,2025-12-10 15:59:40,2026-01-29 09:03:08,COLGATE KIDS BATTERY TOOTHBRUSH MINIONS,The Colgate Kids Minions Battery Toothbrush provides a great clean made fun.,NGN 23500.00,Sales,true,Colgate,COLGATE,0.00,0.00,0.00,0.00,cm,kg,,,,,,,,goods,1,,,Active,Each,,480-150-030,,,,,NGN 17399.64,Cost of Goods Sold,,Inventory Asset,fifo,false,,,,,30.00,false,Inventory,true,true,true,150-Toothbrushes & Tongue Cleaners,480-Preventive Products,,https://www.colgate.com/en-us/products/toothbrush/kd-minions-battery,,,,,,,,,
5583220000005575797,2025-12-10 16:02:35,2026-01-29 08:56:49,3M CAVIT PINK- TEMPORARY FILLING MATERIAL TUBES (10 X 7G),,NGN 112900.00,Sales,true,3M ESPE,3M ESPE,0.00,0.00,0.00,0.00,cm,kg,,,,,,,,goods,1,,,Active,Tube(s),,520-210-002,,,,,NGN 83627.02,Cost of Goods Sold,,Inventory Asset,fifo,false,,,,,3.00,false,Inventory,true,true,true,210-Temporary Filling Materials,520-Restorative,,,,,,,,,,,
5583220000005598825,2025-12-12 10:10:23,2026-01-29 08:51:01,CARESTREAM DENTAL READYMATIC DEVELOPER & REPLENISHER (5LTRS),,NGN 55500.00,Sales,true,Carestream dental,CARESTREAM,0.00,0.00,0.00,0.00,cm,kg,,,,,,,,goods,1,,,Active,Keg(s),,500-110-001,,,,,NGN 41088.68,Cost of Goods Sold,,Inventory Asset,fifo,false,,,,,3.00,false,Inventory,true,true,true,110-Developer & Fixer,500-Radiography Supplies,,,,,,,,,,,
5583220000005598836,2025-12-12 10:11:32,2026-01-29 08:51:00,CARESTREAM DENTAL READYMATIC FIXER & REPLENISHER (5LTRS),,NGN 55500.00,Sales,true,Carestream dental,CARESTREAM,0.00,0.00,0.00,0.00,cm,kg,,,,,,,,goods,1,,,Active,Keg(s),,500-110-002,,,,,NGN 41088.68,Cost of Goods Sold,,Inventory Asset,fifo,false,,,,,3.00,false,Inventory,true,true,true,110-Developer & Fixer,500-Radiography Supplies,,,,,,,,,,,
5583220000005598929,2025-12-12 10:34:05,2026-01-29 09:01:12,UNODENT UNOCORE DC CORE BUILD UP (10G),,NGN 120900.00,Sales,true,UnoDent,UNODENT,0.00,0.00,0.00,0.00,cm,kg,,,,,,,,goods,1,,,Active,Pack(s),,520-160-031,,,,,NGN 89507.37,Cost of Goods Sold,,Inventory Asset,fifo,false,,,,,2.00,false,Inventory,true,true,true,160-Composites,520-Restorative,,,,,,,,,,,
5583220000005598984,2025-12-12 10:41:05,2026-01-29 09:03:06,ORAL-B CARS/PRINCESS TOOTHBRUSH (3-5 YEAR),,NGN 3800.00,Sales,true,Oral-B,ORAL-B,0.00,0.00,0.00,0.00,cm,kg,,,,,,,,goods,1,,,Active,Each,,480-150-041,,,,,NGN 1585.11,Cost of Goods Sold,,Inventory Asset,fifo,false,,,,,36.00,false,Inventory,true,true,true,150-Toothbrushes & Tongue Cleaners,480-Preventive Products,,,,,,,,,,,
5583220000005602077,2025-12-12 10:53:20,2026-01-29 16:48:06,"UNODENT WRAP AROUND BLUE FILM (1,200/ROLL)",,NGN 42500.00,Sales,true,UnoDent,UNODENT,0.00,0.00,0.00,0.00,cm,kg,,,,,,,,goods,1,,,Active,Roll,,200-110-016,,,,,NGN 31480.68,Cost of Goods Sold,,Inventory Asset,fifo,false,,,,,30.00,false,Inventory,true,true,true,110-Barrier Products,200-Disposable Products,,,,,,,,,,,
5583220000005668643,2025-12-17 16:37:26,2026-01-29 17:18:07,ALPROJET DD CONCENTRATE,,NGN 94000.00,Sales,true,ALPRO,ALPRO,0.00,0.00,0.00,0.00,cm,kg,,,,,,,,goods,1,,,Active,Keg(s),,360-120-002,,,,,NGN 69402.76,Cost of Goods Sold,,Inventory Asset,fifo,false,,,,,4.00,false,Inventory,true,true,true,120-Cleaning Chemicals,360-Janitorial Supplies,,,,,,,,,,,
5583220000005686703,2025-12-19 11:13:51,2026-01-29 17:00:20,SECTIONAL UNIDIRECTIONAL SCREWS,,NGN 11700.00,Sales,true,SMILEVILLE ORTHO-DENTAL,SMILEVILLE ORTHO-DENTAL LTD.,0.00,0.00,0.00,0.00,cm,kg,,,,,,,,goods,1,,,Active,Pack(s),,280-110-056,,,,,NGN 8660.00,Cost of Goods Sold,,Inventory Asset,fifo,false,,,,,0.00,false,Inventory,true,true,true,110-Dental Units & Accessories,280-Equipment,,,,,,,,,,,
5583220000005686714,2025-12-19 11:17:11,2026-01-29 08:58:09,EXPANSION SCREWS- MAXI 7.5MM,,NGN 12300.00,Sales,true,SMILEVILLE ORTHO-DENTAL,SMILEVILLE ORTHO-DENTAL LTD.,0.00,0.00,0.00,0.00,cm,kg,,,,,,,,goods,1,,,Active,Each,,420-110-004,,,,,NGN 9060.00,Cost of Goods Sold,,Inventory Asset,fifo,false,,,,,0.00,false,Inventory,true,true,true,110-Accessories,420-Orthodontics,,,,,,,,,,,
5583220000005686725,2025-12-19 11:18:11,2026-01-29 08:58:08,EXPANSION SCREWS- MEDIUM 7.5MM,,NGN 9600.00,Sales,true,SMILEVILLE ORTHO-DENTAL,SMILEVILLE ORTHO-DENTAL LTD.,0.00,0.00,0.00,0.00,cm,kg,,,,,,,,goods,1,,,Active,Each,,420-110-005,,,,,NGN 7060.00,Cost of Goods Sold,,Inventory Asset,fifo,false,,,,,0.00,false,Inventory,true,true,true,110-Accessories,420-Orthodontics,,,,,,,,,,,
5583220000005686736,2025-12-19 11:24:02,2026-01-29 08:58:08,EXPANSION SCREWS- Mini 6.5MM,,NGN 9600.00,Sales,true,SMILEVILLE ORTHO-DENTAL,SMILEVILLE ORTHO-DENTAL LTD.,0.00,0.00,0.00,0.00,cm,kg,,,,,,,,goods,1,,,Active,Each,,420-110-007,,,,,NGN 7060.00,Cost of Goods Sold,,Inventory Asset,fifo,false,,,,,0.00,false,Inventory,true,true,true,110-Accessories,420-Orthodontics,,,,,,,,,,,
5583220000005690463,2025-12-19 15:10:19,2026-01-29 17:14:56,ROOT ELEVATOR CRYER 12MM LEFT,,NGN 101300.00,Sales,true,Medesy,MEDESY,0.00,0.00,0.00,0.00,cm,kg,,,,,,,,goods,1,,,Active,pcs,Pieces,340-190-052,,,,,NGN 74977.43,Cost of Goods Sold,,Inventory Asset,fifo,false,,,,,3.00,false,Inventory,true,true,true,190-Surgical Instruments,340-Instruments,Pieces,,,,,,,,,,
5583220000005707331,2025-12-23 11:37:31,2026-01-29 17:02:26,WET AND DRY MILLING MACHINE FOR W5,,NGN 47127000.00,Sales,true,DEPRAG,DEPRAG,0.00,0.00,0.00,0.00,cm,kg,,,,,,,,goods,1,,,Active,Each,,280-130-009,,,,,NGN 34908856.85,Cost of Goods Sold,,Inventory Asset,fifo,false,,,,,0.00,false,Inventory,true,true,true,130-Lab Equipment,280-Equipment,,,,,,,,,,,
5583220000005707342,2025-12-23 11:39:38,2026-01-29 17:02:36,CHILLER FOR W5,,NGN 0.00,Sales,true,DEPRAG,DEPRAG,0.00,0.00,0.00,0.00,cm,kg,,,,,,,,goods,1,,,Active,Each,,280-140-004,,,,,NGN 0.00,Cost of Goods Sold,,Inventory Asset,fifo,false,,,,,0.00,false,Inventory,true,true,true,140-Small Equipment,280-Equipment,,,,,,,,,,,
5583220000005707365,2025-12-23 11:41:17,2026-01-29 17:04:06,BASE CABINET FOR W5,,NGN 0.00,Sales,true,DEPRAG,DEPRAG,0.00,0.00,0.00,0.00,cm,kg,,,,,,,,goods,1,,,Active,Each,,300-110-001,,,,,NGN 0.00,Cost of Goods Sold,,Inventory Asset,fifo,false,,,,,0.00,false,Inventory,true,true,true,110-Cabinetry,300-Furniture,,,,,,,,,,,
5583220000005707376,2025-12-23 11:43:06,2026-01-29 17:02:32,AIR COMPRESSOR (YY-1500*2-100),,NGN 4340700.00,Sales,true,DEPRAG,DEPRAG,0.00,0.00,0.00,0.00,cm,kg,,,,,,,,goods,1,,,Active,Each,,280-140-003,,,,,NGN 4340640.75,Cost of Goods Sold,,Inventory Asset,fifo,false,,,,,0.00,false,Inventory,true,true,true,140-Small Equipment,280-Equipment,,,,,,,,,,,
5583220000005707393,2025-12-23 11:45:00,2026-01-29 17:03:16,VACUUM CLEANER (V9),,NGN 1612300.00,Sales,true,DEPRAG,DEPRAG,0.00,0.00,0.00,0.00,cm,kg,,,,,,,,goods,1,,,Active,Each,,280-140-020,,,,,NGN 1194250.37,Cost of Goods Sold,,Inventory Asset,fifo,false,,,,,0.00,false,Inventory,true,true,true,140-Small Equipment,280-Equipment,,,,,,,,,,,
5583220000005707404,2025-12-23 11:46:46,2026-01-29 17:03:28,CAM SOFTWARE (MILLBOX-W5-EXP),,NGN 11161700.00,Sales,true,DEPRAG,DEPRAG,0.00,0.00,0.00,0.00,cm,kg,,,,,,,,goods,1,,,Active,Each,,280-150-001,,,,,NGN 8267887.15,Cost of Goods Sold,,Inventory Asset,fifo,false,,,,,0.00,false,Inventory,true,true,true,150-Software,280-Equipment,,,,,,,,,,,
5583220000005707415,2025-12-23 11:48:58,2026-01-29 17:02:22,SINTERING FURNACE (S7/SiC-J),,NGN 10541600.00,Sales,true,DEPRAG,DEPRAG,0.00,0.00,0.00,0.00,cm,kg,,,,,,,,goods,1,,,Active,Each,,280-130-007,,,,,NGN 7808560.09,Cost of Goods Sold,,Inventory Asset,fifo,false,,,,,0.00,false,Inventory,true,true,true,130-Lab Equipment,280-Equipment,,,,,,,,,,,
5583220000005707444,2025-12-23 11:52:04,2026-01-29 17:20:00,STAIN & GLAZE (DILUTING LIQUID),,NGN 29800.00,Sales,true,DEPRAG,DEPRAG,0.00,0.00,0.00,0.00,cm,kg,,,,,,,,goods,1,,,Active,Each,,380-110-029,,,,,NGN 22047.70,Cost of Goods Sold,,Inventory Asset,fifo,false,,,,,0.00,false,Inventory,true,true,true,110-Accessories,380-Lab Products,,,,,,,,,,,
5583220000005707455,2025-12-23 12:03:38,2026-01-29 17:19:58,STAIN & GLAZE (AESTHETICS KIT),,NGN 905400.00,Sales,true,DEPRAG,DEPRAG,0.00,0.00,0.00,0.00,cm,kg,,,,,,,,goods,1,,,Active,Each,,380-110-028,,,,,NGN 670617.51,Cost of Goods Sold,,Inventory Asset,fifo,false,,,,,0.00,false,Inventory,true,true,true,110-Accessories,380-Lab Products,,,,,,,,,,,
5583220000005707466,2025-12-23 12:05:48,2026-01-29 17:20:02,STAIN & GLAZE (GUM KIT),,NGN 439100.00,Sales,true,DEPRAG,DEPRAG,0.00,0.00,0.00,0.00,cm,kg,,,,,,,,goods,1,,,Active,Each,,380-110-030,,,,,NGN 325203.56,Cost of Goods Sold,,Inventory Asset,fifo,false,,,,,0.00,false,Inventory,true,true,true,110-Accessories,380-Lab Products,,,,,,,,,,,
5583220000005707477,2025-12-23 12:24:08,2026-01-29 17:21:40,"ZIRCONIA BLOCK (3D PRO, 98*18MM, A1)",,NGN 148900.00,Sales,true,DEPRAG,DEPRAG,0.00,0.00,0.00,0.00,cm,kg,,,,,,,,goods,1,,,Active,Each,,380-122-002,,,,,NGN 110238.50,Cost of Goods Sold,,Inventory Asset,fifo,false,,,,,0.00,false,Inventory,true,true,true,122-Ceramics,380-Lab Products,,,,,,,,,,,
5583220000005707494,2025-12-23 12:34:07,2026-01-29 17:21:38,"ZIRCONIA BLOCK (3D PRO, 98*14MM, A2)",,NGN 120300.00,Sales,true,DEPRAG,DEPRAG,0.00,0.00,0.00,0.00,cm,kg,,,,,,,,goods,1,,,Active,Each,,380-122-001,,,,,NGN 89109.45,Cost of Goods Sold,,Inventory Asset,fifo,false,,,,,0.00,false,Inventory,true,true,true,122-Ceramics,380-Lab Products,,,,,,,,,,,
5583220000005707529,2025-12-23 13:58:51,2026-01-29 17:21:58,"ZIRCONIA BLOCK (ST-ML, 98*18MM, A2)",,NGN 110400.00,Sales,true,DEPRAG,DEPRAG,0.00,0.00,0.00,0.00,cm,kg,,,,,,,,goods,1,,,Active,Each,,380-122-009,,,,,NGN 81760.22,Cost of Goods Sold,,Inventory Asset,fifo,false,,,,,0.00,false,Inventory,true,true,true,122-Ceramics,380-Lab Products,,,,,,,,,,,
5583220000005707540,2025-12-23 14:01:15,2026-01-29 16:59:43,NO SECT TUB. L1400 C-U2 HD ASS (97230472),,NGN 471000.00,Sales,true,CEFLA,CEFLA,0.00,0.00,0.00,0.00,cm,kg,,,,,,,,goods,1,,,Active,Each,,280-110-041,,,,,NGN 348836.42,Cost of Goods Sold,,Inventory Asset,fifo,false,,,,,0.00,false,Inventory,true,true,true,110-Dental Units & Accessories,280-Equipment,,,,,,,,,,,
5583220000005707971,2025-12-23 14:15:44,2026-01-29 17:21:42,"ZIRCONIA BLOCK (3D PRO, 98*18MM, A3)",,NGN 148900.00,Sales,true,DEPRAG,DEPRAG,0.00,0.00,0.00,0.00,cm,kg,,,,,,,,goods,1,,,Active,Each,,380-122-003,,,,,NGN 110238.50,Cost of Goods Sold,,Inventory Asset,fifo,false,,,,,0.00,false,Inventory,true,true,true,122-Ceramics,380-Lab Products,,,,,,,,,,,
5583220000005707982,2025-12-23 14:28:14,2026-01-29 17:21:53,"ZIRCONIA BLOCK (ST-ML, 98*16MM, A3)",,NGN 98000.00,Sales,true,DEPRAG,DEPRAG,0.00,0.00,0.00,0.00,cm,kg,,,,,,,,goods,1,,,Active,Each,,380-122-007,,,,,NGN 72573.68,Cost of Goods Sold,,Inventory Asset,fifo,false,,,,,0.00,false,Inventory,true,true,true,122-Ceramics,380-Lab Products,,,,,,,,,,,
5583220000005707993,2025-12-23 14:29:51,2026-01-29 17:22:03,"ZIRCONIA BLOCK (ST-ML, 98*18MM, A4)",,NGN 110400.00,Sales,true,DEPRAG,DEPRAG,0.00,0.00,0.00,0.00,cm,kg,,,,,,,,goods,1,,,Active,Each,,380-122-011,,,,,NGN 81760.22,Cost of Goods Sold,,Inventory Asset,fifo,false,,,,,0.00,false,Inventory,true,true,true,122-Ceramics,380-Lab Products,,,,,,,,,,,
5583220000005716010,2025-12-23 14:31:28,2026-01-29 17:21:44,"ZIRCONIA BLOCK (3D PRO, 98*18MM, A3.5)",,NGN 148900.00,Sales,true,DEPRAG,DEPRAG,0.00,0.00,0.00,0.00,cm,kg,,,,,,,,goods,1,,,Active,Each,,380-122-004,,,,,NGN 110238.50,Cost of Goods Sold,,Inventory Asset,fifo,false,,,,,0.00,false,Inventory,true,true,true,122-Ceramics,380-Lab Products,,,,,,,,,,,
5583220000005716021,2025-12-23 14:32:55,2026-01-29 17:22:01,"ZIRCONIA BLOCK (ST-ML, 98*18MM, A3.5)",,NGN 110400.00,Sales,true,DEPRAG,DEPRAG,0.00,0.00,0.00,0.00,cm,kg,,,,,,,,goods,1,,,Active,Each,,380-122-010,,,,,NGN 81760.22,Cost of Goods Sold,,Inventory Asset,fifo,false,,,,,0.00,false,Inventory,true,true,true,122-Ceramics,380-Lab Products,,,,,,,,,,,
5583220000005716032,2025-12-23 14:33:50,2026-01-29 17:21:48,"ZIRCONIA BLOCK (3D PRO, 98*18MM, B1)",,NGN 148900.00,Sales,true,DEPRAG,DEPRAG,0.00,0.00,0.00,0.00,cm,kg,,,,,,,,goods,1,,,Active,Each,,380-122-005,,,,,NGN 110238.50,Cost of Goods Sold,,Inventory Asset,fifo,false,,,,,0.00,false,Inventory,true,true,true,122-Ceramics,380-Lab Products,,,,,,,,,,,
5583220000005716043,2025-12-23 14:34:57,2026-01-29 17:22:07,"ZIRCONIA BLOCK (ST-ML, 98*18MM, C1)",,NGN 110400.00,Sales,true,DEPRAG,DEPRAG,0.00,0.00,0.00,0.00,cm,kg,,,,,,,,goods,1,,,Active,Each,,380-122-012,,,,,NGN 81760.22,Cost of Goods Sold,,Inventory Asset,fifo,false,,,,,0.00,false,Inventory,true,true,true,122-Ceramics,380-Lab Products,,,,,,,,,,,
5583220000005716054,2025-12-23 14:35:59,2026-01-29 17:21:49,"ZIRCONIA BLOCK (3D PRO, 98*18MM, D3)",,NGN 148900.00,Sales,true,DEPRAG,DEPRAG,0.00,0.00,0.00,0.00,cm,kg,,,,,,,,goods,1,,,Active,Each,,380-122-006,,,,,NGN 110238.50,Cost of Goods Sold,,Inventory Asset,fifo,false,,,,,0.00,false,Inventory,true,true,true,122-Ceramics,380-Lab Products,,,,,,,,,,,
5583220000005716065,2025-12-23 14:37:11,2026-01-29 17:21:56,"ZIRCONIA BLOCK (ST-ML, 98*16MM, D3)",,NGN 98000.00,Sales,true,DEPRAG,DEPRAG,0.00,0.00,0.00,0.00,cm,kg,,,,,,,,goods,1,,,Active,Each,,380-122-008,,,,,NGN 72573.68,Cost of Goods Sold,,Inventory Asset,fifo,false,,,,,0.00,false,Inventory,true,true,true,122-Ceramics,380-Lab Products,,,,,,,,,,,
5583220000005716076,2025-12-23 14:38:00,2026-01-29 17:22:09,"ZIRCONIA BLOCK (ST-ML, 98*18MM, D3)",,NGN 110400.00,Sales,true,DEPRAG,DEPRAG,0.00,0.00,0.00,0.00,cm,kg,,,,,,,,goods,1,,,Active,Each,,380-122-013,,,,,NGN 81760.22,Cost of Goods Sold,,Inventory Asset,fifo,false,,,,,0.00,false,Inventory,true,true,true,122-Ceramics,380-Lab Products,,,,,,,,,,,
5583220000005716087,2025-12-23 14:39:02,2026-01-29 17:22:11,"ZIRCONIA BLOCK (ST-WHITE, 98*18MM)",,NGN 54600.00,Sales,true,DEPRAG,DEPRAG,0.00,0.00,0.00,0.00,cm,kg,,,,,,,,goods,1,,,Active,Each,,380-122-014,,,,,NGN 40420.78,Cost of Goods Sold,,Inventory Asset,fifo,false,,,,,0.00,false,Inventory,true,true,true,122-Ceramics,380-Lab Products,,,,,,,,,,,
5583220000005720692,2025-12-23 16:14:20,2026-01-29 17:03:11,ULTIMATE XL BENCH TOP TORQUE,,NGN 3634000.00,Sales,true,NSK AMERICA,NSK AMERICA,0.00,0.00,0.00,0.00,cm,kg,,,,,,,,goods,1,,,Active,Each,,280-140-018,,,,,NGN 2691782.31,Cost of Goods Sold,,Inventory Asset,fifo,false,,,,,0.00,false,Inventory,true,true,true,140-Small Equipment,280-Equipment,,,,,,,,,,,
5583220000005720741,2025-12-23 16:24:51,2026-01-29 17:20:49,BOIL OUT SOLUTION (GALLON),,NGN 137000.00,Sales,true,ADS,ADS,0.00,0.00,0.00,0.00,cm,kg,,,,,,,,goods,1,,,Active,Keg(s),,380-110-048,,,,,NGN 101407.59,Cost of Goods Sold,,Inventory Asset,fifo,false,,,,,0.00,false,Inventory,true,true,true,110-Accessories,380-Lab Products,,,,,,,,,,,
5583220000005720752,2025-12-23 16:28:13,2026-01-29 17:22:58,VIVID ELEGANCE PUTTY REGULAR SET,,NGN 130600.00,Sales,true,Vivid,VIVID,0.00,0.00,0.00,0.00,cm,kg,,,,,,,,goods,1,,,Active,Set,,380-160-017,,,,,NGN 96674.56,Cost of Goods Sold,,Inventory Asset,fifo,false,,,,,2.00,false,Inventory,true,true,true,160-Impression Materials,380-Lab Products,,,,,,,,,,,
5583220000005720763,2025-12-23 16:41:42,2026-01-29 17:02:24,VACUUM FORMER MACHINE,,NGN 438100.00,Sales,true,Pearson Dental,PEARSON DENTAL,0.00,0.00,0.00,0.00,cm,kg,,,,,,,,goods,1,,,Active,Each,,280-130-008,,,,,NGN 324464.00,Cost of Goods Sold,,Inventory Asset,fifo,false,,,,,0.00,false,Inventory,true,true,true,130-Lab Equipment,280-Equipment,,,,,,,,,,,
5583220000005720774,2025-12-23 16:47:29,2026-01-29 17:00:25,SENSIMATIC ELECTROSURGE D700SE,,NGN 4674400.00,Sales,true,PARKELL,PARKELL,0.00,0.00,0.00,0.00,cm,kg,,,,,,,,goods,1,,,Active,Each,,280-110-058,,,,,NGN 3462459.82,Cost of Goods Sold,,Inventory Asset,fifo,false,,,,,0.00,false,Inventory,true,true,true,110-Dental Units & Accessories,280-Equipment,,,,,,,,,,,
5583220000005720787,2025-12-23 16:51:26,2026-01-29 09:03:04,ACTIVA TIP AUTOMIX + LONG INTRAORAL (20),,NGN 82400.00,Sales,true,PULPDENT,PULPDENT,0.00,0.00,0.00,0.00,cm,kg,,,,,,,,goods,1,,,Active,pack,,520-160-001,,,,,NGN 60985.54,Cost of Goods Sold,,Inventory Asset,fifo,false,,,,,5.00,false,Inventory,true,true,true,160-Composites,520-Restorative,,,,,,,,,,,
5583220000005720800,2025-12-23 16:54:58,2026-01-29 17:22:50,TROPICALGIN ALGINATE FAST SET,,NGN 39900.00,Sales,true,Zhermack,ZHERMACK,0.00,0.00,0.00,0.00,cm,kg,,,,,,,,goods,1,,,Active,Pack(s),,380-160-014,,,,,NGN 29546.16,Cost of Goods Sold,,Inventory Asset,fifo,false,,,,,20.00,false,Inventory,true,true,true,160-Impression Materials,380-Lab Products,,,,,,,,,,,
5583220000005872336,2026-01-13 08:48:22,2026-01-29 08:52:09,"IMPLANT PROCEDURE D114: A DOCTOR, TWO CROWNS & LOANING OF AN IMPLANT KIT",,NGN 747600.00,Sales,false,Bicon,BICON,0.00,0.00,0.00,0.00,cm,kg,false,,,,,,,service,1,,,Active,Pack(s),,560-110-003,,,,,NGN 747600.00,Cost of Goods Sold,,Inventory Asset,,false,,,,,,false,Sales and Purchases,true,true,false,110-Consultation,560-Services,,,,,,,,,,,
5583220000006010003,2026-01-22 13:18:51,2026-01-29 17:02:41,BAMBI COMPRESSOR VT150 OIL FREE LOW NOISE 1.5HP 50 LITRE RECEIVER (2-3 SURGERIES),,NGN 4752000.00,Sales,true,Bambi,BAMBI,0.00,0.00,0.00,0.00,cm,kg,,,,,,,,goods,1,,,Active,Each,,280-140-006,,,,,NGN 3520000.00,Cost of Goods Sold,,Inventory Asset,fifo,false,,,,,0.00,false,Inventory,true,true,true,140-Small Equipment,280-Equipment,,,,,,,,,,,
5583220000006061316,2026-01-27 09:26:28,2026-01-29 08:52:09,"IMPLANT PROCEDURE D115: A DOCTOR, ONE CROWN & LOANING OF AN IMPLANT KIT",,NGN 580600.00,Income-Consultancy,false,Bicon,BICON,0.00,0.00,0.00,0.00,cm,kg,false,,,,,,,service,1,,,Active,Each,,560-110-004,,,,,NGN 580600.00,Cost of Goods Sold,,Inventory Asset,,false,,,,,,false,Sales and Purchases,true,true,false,110-Consultation,560-Services,,,,,,,,,,,
5583220000006072413,2026-01-27 11:06:20,2026-01-29 17:01:06,PIEZO 6 CASTELLINI SCALER (E) (95529098),,NGN 1703200.00,Sales,true,CEFLA,CEFLA,0.00,0.00,0.00,0.00,cm,kg,,,,,,,,goods,1,,,Active,Each,,280-110-075,,,,,NGN 1261591.42,Cost of Goods Sold,,Inventory Asset,fifo,false,,,,,0.00,false,Inventory,true,true,true,110-Dental Units & Accessories,280-Equipment,,,,,,,,,,,
